{
	"credit": "Made by CookiesNom with Blockbench",
	"parent": "hideaway:display_parents/back",
	"texture_size": [64, 64],
	"textures": {
		"0": "hideaway:hat/alchemist_cowl",
		"particle": "hideaway:hat/alchemist_cowl"
	},
	"elements": [
		{
			"from": [6, 9, 5],
			"to": [10, 13, 6],
			"rotation": {"angle": 0, "axis": "y", "origin": [0, 2, 0]},
			"faces": {
				"north": {"uv": [5.008, 11.008, 5.992, 11.992], "texture": "#0"},
				"east": {"uv": [8.008, 8.508, 8.242, 9.492], "texture": "#0"},
				"south": {"uv": [6.008, 11.008, 6.992, 11.992], "texture": "#0"},
				"west": {"uv": [11.258, 6.508, 11.492, 7.492], "texture": "#0"},
				"up": {"uv": [6.992, 5.992, 6.008, 5.758], "texture": "#0"},
				"down": {"uv": [7.992, 5.758, 7.008, 5.992], "texture": "#0"}
			}
		},
		{
			"from": [5.7, 8.7, 4.7],
			"to": [10.3, 13.3, 6.3],
			"rotation": {"angle": 0, "axis": "y", "origin": [0, 2, 0]},
			"faces": {
				"north": {"uv": [7.008, 11.008, 7.992, 11.992], "texture": "#0"},
				"east": {"uv": [0.008, 11.508, 0.242, 12.492], "texture": "#0"},
				"south": {"uv": [11.258, 5.508, 12.242, 6.492], "texture": "#0"},
				"west": {"uv": [0.258, 11.508, 0.492, 12.492], "texture": "#0"},
				"up": {"uv": [6.242, 8.742, 5.258, 8.508], "texture": "#0"},
				"down": {"uv": [9.492, 5.508, 8.508, 5.742], "texture": "#0"}
			}
		},
		{
			"from": [-0.3, 6.7, 5.7],
			"to": [16.3, 14.3, 10.3],
			"rotation": {"angle": 0, "axis": "y", "origin": [0, 2, 0]},
			"faces": {
				"north": {"uv": [8.258, 8.258, 12.242, 9.992], "texture": "#0", "tintindex": 0},
				"east": {"uv": [3.008, 10.758, 3.992, 12.492], "texture": "#0", "tintindex": 0},
				"south": {"uv": [8.508, 2.758, 12.492, 4.492], "texture": "#0", "tintindex": 0},
				"west": {"uv": [9.508, 10.758, 10.492, 12.492], "texture": "#0", "tintindex": 0},
				"up": {"uv": [12.492, 5.492, 8.508, 4.508], "texture": "#0", "tintindex": 0},
				"down": {"uv": [12.742, 1.758, 8.758, 2.742], "texture": "#0", "tintindex": 0}
			}
		},
		{
			"from": [-0.5, 6.5, 5.5],
			"to": [16.5, 14.5, 10.5],
			"rotation": {"angle": 0, "axis": "y", "origin": [0, 2, 0]},
			"faces": {
				"north": {"uv": [8.758, 0.008, 12.742, 1.742], "texture": "#0"},
				"east": {"uv": [10.508, 10.758, 11.492, 12.492], "texture": "#0"},
				"south": {"uv": [0.008, 9.008, 3.992, 10.742], "texture": "#0"},
				"west": {"uv": [4.008, 11.008, 4.992, 12.742], "texture": "#0"},
				"up": {"uv": [7.992, 9.992, 4.008, 9.008], "texture": "#0"},
				"down": {"uv": [7.992, 10.008, 4.008, 10.992], "texture": "#0"}
			}
		}
	],
	"display": {
		"gui": {
			"rotation": [30, -135, 0],
			"translation": [0, -3.25, 0],
			"scale": [0.8, 0.8, 0.8]
		}
	},
	"groups": [
		{
			"name": "group",
			"origin": [8, 8, 8],
			"color": 0,
			"children": [0, 1, 2, 3]
		}
	]
}