{
	"credit": "Made with Blockbench",
	"parent": "hideaway:display_parents/back",
	"texture_size": [64, 64],
	"textures": {
		"2": "hideaway:back/angel_devil_wings",
		"particle": "hideaway:back/angel_devil_wings"
	},
	"elements": [
		{
			"from": [10.25, 1, 12],
			"to": [27.25, 19, 12],
			"rotation": {"angle": -22.5, "axis": "y", "origin": [15, 2, 12]},
			"faces": {
				"north": {"uv": [0, 0, 4.25, 4.5], "texture": "#2"},
				"east": {"uv": [0, 0, 0, 4.5], "texture": "#2"},
				"south": {"uv": [4.25, 0, 0, 4.5], "texture": "#2"},
				"west": {"uv": [0, 0, 0, 4.5], "texture": "#2"},
				"up": {"uv": [0, 0, 4.25, 0], "texture": "#2"},
				"down": {"uv": [0, 0, 4.25, 0], "texture": "#2"}
			}
		},
		{
			"from": [-11.75, -1, 12],
			"to": [5.25, 17, 12],
			"rotation": {"angle": 22.5, "axis": "y", "origin": [1, 0, 12]},
			"faces": {
				"north": {"uv": [4.25, 4.5, 0, 9], "texture": "#2", "tintindex": 0},
				"east": {"uv": [0, 0, 0, 4.5], "texture": "#missing", "tintindex": 0},
				"south": {"uv": [0, 4.5, 4.25, 9], "texture": "#2", "tintindex": 0},
				"west": {"uv": [0, 0, 0, 4.5], "texture": "#missing", "tintindex": 0},
				"up": {"uv": [4.25, 0, 0, 0], "texture": "#missing", "tintindex": 0},
				"down": {"uv": [4.25, 0, 0, 0], "texture": "#missing", "tintindex": 0}
			}
		}
	],
	"display": {
		"gui": {
			"rotation": [-170, -25.5, 180],
			"translation": [1.25, -1.5, 0],
			"scale": [0.5, 0.5, 0.5]
		}
	}
}