{
	"credit": "Made with Blockbench",
	"parent": "hideaway:display_parents/back",
	"texture_size": [64, 64],
	"textures": {
		"3": "hideaway:back/angel_wings"
	},
	"elements": [
		{
			"from": [7.62567, -4, 11.59077],
			"to": [28.62567, 16, 11.59077],
			"rotation": {"angle": -22.5, "axis": "y", "origin": [12.85822, 6, 17.23255]},
			"faces": {
				"north": {"uv": [5.25, 0, 0, 5], "texture": "#3", "tintindex": 0},
				"east": {"uv": [0, 0, 0, 5], "texture": "#3", "tintindex": 0},
				"south": {"uv": [0, 0, 5.25, 5], "texture": "#3", "tintindex": 0},
				"west": {"uv": [0, 0, 0, 5], "texture": "#3", "tintindex": 0},
				"up": {"uv": [5.25, 0, 0, 0], "texture": "#3", "tintindex": 0},
				"down": {"uv": [5.25, 0, 0, 0], "texture": "#3", "tintindex": 0}
			}
		},
		{
			"from": [-12.62567, -4, 11.59077],
			"to": [8.37433, 16, 11.59077],
			"rotation": {"angle": 22.5, "axis": "y", "origin": [3.14178, 6, 17.23255]},
			"faces": {
				"north": {"uv": [0, 0, 5.25, 5], "texture": "#3", "tintindex": 0},
				"east": {"uv": [0, 0, 0, 5], "texture": "#3", "tintindex": 0},
				"south": {"uv": [5.25, 0, 0, 5], "texture": "#3", "tintindex": 0},
				"west": {"uv": [0, 0, 0, 5], "texture": "#3", "tintindex": 0},
				"up": {"uv": [0, 0, 5.25, 0], "texture": "#3", "tintindex": 0},
				"down": {"uv": [0, 0, 5.25, 0], "texture": "#3", "tintindex": 0}
			}
		}
	],
	"display": {
		"gui": {
			"rotation": [180, -29.75, 180],
			"translation": [2.25, 0.5, 0],
			"scale": [0.45, 0.45, 0.45]
		}
	}
}