{
	"credit": "Made with Blockbench",
	"parent": "hideaway:display_parents/back",
	"texture_size": [128, 128],
	"textures": {
		"1": "hideaway:back/aurora_cape",
		"particle": "hideaway:back/aurora_cape"
	},
	"elements": [
		{
			"from": [-6, -7, 9],
			"to": [22, 20, 9],
			"rotation": {"angle": -22.5, "axis": "x", "origin": [8, 18.5, 11]},
			"faces": {
				"north": {"uv": [0, 3.375, 3.5, 6.75], "texture": "#1"},
				"south": {"uv": [0, 3.375, 3.5, 6.75], "texture": "#1"}
			}
		},
		{
			"from": [22, -10, 9],
			"to": [22, 25, 15],
			"rotation": {"angle": -22.5, "axis": "x", "origin": [8, 18.5, 11]},
			"faces": {
				"east": {"uv": [1.25, 10.375, 2, 14.75], "texture": "#1"},
				"west": {"uv": [2, 10.375, 1.25, 14.75], "texture": "#1"}
			}
		},
		{
			"from": [22, -10, 15],
			"to": [32, 25, 15],
			"rotation": {"angle": -22.5, "axis": "x", "origin": [8, 18.5, 11]},
			"faces": {
				"north": {"uv": [0, 10.375, 1.25, 14.75], "texture": "#1"},
				"south": {"uv": [1.25, 10.375, 0, 14.75], "texture": "#1"}
			}
		},
		{
			"from": [-6, -10, 9],
			"to": [-6, 25, 15],
			"rotation": {"angle": -22.5, "axis": "x", "origin": [8, 18.5, 11]},
			"faces": {
				"east": {"uv": [1.25, 10.375, 2, 14.75], "texture": "#1"},
				"west": {"uv": [2, 10.375, 1.25, 14.75], "texture": "#1"}
			}
		},
		{
			"from": [-16, -10, 15],
			"to": [-6, 25, 15],
			"rotation": {"angle": -22.5, "axis": "x", "origin": [8, 18.5, 11]},
			"faces": {
				"north": {"uv": [1.25, 10.375, 0, 14.75], "texture": "#1"},
				"south": {"uv": [0, 10.375, 1.25, 14.75], "texture": "#1"}
			}
		},
		{
			"from": [-7, -9, 8],
			"to": [23, 17, 8],
			"rotation": {"angle": -22.5, "axis": "x", "origin": [8, 18.5, 11]},
			"faces": {
				"north": {"uv": [0, 0, 3.75, 3.25], "texture": "#1"}
			}
		},
		{
			"from": [23, -10, 8],
			"to": [23, 25, 14],
			"rotation": {"angle": -22.5, "axis": "x", "origin": [8, 18.5, 11]},
			"faces": {
				"east": {"uv": [5.5, 4.375, 6.25, 8.75], "texture": "#1"}
			}
		},
		{
			"from": [23, -10, 14],
			"to": [32, 25, 14],
			"rotation": {"angle": -22.5, "axis": "x", "origin": [8, 18.5, 11]},
			"faces": {
				"north": {"uv": [4.75, 0, 5.875, 4.375], "texture": "#1"},
				"south": {"uv": [5.875, 0, 4.75, 4.375], "texture": "#1"}
			}
		},
		{
			"from": [-7, -10, 8],
			"to": [-7, 25, 14],
			"rotation": {"angle": -22.5, "axis": "x", "origin": [8, 18.5, 11]},
			"faces": {
				"west": {"uv": [6.25, 4.375, 5.5, 8.75], "texture": "#1"}
			}
		},
		{
			"from": [-16, -10, 14],
			"to": [-7, 25, 14],
			"rotation": {"angle": -22.5, "axis": "x", "origin": [8, 18.5, 11]},
			"faces": {
				"north": {"uv": [5.875, 0, 4.75, 4.375], "texture": "#1"},
				"south": {"uv": [4.75, 0, 5.875, 4.375], "texture": "#1"}
			}
		},
		{
			"from": [-1, 12.75, 2.75],
			"to": [17, 16.75, 8.75],
			"rotation": {"angle": -22.5, "axis": "x", "origin": [8, 18.25, 10.75]},
			"faces": {
				"north": {"uv": [5.875, 0.75, 8.125, 1.25], "texture": "#1"},
				"east": {"uv": [3.75, 0, 4.5, 0.5], "texture": "#1"},
				"south": {"uv": [5.875, 1.25, 8.125, 1.75], "texture": "#1"},
				"west": {"uv": [3.75, 0, 4.5, 0.5], "texture": "#1"},
				"up": {"uv": [8.125, 0.75, 5.875, 0], "texture": "#1"}
			}
		}
	],
	"display": {
		"thirdperson_righthand": {
			"rotation": [-123.16, -16.94, 169.67],
			"scale": [0.5, 0.5, 0.5]
		},
		"thirdperson_lefthand": {
			"rotation": [-123.16, -16.94, 169.67],
			"scale": [0.5, 0.5, 0.5]
		},
		"firstperson_righthand": {
			"rotation": [0, -65.75, 0],
			"translation": [4, 2.5, 0],
			"scale": [0.25, 0.25, 0.25]
		},
		"firstperson_lefthand": {
			"rotation": [0, -65.75, 0],
			"translation": [4, 2.5, 0],
			"scale": [0.25, 0.25, 0.25]
		},
		"gui": {
			"rotation": [30, 45, 0],
			"translation": [-2, 0.25, 0],
			"scale": [0.35, 0.35, 0.35]
		}
	},
	"groups": [
		{
			"name": "group",
			"origin": [0, 0, 0],
			"color": 0,
			"nbt": "{}",
			"children": [
				{
					"name": "group",
					"origin": [8, 18.5, 11],
					"color": 0,
					"nbt": "{}",
					"children": [0, 1, 2, 3, 4]
				},
				{
					"name": "group",
					"origin": [8, 18.5, 11],
					"color": 0,
					"nbt": "{}",
					"children": [5, 6, 7, 8, 9]
				},
				10
			]
		}
	]
}