{
	"credit": "Made by Ziqqy using Blockbench",
	"parent": "hideaway:display_parents/back",
	"textures": {
		"3": "hideaway:back/back_scales",
		"particle": "hideaway:back/back_scales"
	},
	"elements": [
		{
			"from": [8, 10.50523, 10.00104],
			"to": [8, 13.50523, 13.00104],
			"rotation": {"angle": 22.5, "axis": "x", "origin": [7, 13.00523, 12.50104]},
			"faces": {
				"north": {"uv": [0.032, 0.032, 0.032, 2.968], "texture": "#3", "tintindex": 0},
				"east": {"uv": [0.032, 0.032, 2.968, 2.968], "texture": "#3", "tintindex": 0},
				"south": {"uv": [0.032, 0.032, 0.032, 2.968], "texture": "#3", "tintindex": 0},
				"west": {"uv": [0.032, 3.032, 2.968, 5.968], "texture": "#3", "tintindex": 0},
				"up": {"uv": [0.032, 2.968, 0.032, 0.032], "texture": "#3", "tintindex": 0},
				"down": {"uv": [0.032, 0.032, 0.032, 2.968], "texture": "#3", "tintindex": 0}
			}
		},
		{
			"from": [5, 8.50523, 10.00104],
			"to": [5, 11.50523, 13.00104],
			"rotation": {"angle": 22.5, "axis": "x", "origin": [4, 11.00523, 12.50104]},
			"faces": {
				"north": {"uv": [0.032, 0.032, 0.032, 2.968], "texture": "#3", "tintindex": 0},
				"east": {"uv": [3.032, 0.032, 5.968, 2.968], "texture": "#3", "tintindex": 0},
				"south": {"uv": [0.032, 0.032, 0.032, 2.968], "texture": "#3", "tintindex": 0},
				"west": {"uv": [3.032, 3.032, 5.968, 5.968], "texture": "#3", "tintindex": 0},
				"up": {"uv": [0.032, 2.968, 0.032, 0.032], "texture": "#3", "tintindex": 0},
				"down": {"uv": [0.032, 0.032, 0.032, 2.968], "texture": "#3", "tintindex": 0}
			}
		},
		{
			"from": [8, 7.50523, 10.00104],
			"to": [8, 10.50523, 13.00104],
			"rotation": {"angle": 22.5, "axis": "x", "origin": [7, 10.00523, 12.50104]},
			"faces": {
				"north": {"uv": [0.032, 0.032, 0.032, 2.968], "texture": "#3", "tintindex": 0},
				"east": {"uv": [0.032, 0.032, 2.968, 2.968], "texture": "#3", "tintindex": 0},
				"south": {"uv": [0.032, 0.032, 0.032, 2.968], "texture": "#3", "tintindex": 0},
				"west": {"uv": [0.032, 3.032, 2.968, 5.968], "texture": "#3", "tintindex": 0},
				"up": {"uv": [0.032, 2.968, 0.032, 0.032], "texture": "#3", "tintindex": 0},
				"down": {"uv": [0.032, 0.032, 0.032, 2.968], "texture": "#3", "tintindex": 0}
			}
		},
		{
			"from": [5, 5.50523, 10.00104],
			"to": [5, 8.50523, 13.00104],
			"rotation": {"angle": 22.5, "axis": "x", "origin": [4, 8.00523, 12.50104]},
			"faces": {
				"north": {"uv": [0.032, 0.032, 0.032, 2.968], "texture": "#3", "tintindex": 0},
				"east": {"uv": [3.032, 0.032, 5.968, 2.968], "texture": "#3", "tintindex": 0},
				"south": {"uv": [0.032, 0.032, 0.032, 2.968], "texture": "#3", "tintindex": 0},
				"west": {"uv": [3.032, 3.032, 5.968, 5.968], "texture": "#3", "tintindex": 0},
				"up": {"uv": [0.032, 2.968, 0.032, 0.032], "texture": "#3", "tintindex": 0},
				"down": {"uv": [0.032, 0.032, 0.032, 2.968], "texture": "#3", "tintindex": 0}
			}
		},
		{
			"from": [8, 4.50523, 10.00104],
			"to": [8, 7.50523, 13.00104],
			"rotation": {"angle": 22.5, "axis": "x", "origin": [7, 7.00523, 12.50104]},
			"faces": {
				"north": {"uv": [0.032, 0.032, 0.032, 2.968], "texture": "#3", "tintindex": 0},
				"east": {"uv": [0.032, 0.032, 2.968, 2.968], "texture": "#3", "tintindex": 0},
				"south": {"uv": [0.032, 0.032, 0.032, 2.968], "texture": "#3", "tintindex": 0},
				"west": {"uv": [0.032, 3.032, 2.968, 5.968], "texture": "#3", "tintindex": 0},
				"up": {"uv": [0.032, 2.968, 0.032, 0.032], "texture": "#3", "tintindex": 0},
				"down": {"uv": [0.032, 0.032, 0.032, 2.968], "texture": "#3", "tintindex": 0}
			}
		},
		{
			"from": [8, 1.50523, 10.00104],
			"to": [8, 4.50523, 13.00104],
			"rotation": {"angle": 22.5, "axis": "x", "origin": [7, 4.00523, 12.50104]},
			"faces": {
				"north": {"uv": [0.032, 0.032, 0.032, 2.968], "texture": "#3", "tintindex": 0},
				"east": {"uv": [0.032, 0.032, 2.968, 2.968], "texture": "#3", "tintindex": 0},
				"south": {"uv": [0.032, 0.032, 0.032, 2.968], "texture": "#3", "tintindex": 0},
				"west": {"uv": [0.032, 3.032, 2.968, 5.968], "texture": "#3", "tintindex": 0},
				"up": {"uv": [0.032, 2.968, 0.032, 0.032], "texture": "#3", "tintindex": 0},
				"down": {"uv": [0.032, 0.032, 0.032, 2.968], "texture": "#3", "tintindex": 0}
			}
		},
		{
			"from": [5, 2.50523, 10.00104],
			"to": [5, 5.50523, 13.00104],
			"rotation": {"angle": 22.5, "axis": "x", "origin": [4, 5.00523, 12.50104]},
			"faces": {
				"north": {"uv": [0.032, 0.032, 0.032, 2.968], "texture": "#3", "tintindex": 0},
				"east": {"uv": [3.032, 0.032, 5.968, 2.968], "texture": "#3", "tintindex": 0},
				"south": {"uv": [0.032, 0.032, 0.032, 2.968], "texture": "#3", "tintindex": 0},
				"west": {"uv": [3.032, 3.032, 5.968, 5.968], "texture": "#3", "tintindex": 0},
				"up": {"uv": [0.032, 2.968, 0.032, 0.032], "texture": "#3", "tintindex": 0},
				"down": {"uv": [0.032, 0.032, 0.032, 2.968], "texture": "#3", "tintindex": 0}
			}
		},
		{
			"from": [11, 8.50523, 10.00104],
			"to": [11, 11.50523, 13.00104],
			"rotation": {"angle": 22.5, "axis": "x", "origin": [12, 11.00523, 12.50104]},
			"faces": {
				"north": {"uv": [0.032, 0.032, 0.032, 2.968], "texture": "#3", "tintindex": 0},
				"east": {"uv": [5.968, 3.032, 3.032, 5.968], "texture": "#3", "tintindex": 0},
				"south": {"uv": [0.032, 0.032, 0.032, 2.968], "texture": "#3", "tintindex": 0},
				"west": {"uv": [5.968, 0.032, 3.032, 2.968], "texture": "#3", "tintindex": 0},
				"up": {"uv": [0.032, 2.968, 0.032, 0.032], "texture": "#3", "tintindex": 0},
				"down": {"uv": [0.032, 0.032, 0.032, 2.968], "texture": "#3", "tintindex": 0}
			}
		},
		{
			"from": [11, 5.50523, 10.00104],
			"to": [11, 8.50523, 13.00104],
			"rotation": {"angle": 22.5, "axis": "x", "origin": [12, 8.00523, 12.50104]},
			"faces": {
				"north": {"uv": [0.032, 0.032, 0.032, 2.968], "texture": "#3", "tintindex": 0},
				"east": {"uv": [5.968, 3.032, 3.032, 5.968], "texture": "#3", "tintindex": 0},
				"south": {"uv": [0.032, 0.032, 0.032, 2.968], "texture": "#3", "tintindex": 0},
				"west": {"uv": [5.968, 0.032, 3.032, 2.968], "texture": "#3", "tintindex": 0},
				"up": {"uv": [0.032, 2.968, 0.032, 0.032], "texture": "#3", "tintindex": 0},
				"down": {"uv": [0.032, 0.032, 0.032, 2.968], "texture": "#3", "tintindex": 0}
			}
		},
		{
			"from": [11, 2.50523, 10.00104],
			"to": [11, 5.50523, 13.00104],
			"rotation": {"angle": 22.5, "axis": "x", "origin": [12, 5.00523, 12.50104]},
			"faces": {
				"north": {"uv": [0.032, 0.032, 0.032, 2.968], "texture": "#3", "tintindex": 0},
				"east": {"uv": [5.968, 3.032, 3.032, 5.968], "texture": "#3", "tintindex": 0},
				"south": {"uv": [0.032, 0.032, 0.032, 2.968], "texture": "#3", "tintindex": 0},
				"west": {"uv": [5.968, 0.032, 3.032, 2.968], "texture": "#3", "tintindex": 0},
				"up": {"uv": [0.032, 2.968, 0.032, 0.032], "texture": "#3", "tintindex": 0},
				"down": {"uv": [0.032, 0.032, 0.032, 2.968], "texture": "#3", "tintindex": 0}
			}
		}
	],
	"display": {
		"gui": {
			"rotation": [30, 45, 0],
			"translation": [-2, 1.5, 0],
			"scale": [1.3, 1.3, 1.3]
		}
	}
}