{
	"credit": "Made by CookiesNom with Blockbench",
	"parent": "hideaway:display_parents/back",
	"texture_size": [32, 32],
	"textures": {
		"1": "hideaway:back/back_stabbing_prop"
	},
	"elements": [
		{
			"from": [7.5, 6, 7],
			"to": [8.5, 10, 17],
			"rotation": {"angle": -22.5, "axis": "x", "origin": [4.5, 7, 10]},
			"faces": {
				"north": {"uv": [14.5, 5, 15, 7], "texture": "#1"},
				"east": {"uv": [11, 0, 16, 2], "texture": "#1"},
				"south": {"uv": [15, 5, 15.5, 7], "texture": "#1"},
				"west": {"uv": [11, 2, 16, 4], "texture": "#1"},
				"up": {"uv": [14, 10, 13.5, 5], "texture": "#1"},
				"down": {"uv": [14.5, 5, 14, 10], "texture": "#1"}
			}
		},
		{
			"from": [7, 8, 17],
			"to": [9, 10, 22],
			"rotation": {"angle": -22.5, "axis": "x", "origin": [4.5, 7, 10]},
			"faces": {
				"north": {"uv": [5.5, 3, 6.5, 4], "texture": "#1", "tintindex": 0},
				"east": {"uv": [3.5, 0, 6, 1], "texture": "#1", "tintindex": 0},
				"south": {"uv": [5.5, 4, 6.5, 5], "texture": "#1", "tintindex": 0},
				"west": {"uv": [3.5, 1, 6, 2], "texture": "#1", "tintindex": 0},
				"up": {"uv": [4.5, 4.5, 3.5, 2], "texture": "#1", "tintindex": 0},
				"down": {"uv": [1, 4, 0, 6.5], "texture": "#1", "tintindex": 0}
			}
		},
		{
			"from": [6.75, 8.25, 16.75],
			"to": [9.25, 10.75, 22.25],
			"rotation": {"angle": -22.5, "axis": "x", "origin": [4.5, 7, 10]},
			"faces": {
				"north": {"uv": [4.5, 5.5, 5.5, 6.5], "texture": "#1"},
				"east": {"uv": [1, 4, 3.5, 5], "texture": "#1"},
				"south": {"uv": [5.5, 5, 6.5, 6], "texture": "#1"},
				"west": {"uv": [4.5, 2, 7, 3], "texture": "#1"},
				"up": {"uv": [5.5, 5.5, 4.5, 3], "texture": "#1"},
				"down": {"uv": [4.5, 4.5, 3.5, 7], "texture": "#1"}
			}
		}
	],
	"display": {
		"thirdperson_righthand": {
			"rotation": [116, 0, 0],
			"translation": [0, 10, 0]
		},
		"thirdperson_lefthand": {
			"rotation": [116, 0, 0],
			"translation": [0, 10, 0]
		},
		"firstperson_righthand": {
			"rotation": [125, 0, 0],
			"translation": [4.25, 8.5, 0]
		},
		"firstperson_lefthand": {
			"rotation": [125, 0, 0],
			"translation": [4.25, 8.5, 0]
		},
		"gui": {
			"rotation": [30, -135, 0],
			"translation": [6, -5.75, 0],
			"scale": [1.4, 1.4, 1.4]
		}
	}
}