{
	"credit": "Made by CookiesNom with Blockbench",
	"parent": "hideaway:display_parents/back",
	"texture_size": [64, 64],
	"textures": {
		"0": "hideaway:back/balloons",
		"particle": "hideaway:back/balloons"
	},
	"elements": [
		{
			"from": [13, 18.25, 7.5],
			"to": [19, 24.25, 13.5],
			"rotation": {"angle": 0, "axis": "y", "origin": [0, 2.25, -0.5]},
			"faces": {
				"north": {"uv": [0.008, 2.258, 1.492, 3.742], "texture": "#0"},
				"east": {"uv": [1.508, 2.258, 2.992, 3.742], "texture": "#0"},
				"south": {"uv": [3.008, 2.258, 4.492, 3.742], "texture": "#0"},
				"west": {"uv": [3.508, 0.008, 4.992, 1.492], "texture": "#0"},
				"up": {"uv": [1.492, 5.242, 0.008, 3.758], "texture": "#0"},
				"down": {"uv": [2.992, 3.758, 1.508, 5.242], "texture": "#0"}
			}
		},
		{
			"from": [12.7, 17.95, 7.2],
			"to": [19.3, 24.55, 13.8],
			"rotation": {"angle": 0, "axis": "y", "origin": [0, 2.25, -0.5]},
			"faces": {
				"north": {"uv": [3.008, 3.758, 4.492, 5.242], "texture": "#0"},
				"east": {"uv": [4.508, 1.508, 5.992, 2.992], "texture": "#0"},
				"south": {"uv": [4.508, 3.008, 5.992, 4.492], "texture": "#0"},
				"west": {"uv": [4.508, 4.508, 5.992, 5.992], "texture": "#0"},
				"up": {"uv": [6.492, 1.492, 5.008, 0.008], "texture": "#0"},
				"down": {"uv": [1.492, 5.258, 0.008, 6.742], "texture": "#0"}
			}
		},
		{
			"from": [13.5, 13.75, 11.5],
			"to": [19.5, 19.75, 11.5],
			"rotation": {"angle": 45, "axis": "y", "origin": [16, 19.75, 13.5]},
			"faces": {
				"north": {"uv": [4.508, 9.008, 5.992, 10.492], "texture": "#0"},
				"east": {"uv": [0.008, 0.008, 0.008, 1.492], "texture": "#0"},
				"south": {"uv": [9.008, 4.508, 10.492, 5.992], "texture": "#0"},
				"west": {"uv": [0.008, 0.008, 0.008, 1.492], "texture": "#0"},
				"up": {"uv": [1.492, 0.008, 0.008, 0.008], "texture": "#0"},
				"down": {"uv": [1.492, 0.008, 0.008, 0.008], "texture": "#0"}
			}
		},
		{
			"from": [16, 21, 11],
			"to": [22, 27, 17],
			"rotation": {"angle": 0, "axis": "y", "origin": [0, 2, 0]},
			"faces": {
				"north": {"uv": [1.508, 5.258, 2.992, 6.742], "texture": "#0"},
				"east": {"uv": [3.008, 5.258, 4.492, 6.742], "texture": "#0"},
				"south": {"uv": [6.008, 1.508, 7.492, 2.992], "texture": "#0"},
				"west": {"uv": [6.008, 3.008, 7.492, 4.492], "texture": "#0"},
				"up": {"uv": [5.992, 7.492, 4.508, 6.008], "texture": "#0"},
				"down": {"uv": [7.492, 4.508, 6.008, 5.992], "texture": "#0"}
			}
		},
		{
			"from": [15.7, 20.7, 10.7],
			"to": [22.3, 27.3, 17.3],
			"rotation": {"angle": 0, "axis": "y", "origin": [0, 2, 0]},
			"faces": {
				"north": {"uv": [6.008, 6.008, 7.492, 7.492], "texture": "#0"},
				"east": {"uv": [6.508, 0.008, 7.992, 1.492], "texture": "#0"},
				"south": {"uv": [0.008, 6.758, 1.492, 8.242], "texture": "#0"},
				"west": {"uv": [1.508, 6.758, 2.992, 8.242], "texture": "#0"},
				"up": {"uv": [4.492, 8.242, 3.008, 6.758], "texture": "#0"},
				"down": {"uv": [8.992, 1.508, 7.508, 2.992], "texture": "#0"}
			}
		},
		{
			"from": [10, 23, 13],
			"to": [16, 29, 19],
			"rotation": {"angle": 0, "axis": "y", "origin": [0, 2, 0]},
			"faces": {
				"north": {"uv": [7.508, 3.008, 8.992, 4.492], "texture": "#0"},
				"east": {"uv": [4.508, 7.508, 5.992, 8.992], "texture": "#0"},
				"south": {"uv": [7.508, 4.508, 8.992, 5.992], "texture": "#0"},
				"west": {"uv": [6.008, 7.508, 7.492, 8.992], "texture": "#0"},
				"up": {"uv": [8.992, 7.492, 7.508, 6.008], "texture": "#0"},
				"down": {"uv": [8.992, 7.508, 7.508, 8.992], "texture": "#0"}
			}
		},
		{
			"from": [9.7, 22.7, 12.7],
			"to": [16.3, 29.3, 19.3],
			"rotation": {"angle": 0, "axis": "y", "origin": [0, 2, 0]},
			"faces": {
				"north": {"uv": [8.008, 0.008, 9.492, 1.492], "texture": "#0"},
				"east": {"uv": [0.008, 8.258, 1.492, 9.742], "texture": "#0"},
				"south": {"uv": [1.508, 8.258, 2.992, 9.742], "texture": "#0"},
				"west": {"uv": [3.008, 8.258, 4.492, 9.742], "texture": "#0"},
				"up": {"uv": [10.492, 2.992, 9.008, 1.508], "texture": "#0"},
				"down": {"uv": [10.492, 3.008, 9.008, 4.492], "texture": "#0"}
			}
		},
		{
			"from": [11.5, 5.5, 13],
			"to": [13.5, 22.5, 13],
			"rotation": {"angle": 22.5, "axis": "x", "origin": [13, 14.5, 16]},
			"faces": {
				"north": {"uv": [6.008, 9.008, 6.492, 13.242], "texture": "#0"},
				"east": {"uv": [0.008, 0.008, 0.008, 4.242], "texture": "#0"},
				"south": {"uv": [9.008, 6.008, 9.492, 10.242], "texture": "#0"},
				"west": {"uv": [0.008, 0.008, 0.008, 4.242], "texture": "#0"},
				"up": {"uv": [0.492, 0.008, 0.008, 0.008], "texture": "#0"},
				"down": {"uv": [0.492, 0.008, 0.008, 0.008], "texture": "#0"}
			}
		},
		{
			"from": [4, 7, 10.25],
			"to": [13, 8, 10.25],
			"rotation": {"angle": 0, "axis": "y", "origin": [12.5, 7.79507, 9.97555]},
			"faces": {
				"north": {"uv": [9.508, 0.008, 11.742, 0.242], "texture": "#0"},
				"east": {"uv": [0.008, 0.008, 0.008, 0.242], "texture": "#0"},
				"south": {"uv": [9.508, 0.258, 11.742, 0.492], "texture": "#0"},
				"west": {"uv": [0.008, 0.008, 0.008, 0.242], "texture": "#0"},
				"up": {"uv": [2.242, 0.008, 0.008, 0.008], "texture": "#0"},
				"down": {"uv": [2.242, 0.008, 0.008, 0.008], "texture": "#0"}
			}
		},
		{
			"from": [7, 8, 10.25],
			"to": [12, 13, 10.25],
			"rotation": {"angle": 45, "axis": "y", "origin": [12, 8, 10.25]},
			"faces": {
				"north": {"uv": [6.508, 9.008, 7.742, 10.242], "texture": "#0"},
				"east": {"uv": [0.008, 0.008, 0.008, 1.242], "texture": "#0"},
				"south": {"uv": [7.758, 9.008, 8.992, 10.242], "texture": "#0"},
				"west": {"uv": [0.008, 0.008, 0.008, 1.242], "texture": "#0"},
				"up": {"uv": [1.242, 0.008, 0.008, 0.008], "texture": "#0"},
				"down": {"uv": [1.242, 0.008, 0.008, 0.008], "texture": "#0"}
			}
		},
		{
			"from": [4, 7, 5.25],
			"to": [4, 8, 10.25],
			"rotation": {"angle": 0, "axis": "y", "origin": [12.5, 7.79507, 9.97555]},
			"faces": {
				"north": {"uv": [0.008, 0.008, 0.008, 0.242], "texture": "#0"},
				"east": {"uv": [9.508, 1.008, 10.742, 1.242], "texture": "#0"},
				"south": {"uv": [0.008, 0.008, 0.008, 0.242], "texture": "#0"},
				"west": {"uv": [9.508, 1.258, 10.742, 1.492], "texture": "#0"},
				"up": {"uv": [0.008, 1.242, 0.008, 0.008], "texture": "#0"},
				"down": {"uv": [0.008, 0.008, 0.008, 1.242], "texture": "#0"}
			}
		},
		{
			"from": [13, 7, 5.25],
			"to": [13, 8, 10.25],
			"rotation": {"angle": 0, "axis": "y", "origin": [12.5, 7.79507, 9.97555]},
			"faces": {
				"north": {"uv": [0.008, 0.008, 0.008, 0.242], "texture": "#0"},
				"east": {"uv": [9.508, 6.008, 10.742, 6.242], "texture": "#0"},
				"south": {"uv": [0.008, 0.008, 0.008, 0.242], "texture": "#0"},
				"west": {"uv": [9.508, 6.258, 10.742, 6.492], "texture": "#0"},
				"up": {"uv": [0.008, 1.242, 0.008, 0.008], "texture": "#0"},
				"down": {"uv": [0.008, 0.008, 0.008, 1.242], "texture": "#0"}
			}
		},
		{
			"from": [4, 7, 5.25],
			"to": [13, 8, 5.25],
			"rotation": {"angle": 0, "axis": "y", "origin": [12.5, 7.79507, 9.97555]},
			"faces": {
				"north": {"uv": [9.508, 0.508, 11.742, 0.742], "texture": "#0"},
				"east": {"uv": [0.008, 0.008, 0.008, 0.242], "texture": "#0"},
				"south": {"uv": [9.508, 0.758, 11.742, 0.992], "texture": "#0"},
				"west": {"uv": [0.008, 0.008, 0.008, 0.242], "texture": "#0"},
				"up": {"uv": [2.242, 0.008, 0.008, 0.008], "texture": "#0"},
				"down": {"uv": [2.242, 0.008, 0.008, 0.008], "texture": "#0"}
			}
		},
		{
			"from": [12.5, 13.5, 14],
			"to": [19.5, 22.5, 14],
			"rotation": {"angle": 0, "axis": "y", "origin": [16, 18, 14]},
			"faces": {
				"north": {"uv": [0.008, 0.008, 1.742, 2.242], "texture": "#0"},
				"east": {"uv": [0.008, 0.008, 0.008, 2.242], "texture": "#0"},
				"south": {"uv": [1.758, 0.008, 3.492, 2.242], "texture": "#0"},
				"west": {"uv": [0.008, 0.008, 0.008, 2.242], "texture": "#0"},
				"up": {"uv": [1.742, 0.008, 0.008, 0.008], "texture": "#0"},
				"down": {"uv": [1.742, 0.008, 0.008, 0.008], "texture": "#0"}
			}
		}
	],
	"display": {
		"thirdperson_righthand": {
			"rotation": [90, 0, 0],
			"translation": [-3.25, -1.75, 2]
		},
		"thirdperson_lefthand": {
			"rotation": [90, -180, 0],
			"translation": [-3.5, -2.25, 2]
		},
		"firstperson_righthand": {
			"rotation": [6, -180, 21],
			"translation": [6.75, -4.75, 0]
		},
		"firstperson_lefthand": {
			"rotation": [-6, 0, -14],
			"translation": [5.75, -5.75, -4.75]
		},
		"gui": {
			"rotation": [30, 225, 0],
			"translation": [3.25, -5.5, 0],
			"scale": [0.625, 0.625, 0.625]
		}
	},
	"groups": [
		{
			"name": "group",
			"origin": [8, 8, 8],
			"color": 0,
			"children": [
				{
					"name": "group",
					"origin": [8, 8, 8],
					"color": 0,
					"children": [
						{
							"name": "group",
							"origin": [0, 0, 0],
							"color": 0,
							"children": [0, 1, 2]
						},
						{
							"name": "group",
							"origin": [0, 0, 0],
							"color": 0,
							"children": [3, 4]
						},
						{
							"name": "group",
							"origin": [0, 0, 0],
							"color": 0,
							"children": [5, 6]
						}
					]
				},
				{
					"name": "group",
					"origin": [8, 8, 8],
					"color": 0,
					"children": [7, 8, 9, 10, 11, 12, 13]
				}
			]
		}
	]
}