{
	"credit": "Made with Blockbench",
	"parent": "hideaway:display_parents/back",
	"texture_size": [64, 64],
	"textures": {
		"1": "hideaway:back/bat_wings"
	},
	"elements": [
		{
			"from": [-8, 3, 10],
			"to": [6, 18, 10],
			"rotation": {"angle": 45, "axis": "y", "origin": [6, 11, 10]},
			"faces": {
				"north": {"uv": [14, 0, 7, 7.5], "texture": "#1"},
				"east": {"uv": [0, 0, 0, 7.5], "texture": "#1"},
				"south": {"uv": [7, 0, 14, 7.5], "texture": "#1"},
				"west": {"uv": [0, 0, 0, 7.5], "texture": "#1"},
				"up": {"uv": [6.5, 0, 0, 0], "texture": "#1"},
				"down": {"uv": [6.5, 0, 0, 0], "texture": "#1"}
			}
		},
		{
			"from": [-8, 3, 10],
			"to": [6, 18, 10],
			"rotation": {"angle": 45, "axis": "y", "origin": [6, 11, 10]},
			"faces": {
				"north": {"uv": [7, 0, 0, 7.5], "texture": "#1", "tintindex": 0},
				"east": {"uv": [0, 0, 0, 7.5], "texture": "#1"},
				"south": {"uv": [0, 0, 7, 7.5], "texture": "#1", "tintindex": 0},
				"west": {"uv": [0, 0, 0, 7.5], "texture": "#1"},
				"up": {"uv": [6.5, 0, 0, 0], "texture": "#1"},
				"down": {"uv": [6.5, 0, 0, 0], "texture": "#1"}
			}
		},
		{
			"from": [10, 3, 10],
			"to": [24, 18, 10],
			"rotation": {"angle": -45, "axis": "y", "origin": [10, 11, 10]},
			"faces": {
				"north": {"uv": [0, 0, 7, 7.5], "texture": "#1", "tintindex": 0},
				"east": {"uv": [0, 0, 0, 7.5], "texture": "#1"},
				"south": {"uv": [7, 0, 0, 7.5], "texture": "#1", "tintindex": 0},
				"west": {"uv": [0, 0, 0, 7.5], "texture": "#1"},
				"up": {"uv": [0, 0, 6.5, 0], "texture": "#1"},
				"down": {"uv": [0, 0, 6.5, 0], "texture": "#1"}
			}
		},
		{
			"from": [10, 3, 10],
			"to": [24, 18, 10],
			"rotation": {"angle": -45, "axis": "y", "origin": [10, 11, 10]},
			"faces": {
				"north": {"uv": [7, 0, 14, 7.5], "texture": "#1"},
				"east": {"uv": [0, 0, 0, 7.5], "texture": "#1"},
				"south": {"uv": [14, 0, 7, 7.5], "texture": "#1"},
				"west": {"uv": [0, 0, 0, 7.5], "texture": "#1"},
				"up": {"uv": [0, 0, 6.5, 0], "texture": "#1"},
				"down": {"uv": [0, 0, 6.5, 0], "texture": "#1"}
			}
		}
	],
	"gui_light": "front",
	"display": {
		"gui": {
			"rotation": [30, 17, 0],
			"translation": [-1.5, 1.5, 0],
			"scale": [0.625, 0.625, 0.625]
		}
	},
	"groups": [
		{
			"name": "wings",
			"origin": [6, 9, 10],
			"color": 0,
			"nbt": "{}",
			"children": [
				{
					"name": "wing",
					"origin": [6, 9, 10],
					"color": 0,
					"nbt": "{}",
					"children": [0, 1]
				},
				{
					"name": "wing",
					"origin": [6, 9, 10],
					"color": 0,
					"nbt": "{}",
					"children": [2, 3]
				}
			]
		}
	],
	"__credit": "Generated using Animated Java (https://animated-java.dev/)"
}