{
	"credit": "by w11shes",
	"parent": "hideaway:display_parents/back",
	"texture_size": [64, 64],
	"textures": {
		"0": "hideaway:back/bat_backpack",
		"particle": "hideaway:back/bat_backpack"
	},
	"elements": [
		{
			"from": [4.02, 8.02, 15.02],
			"to": [11.98, 15.98, 20.98],
			"rotation": {"angle": -22.5, "axis": "x", "origin": [0, 7, 23]},
			"faces": {
				"north": {"uv": [4.492, 2.008, 2.508, 3.992], "texture": "#0", "tintindex": 0},
				"east": {"uv": [7.992, 3.758, 6.508, 5.742], "texture": "#0", "tintindex": 0},
				"south": {"uv": [4.492, 0.008, 2.508, 1.992], "texture": "#0", "tintindex": 0},
				"west": {"uv": [7.992, 5.758, 6.508, 7.742], "texture": "#0", "tintindex": 0},
				"up": {"uv": [1.992, 6.758, 0.008, 8.242], "texture": "#0", "tintindex": 0},
				"down": {"uv": [5.992, 8.992, 4.008, 7.508], "texture": "#0", "tintindex": 0}
			}
		},
		{
			"from": [3, 10, 10],
			"to": [13, 20, 15],
			"rotation": {"angle": -22.5, "axis": "x", "origin": [0, 7, 23]},
			"faces": {
				"north": {"uv": [2.492, 2.508, 0.008, 4.992], "texture": "#0", "tintindex": 0},
				"south": {"uv": [2.492, 0.008, 0.008, 2.492], "texture": "#0", "tintindex": 0},
				"up": {"uv": [6.492, 6.258, 4.008, 7.492], "texture": "#0", "tintindex": 0},
				"down": {"uv": [8.992, 1.242, 6.508, 0.008], "texture": "#0", "tintindex": 0}
			}
		},
		{
			"from": [13, 12, 7],
			"to": [3, 2, 2],
			"rotation": {"angle": -22.5, "axis": "x", "origin": [16, 23, -1]},
			"faces": {
				"north": {"uv": [2.492, 2.492, 0.008, 0.008], "texture": "#0", "tintindex": 0},
				"south": {"uv": [2.492, 4.992, 0.008, 2.508], "texture": "#0", "tintindex": 0},
				"up": {"uv": [6.508, 1.242, 8.992, 0.008], "texture": "#0", "tintindex": 0},
				"down": {"uv": [4.008, 6.258, 6.492, 7.492], "texture": "#0", "tintindex": 0}
			}
		},
		{
			"from": [4, 13, 12],
			"to": [12, 20, 20],
			"rotation": {"angle": 0, "axis": "y", "origin": [0, 7, 23]},
			"faces": {
				"north": {"uv": [3.992, 6.008, 2.008, 7.742], "texture": "#0", "tintindex": 0},
				"east": {"uv": [1.992, 5.008, 0.008, 6.742], "texture": "#0", "tintindex": 0},
				"south": {"uv": [6.492, 4.508, 4.508, 6.242], "texture": "#0", "tintindex": 0},
				"west": {"uv": [7.992, 2.008, 6.008, 3.742], "texture": "#0", "tintindex": 0},
				"up": {"uv": [4.492, 4.008, 2.508, 5.992], "texture": "#0", "tintindex": 0},
				"down": {"uv": [6.492, 1.992, 4.508, 0.008], "texture": "#0", "tintindex": 0}
			}
		},
		{
			"from": [6, 13, 20],
			"to": [10, 16, 22],
			"rotation": {"angle": 0, "axis": "y", "origin": [0, 7, 23]},
			"faces": {
				"east": {"uv": [2.492, 5.008, 2.008, 5.742], "texture": "#0", "tintindex": 0},
				"south": {"uv": [7.492, 1.258, 6.508, 1.992], "texture": "#0", "tintindex": 0},
				"west": {"uv": [6.492, 3.758, 6.008, 4.492], "texture": "#0", "tintindex": 0},
				"up": {"uv": [1.742, 8.258, 0.758, 8.742], "texture": "#0", "tintindex": 0},
				"down": {"uv": [8.992, 8.742, 8.008, 8.258], "texture": "#0", "tintindex": 0}
			}
		},
		{
			"from": [7, 15, 21],
			"to": [9, 16, 22],
			"rotation": {"angle": 0, "axis": "y", "origin": [0, 7, 23]},
			"faces": {
				"south": {"uv": [0.492, 9.258, 0.008, 9.492], "texture": "#0"},
				"up": {"uv": [0.492, 9.008, 0.008, 9.242], "texture": "#0"}
			}
		},
		{
			"from": [7, 13, 20],
			"to": [10, 16, 21],
			"rotation": {"angle": 22.5, "axis": "z", "origin": [0, 7, 19]},
			"faces": {
				"north": {"uv": [0.742, 8.258, 0.008, 8.992], "texture": "#0"},
				"east": {"uv": [7.742, 1.258, 7.508, 1.992], "texture": "#0"},
				"south": {"uv": [8.742, 7.508, 8.008, 8.242], "texture": "#0"},
				"west": {"uv": [7.992, 1.258, 7.758, 1.992], "texture": "#0"},
				"up": {"uv": [9.242, 1.758, 8.508, 1.992], "texture": "#0"},
				"down": {"uv": [9.242, 2.242, 8.508, 2.008], "texture": "#0"}
			}
		},
		{
			"from": [6, 13, 20],
			"to": [9, 16, 21],
			"rotation": {"angle": -22.5, "axis": "z", "origin": [16, 7, 19]},
			"faces": {
				"north": {"uv": [0.008, 8.258, 0.742, 8.992], "texture": "#0"},
				"east": {"uv": [7.758, 1.258, 7.992, 1.992], "texture": "#0"},
				"south": {"uv": [8.008, 7.508, 8.742, 8.242], "texture": "#0"},
				"west": {"uv": [7.508, 1.258, 7.742, 1.992], "texture": "#0"},
				"up": {"uv": [8.508, 1.758, 9.242, 1.992], "texture": "#0"},
				"down": {"uv": [8.508, 2.242, 9.242, 2.008], "texture": "#0"}
			}
		},
		{
			"from": [9.75, 10.5, 14.95],
			"to": [13.75, 15.5, 17],
			"rotation": {"angle": 45, "axis": "z", "origin": [-1, 7, 19]},
			"faces": {
				"north": {"uv": [7.992, 7.758, 7.008, 8.992], "texture": "#0", "tintindex": 0},
				"east": {"uv": [8.492, 1.258, 8.008, 2.492], "texture": "#0", "tintindex": 0},
				"south": {"uv": [6.992, 7.758, 6.008, 8.992], "texture": "#0", "tintindex": 0},
				"west": {"uv": [8.492, 2.508, 8.008, 3.742], "texture": "#0", "tintindex": 0},
				"up": {"uv": [9.492, 1.258, 8.508, 1.742], "texture": "#0", "tintindex": 0}
			}
		},
		{
			"from": [10.75, 10.5, 16.95],
			"to": [12.75, 14.5, 17],
			"rotation": {"angle": 45, "axis": "z", "origin": [-1, 7, 23]},
			"faces": {
				"south": {"uv": [9.492, 0.008, 9.008, 0.992], "texture": "#0"}
			}
		},
		{
			"from": [3.25, 10.5, 16.95],
			"to": [5.25, 14.5, 17],
			"rotation": {"angle": -45, "axis": "z", "origin": [17, 7, 23]},
			"faces": {
				"south": {"uv": [9.492, 0.008, 9.008, 0.992], "texture": "#0"}
			}
		},
		{
			"from": [2.25, 10.5, 14.95],
			"to": [6.25, 15.5, 17],
			"rotation": {"angle": -45, "axis": "z", "origin": [17, 7, 19]},
			"faces": {
				"north": {"uv": [7.008, 7.758, 7.992, 8.992], "texture": "#0", "tintindex": 0},
				"east": {"uv": [8.008, 2.508, 8.492, 3.742], "texture": "#0", "tintindex": 0},
				"south": {"uv": [6.008, 7.758, 6.992, 8.992], "texture": "#0", "tintindex": 0},
				"west": {"uv": [8.008, 1.258, 8.492, 2.492], "texture": "#0", "tintindex": 0},
				"up": {"uv": [8.508, 1.258, 9.492, 1.742], "texture": "#0", "tintindex": 0}
			}
		},
		{
			"from": [4, 5, 16.1],
			"to": [7, 8, 19.1],
			"rotation": {"angle": -22.5, "axis": "x", "origin": [0, 7, 23]},
			"faces": {
				"north": {"uv": [8.742, 5.258, 8.008, 5.992], "texture": "#0", "tintindex": 0},
				"east": {"uv": [8.742, 4.508, 8.008, 5.242], "texture": "#0", "tintindex": 0},
				"south": {"uv": [8.742, 3.758, 8.008, 4.492], "texture": "#0", "tintindex": 0},
				"west": {"uv": [8.742, 6.008, 8.008, 6.742], "texture": "#0", "tintindex": 0},
				"down": {"uv": [8.742, 7.492, 8.008, 6.758], "texture": "#0", "tintindex": 0}
			}
		},
		{
			"from": [9, 5, 16.1],
			"to": [12, 8, 19.1],
			"rotation": {"angle": -22.5, "axis": "x", "origin": [0, 7, 23]},
			"faces": {
				"north": {"uv": [8.742, 5.258, 8.008, 5.992], "texture": "#0", "tintindex": 0},
				"east": {"uv": [8.742, 4.508, 8.008, 5.242], "texture": "#0", "tintindex": 0},
				"south": {"uv": [8.742, 3.758, 8.008, 4.492], "texture": "#0", "tintindex": 0},
				"west": {"uv": [8.742, 6.008, 8.008, 6.742], "texture": "#0", "tintindex": 0},
				"down": {"uv": [8.742, 7.492, 8.008, 6.758], "texture": "#0", "tintindex": 0}
			}
		},
		{
			"from": [10, 6, 15],
			"to": [14, 16, 22],
			"rotation": {"angle": -22.5, "axis": "x", "origin": [0, 7, 23]},
			"faces": {
				"north": {"uv": [3.008, 7.758, 3.992, 10.242], "texture": "#0", "tintindex": 0},
				"east": {"uv": [4.008, 9.008, 5.742, 11.492], "texture": "#0", "tintindex": 0},
				"south": {"uv": [2.008, 7.758, 2.992, 10.242], "texture": "#0", "tintindex": 0}
			}
		},
		{
			"from": [2, 6, 15],
			"to": [6, 16, 22],
			"rotation": {"angle": -22.5, "axis": "x", "origin": [16, 7, 23]},
			"faces": {
				"north": {"uv": [3.992, 7.758, 3.008, 10.242], "texture": "#0", "tintindex": 0},
				"south": {"uv": [2.992, 7.758, 2.008, 10.242], "texture": "#0", "tintindex": 0},
				"west": {"uv": [5.742, 9.008, 4.008, 11.492], "texture": "#0", "tintindex": 0}
			}
		},
		{
			"from": [6, 8, 14],
			"to": [2, -2, 7],
			"rotation": {"angle": -22.5, "axis": "x", "origin": [0, 23, -1]},
			"faces": {
				"north": {"uv": [2.992, 10.242, 2.008, 7.758], "texture": "#0", "tintindex": 0},
				"east": {"uv": [5.742, 11.492, 4.008, 9.008], "texture": "#0", "tintindex": 0},
				"south": {"uv": [3.992, 10.242, 3.008, 7.758], "texture": "#0", "tintindex": 0}
			}
		},
		{
			"from": [14, 8, 14],
			"to": [10, -2, 7],
			"rotation": {"angle": -22.5, "axis": "x", "origin": [16, 23, -1]},
			"faces": {
				"north": {"uv": [2.008, 10.242, 2.992, 7.758], "texture": "#0", "tintindex": 0},
				"south": {"uv": [3.008, 10.242, 3.992, 7.758], "texture": "#0", "tintindex": 0},
				"west": {"uv": [4.008, 11.492, 5.742, 9.008], "texture": "#0", "tintindex": 0}
			}
		}
	],
	"display": {
		"gui": {
			"rotation": [30, 45, 0],
			"translation": [-3, -0.75, 0],
			"scale": [0.69, 0.69, 0.69]
		}
	},
	"__credit": "Generated using Animated Java (https://animated-java.dev/)"
}