{
	"credit": "Made with Blockbench",
	"parent": "hideaway:display_parents/back",
	"texture_size": [64, 64],
	"textures": {
		"0": "hideaway:back/bath_bomb_wings",
		"particle": "hideaway:back/bath_bomb_wings"
	},
	"elements": [
		{
			"from": [4.5, 5, 10],
			"to": [11.5, 12, 14],
			"rotation": {"angle": 0, "axis": "y", "origin": [6.5, 7, 7]},
			"faces": {
				"north": {"uv": [1.75, 7.5, 3.5, 9.25], "texture": "#0"},
				"east": {"uv": [3.5, 7.5, 4.5, 9.25], "texture": "#0"},
				"south": {"uv": [1.75, 7.5, 3.5, 9.25], "texture": "#0"},
				"west": {"uv": [3.5, 7.5, 4.5, 9.25], "texture": "#0"},
				"up": {"uv": [7.25, 8.5, 5.5, 7.5], "texture": "#0"},
				"down": {"uv": [9, 7.5, 7.25, 8.5], "texture": "#0"}
			}
		},
		{
			"from": [7, -4, 15],
			"to": [30, 26, 15],
			"rotation": {"angle": -22.5, "axis": "y", "origin": [19, 10.5, 15]},
			"faces": {
				"north": {"uv": [0, 0, 5.75, 7.5], "texture": "#0"},
				"east": {"uv": [0, 0, 0, 7.5], "texture": "#0"},
				"south": {"uv": [5.75, 0, 11.5, 7.5], "texture": "#0"},
				"west": {"uv": [0, 0, 0, 7.5], "texture": "#0"},
				"up": {"uv": [5.75, 0, 0, 0], "texture": "#0"},
				"down": {"uv": [5.75, 0, 0, 0], "texture": "#0"}
			}
		},
		{
			"from": [-14, -4, 15],
			"to": [9, 26, 15],
			"rotation": {"angle": 22.5, "axis": "y", "origin": [-3, 10.5, 15]},
			"faces": {
				"north": {"uv": [5.75, 0, 0, 7.5], "texture": "#0"},
				"east": {"uv": [0, 0, 0, 7.5], "texture": "#0"},
				"south": {"uv": [11.5, 0, 5.75, 7.5], "texture": "#0"},
				"west": {"uv": [0, 0, 0, 7.5], "texture": "#0"},
				"up": {"uv": [0, 0, 5.75, 0], "texture": "#0"},
				"down": {"uv": [0, 0, 5.75, 0], "texture": "#0"}
			}
		}
	],
	"display": {
		"thirdperson_righthand": {
			"rotation": [34, 35, 0],
			"translation": [-3, 0.25, 0],
			"scale": [0.5, 0.5, 0.5]
		},
		"thirdperson_lefthand": {
			"rotation": [34, 35, 0],
			"translation": [-3, 0.25, 0],
			"scale": [0.5, 0.5, 0.5]
		},
		"gui": {
			"rotation": [27, -145, 0],
			"translation": [2.75, -3.75, 0],
			"scale": [0.5, 0.5, 0.5]
		}
	},
	"groups": [
		{
			"name": "group",
			"origin": [8, 8, 8],
			"color": 0,
			"nbt": "{}",
			"children": [0, 1, 2]
		}
	]
}