{
	"credit": "Made by Ziqqy using Blockbench",
	"parent": "hideaway:display_parents/back",
	"texture_size": [64, 64],
	"textures": {
		"1": "hideaway:back/bee_wings",
		"particle": "hideaway:back/bee_wings"
	},
	"elements": [
		{
			"from": [-14, 6, 11],
			"to": [9, 18, 11],
			"rotation": {"angle": -22.5, "axis": "z", "origin": [6, 15.5, 21.75]},
			"faces": {
				"north": {"uv": [0.008, 0.008, 5.742, 2.992], "texture": "#1"},
				"east": {"uv": [0.008, 0.008, 0.008, 2.992], "texture": "#1"},
				"south": {"uv": [0.008, 3.008, 5.742, 5.992], "texture": "#1"},
				"west": {"uv": [0.008, 0.008, 0.008, 2.992], "texture": "#1"},
				"up": {"uv": [5.742, 0.008, 0.008, 0.008], "texture": "#1"},
				"down": {"uv": [5.742, 0.008, 0.008, 0.008], "texture": "#1"}
			}
		},
		{
			"from": [-9, 2, 12],
			"to": [7, 9, 12],
			"rotation": {"angle": -22.5, "axis": "x", "origin": [-1, 5.5, 11]},
			"faces": {
				"north": {"uv": [5.758, 0.008, 9.742, 1.742], "texture": "#1"},
				"east": {"uv": [0.008, 0.008, 0.008, 1.742], "texture": "#1"},
				"south": {"uv": [5.758, 1.758, 9.742, 3.492], "texture": "#1"},
				"west": {"uv": [0.008, 0.008, 0.008, 1.742], "texture": "#1"},
				"up": {"uv": [3.992, 0.008, 0.008, 0.008], "texture": "#1"},
				"down": {"uv": [3.992, 0.008, 0.008, 0.008], "texture": "#1"}
			}
		},
		{
			"from": [7, 6, 11],
			"to": [30, 18, 11],
			"rotation": {"angle": 22.5, "axis": "z", "origin": [10, 15.5, 21.75]},
			"faces": {
				"north": {"uv": [5.742, 0.008, 0.008, 2.992], "texture": "#1"},
				"east": {"uv": [0.008, 0.008, 0.008, 2.992], "texture": "#1"},
				"south": {"uv": [5.742, 3.008, 0.008, 5.992], "texture": "#1"},
				"west": {"uv": [0.008, 0.008, 0.008, 2.992], "texture": "#1"},
				"up": {"uv": [0.008, 0.008, 5.742, 0.008], "texture": "#1"},
				"down": {"uv": [0.008, 0.008, 5.742, 0.008], "texture": "#1"}
			}
		},
		{
			"from": [9, 2, 12],
			"to": [25, 9, 12],
			"rotation": {"angle": -22.5, "axis": "x", "origin": [17, 5.5, 11]},
			"faces": {
				"north": {"uv": [9.742, 0.008, 5.758, 1.742], "texture": "#1"},
				"east": {"uv": [0.008, 0.008, 0.008, 1.742], "texture": "#1"},
				"south": {"uv": [9.742, 1.758, 5.758, 3.492], "texture": "#1"},
				"west": {"uv": [0.008, 0.008, 0.008, 1.742], "texture": "#1"},
				"up": {"uv": [0.008, 0.008, 3.992, 0.008], "texture": "#1"},
				"down": {"uv": [0.008, 0.008, 3.992, 0.008], "texture": "#1"}
			}
		}
	],
	"display": {
		"thirdperson_righthand": {
			"rotation": [97.16, -54.13, 42.7],
			"translation": [5.25, -0.5, 1.5]
		},
		"thirdperson_lefthand": {
			"rotation": [97.16, -54.13, 42.7],
			"translation": [5.25, -0.5, 1.5]
		},
		"firstperson_righthand": {
			"rotation": [164.67, 47.57, 168.55],
			"translation": [3, -5.5, -8]
		},
		"firstperson_lefthand": {
			"rotation": [164.67, 47.57, 168.55],
			"translation": [3, -5.5, -8]
		},
		"gui": {
			"rotation": [30, 45, 0],
			"translation": [-1, -1.5, 0],
			"scale": [0.48, 0.48, 0.48]
		}
	},
	"groups": [
		{
			"name": "group",
			"origin": [8, 8, 8],
			"color": 0,
			"children": [
				{
					"name": "group",
					"origin": [8, 8, 8],
					"color": 0,
					"children": [0, 1, 2, 3]
				}
			]
		}
	]
}