{
	"credit": "Made with Blockbench",
	"parent": "hideaway:display_parents/back",
	"texture_size": [32, 32],
	"textures": {
		"1": "hideaway:back/big_bow_sash",
		"particle": "hideaway:back/big_bow_sash"
	},
	"elements": [
		{
			"from": [6.5, 6, 10],
			"to": [9.5, 9, 12],
			"rotation": {"angle": 0, "axis": "y", "origin": [3.5, 0.5, 7]},
			"faces": {
				"north": {"uv": [4.516, 11.016, 5.984, 12.484], "texture": "#1", "tintindex": 0},
				"east": {"uv": [7.516, 11.016, 8.484, 12.484], "texture": "#1", "tintindex": 0},
				"south": {"uv": [6.016, 11.016, 7.484, 12.484], "texture": "#1", "tintindex": 0},
				"west": {"uv": [8.516, 11.016, 9.484, 12.484], "texture": "#1", "tintindex": 0},
				"up": {"uv": [10.984, 11.984, 9.516, 11.016], "texture": "#1", "tintindex": 0},
				"down": {"uv": [12.484, 11.016, 11.016, 11.984], "texture": "#1", "tintindex": 0}
			}
		},
		{
			"from": [-1.5, 5, 12.5],
			"to": [7.5, 12, 12.5],
			"rotation": {"angle": 22.5, "axis": "y", "origin": [3, 9, 12]},
			"faces": {
				"north": {"uv": [0.016, 7.516, 4.484, 10.984], "texture": "#1", "tintindex": 0},
				"east": {"uv": [0.016, 0.016, 0.016, 3.484], "texture": "#1", "tintindex": 0},
				"south": {"uv": [4.516, 7.516, 8.984, 10.984], "texture": "#1", "tintindex": 0},
				"west": {"uv": [0.016, 0.016, 0.016, 3.484], "texture": "#1", "tintindex": 0},
				"up": {"uv": [4.484, 0.016, 0.016, 0.016], "texture": "#1", "tintindex": 0},
				"down": {"uv": [4.484, 0.016, 0.016, 0.016], "texture": "#1", "tintindex": 0}
			}
		},
		{
			"from": [8.5, 5, 12.5],
			"to": [17.5, 12, 12.5],
			"rotation": {"angle": -22.5, "axis": "y", "origin": [13, 9, 12]},
			"faces": {
				"north": {"uv": [9.016, 7.516, 13.484, 10.984], "texture": "#1", "tintindex": 0},
				"east": {"uv": [0.016, 0.016, 0.016, 3.484], "texture": "#1", "tintindex": 0},
				"south": {"uv": [0.016, 11.016, 4.484, 14.484], "texture": "#1", "tintindex": 0},
				"west": {"uv": [0.016, 0.016, 0.016, 3.484], "texture": "#1", "tintindex": 0},
				"up": {"uv": [4.484, 0.016, 0.016, 0.016], "texture": "#1", "tintindex": 0},
				"down": {"uv": [4.484, 0.016, 0.016, 0.016], "texture": "#1", "tintindex": 0}
			}
		},
		{
			"from": [2, -6, 10.5],
			"to": [14, 9, 10.5],
			"rotation": {"angle": 0, "axis": "y", "origin": [4, 1, 7]},
			"faces": {
				"north": {"uv": [0.016, 0.016, 5.984, 7.484], "texture": "#1", "tintindex": 0},
				"east": {"uv": [0.016, 0.016, 0.016, 7.484], "texture": "#1", "tintindex": 0},
				"south": {"uv": [6.016, 0.016, 11.984, 7.484], "texture": "#1", "tintindex": 0},
				"west": {"uv": [0.016, 0.016, 0.016, 7.484], "texture": "#1", "tintindex": 0},
				"up": {"uv": [5.984, 0.016, 0.016, 0.016], "texture": "#1", "tintindex": 0},
				"down": {"uv": [5.984, 0.016, 0.016, 0.016], "texture": "#1", "tintindex": 0}
			}
		}
	],
	"display": {}
}