{
	"credit": "Made with Blockbench",
	"parent": "hideaway:display_parents/back",
	"texture_size": [32, 32],
	"textures": {
		"0": "hideaway:back/bone_wings",
		"particle": "hideaway:back/bone_wings"
	},
	"elements": [
		{
			"from": [-16, -6, 14.5],
			"to": [5, 20, 14.5],
			"rotation": {"angle": 22.5, "axis": "y", "origin": [-5.5, 7, 10]},
			"faces": {
				"north": {"uv": [10.5, 0, 0, 13], "texture": "#0", "tintindex": 0},
				"east": {"uv": [0, 0, 0, 13], "texture": "#0"},
				"south": {"uv": [0, 0, 10.5, 13], "texture": "#0", "tintindex": 0},
				"west": {"uv": [0, 0, 0, 13], "texture": "#0"},
				"up": {"uv": [10.5, 0, 0, 0], "texture": "#0"},
				"down": {"uv": [10.5, 0, 0, 0], "texture": "#0"}
			}
		},
		{
			"from": [11, -6, 14.5],
			"to": [32, 20, 14.5],
			"rotation": {"angle": -22.5, "axis": "y", "origin": [21.5, 7, 10]},
			"faces": {
				"north": {"uv": [0, 0, 10.5, 13], "texture": "#0", "tintindex": 0},
				"east": {"uv": [0, 0, 0, 13], "texture": "#0"},
				"south": {"uv": [10.5, 0, 0, 13], "texture": "#0", "tintindex": 0},
				"west": {"uv": [0, 0, 0, 13], "texture": "#0"},
				"up": {"uv": [0, 0, 10.5, 0], "texture": "#0"},
				"down": {"uv": [0, 0, 10.5, 0], "texture": "#0"}
			}
		}
	],
	"display": {
		"gui": {
			"rotation": [180, -29.75, 180],
			"translation": [2.25, 0.5, 0],
			"scale": [0.45, 0.45, 0.45]
		}
	}
}