{
	"credit": "Made with Blockbench",
	"parent": "hideaway:display_parents/back",
	"texture_size": [32, 32],
	"textures": {
		"1": "hideaway:back/bow_sash",
		"particle": "hideaway:back/bow_sash"
	},
	"elements": [
		{
			"from": [1.5, 6, 11.5],
			"to": [7.5, 11, 11.5],
			"rotation": {"angle": 22.5, "axis": "y", "origin": [5.64645, 8.5, 12.35355]},
			"faces": {
				"north": {"uv": [0.516, 4.516, 3.484, 6.984], "texture": "#1", "tintindex": 0},
				"east": {"uv": [0.016, 0.016, 0.016, 2.484], "texture": "#1", "tintindex": 0},
				"south": {"uv": [3.516, 4.516, 6.484, 6.984], "texture": "#1", "tintindex": 0},
				"west": {"uv": [0.016, 0.016, 0.016, 2.484], "texture": "#1", "tintindex": 0},
				"up": {"uv": [3.484, 0.016, 0.016, 0.016], "texture": "#1", "tintindex": 0},
				"down": {"uv": [3.484, 0.016, 0.016, 0.016], "texture": "#missing", "tintindex": 0}
			}
		},
		{
			"from": [8.5, 6, 11.5],
			"to": [14.5, 11, 11.5],
			"rotation": {"angle": -22.5, "axis": "y", "origin": [10.35355, 8.5, 12.35355]},
			"faces": {
				"north": {"uv": [0.016, 7.016, 2.984, 9.484], "texture": "#1", "tintindex": 0},
				"east": {"uv": [0.016, 0.016, 0.016, 2.484], "texture": "#1", "tintindex": 0},
				"south": {"uv": [4.016, 7.016, 6.984, 9.484], "texture": "#1", "tintindex": 0},
				"west": {"uv": [0.016, 0.016, 0.016, 2.484], "texture": "#1", "tintindex": 0},
				"up": {"uv": [3.484, 0.016, 0.016, 0.016], "texture": "#1", "tintindex": 0},
				"down": {"uv": [3.484, 0.016, 0.016, 0.016], "texture": "#missing", "tintindex": 0}
			}
		},
		{
			"from": [7, 7, 10],
			"to": [9, 9, 11],
			"rotation": {"angle": 0, "axis": "y", "origin": [7, 7, 7]},
			"faces": {
				"north": {"uv": [7.016, 4.516, 7.984, 5.484], "texture": "#1", "tintindex": 0},
				"east": {"uv": [7.016, 6.516, 7.484, 7.484], "texture": "#1", "tintindex": 0},
				"south": {"uv": [7.016, 5.516, 7.984, 6.484], "texture": "#1", "tintindex": 0},
				"west": {"uv": [7.516, 6.516, 7.984, 7.484], "texture": "#1", "tintindex": 0},
				"up": {"uv": [7.984, 7.984, 7.016, 7.516], "texture": "#1", "tintindex": 0},
				"down": {"uv": [8.984, 0.016, 8.016, 0.484], "texture": "#missing", "tintindex": 0}
			}
		},
		{
			"from": [4, -1, 10.5],
			"to": [12, 8, 10.5],
			"rotation": {"angle": 0, "axis": "y", "origin": [8, 5, 10.5]},
			"faces": {
				"north": {"uv": [0.016, 0.016, 3.984, 4.484], "texture": "#1", "tintindex": 0},
				"east": {"uv": [0.016, 0.016, 0.016, 4.484], "texture": "#1", "tintindex": 0},
				"south": {"uv": [4.016, 0.016, 7.984, 4.484], "texture": "#1", "tintindex": 0},
				"west": {"uv": [0.016, 0.016, 0.016, 4.484], "texture": "#1", "tintindex": 0},
				"up": {"uv": [3.984, 0.016, 0.016, 0.016], "texture": "#1", "tintindex": 0},
				"down": {"uv": [3.984, 0.016, 0.016, 0.016], "texture": "#missing", "tintindex": 0}
			}
		}
	],
	"display": {}
}