{
	"credit": "Made with Blockbench",
	"parent": "hideaway:display_parents/back",
	"texture_size": [64, 64],
	"textures": {
		"0": "hideaway:back/bow_and_arrow",
		"particle": "hideaway:back/bow_and_arrow"
	},
	"elements": [
		{
			"from": [6.00676, -2.8625, 12],
			"to": [7.00676, 24.1375, 12.05],
			"rotation": {"angle": -45, "axis": "z", "origin": [6.15856, 9.73286, 14.5]},
			"faces": {
				"north": {"uv": [4, 5.25, 4.25, 12], "texture": "#0"},
				"south": {"uv": [4, 5.25, 4.25, 12], "texture": "#0"}
			}
		},
		{
			"from": [10.37072, 0.60196, 11],
			"to": [12.37072, 20.60196, 13],
			"rotation": {"angle": -45, "axis": "z", "origin": [6.15856, 9.73286, 14.5]},
			"faces": {
				"north": {"uv": [1.25, 4, 1.75, 9], "texture": "#0"},
				"east": {"uv": [1.75, 4, 2.25, 9], "texture": "#0"},
				"south": {"uv": [1.75, 4, 1.25, 9], "texture": "#0"},
				"west": {"uv": [2.25, 4, 2.75, 9], "texture": "#0"}
			}
		},
		{
			"from": [10.37072, 6.60196, 11],
			"to": [12.37072, 15.60196, 13],
			"rotation": {"angle": -45, "axis": "z", "origin": [6.15856, 9.73286, 14.5]},
			"faces": {
				"north": {"uv": [0, 8, 0.5, 10.25], "texture": "#0", "tintindex": 0},
				"east": {"uv": [0.75, 8, 1.25, 10.25], "texture": "#0", "tintindex": 0},
				"south": {"uv": [0.5, 8, 0, 10.25], "texture": "#0", "tintindex": 0},
				"west": {"uv": [1.25, 9, 1.75, 11.25], "texture": "#0", "tintindex": 0}
			}
		},
		{
			"from": [16.23684, 13.02581, 10.98],
			"to": [18.23684, 20.02581, 13.02],
			"rotation": {"angle": 0, "axis": "z", "origin": [6.15856, 9.73286, 14.5]},
			"faces": {
				"north": {"uv": [4.25, 5.25, 4.75, 7], "texture": "#0"},
				"east": {"uv": [4.75, 5.25, 5.25, 7], "texture": "#0"},
				"south": {"uv": [4.75, 5.25, 4.25, 7], "texture": "#0"},
				"west": {"uv": [5.25, 5.25, 5.75, 7], "texture": "#0"},
				"up": {"uv": [5.25, 4, 4.75, 3.5], "texture": "#0"}
			}
		},
		{
			"from": [16.23684, 15.02581, 10.98],
			"to": [18.23684, 18.02581, 13.02],
			"rotation": {"angle": 0, "axis": "z", "origin": [6.15856, 9.73286, 14.5]},
			"faces": {
				"north": {"uv": [4.25, 7, 4.75, 7.75], "texture": "#0", "tintindex": 0},
				"east": {"uv": [4.75, 7, 5.25, 7.75], "texture": "#0", "tintindex": 0},
				"south": {"uv": [4.75, 7, 4.25, 7.75], "texture": "#0", "tintindex": 0},
				"west": {"uv": [5.25, 7, 5.75, 7.75], "texture": "#0", "tintindex": 0}
			}
		},
		{
			"from": [-0.9053, -1.11632, 10.98],
			"to": [2.0947, 0.88368, 13.02],
			"rotation": {"angle": 0, "axis": "z", "origin": [6.15856, 9.73286, 14.5]},
			"faces": {
				"north": {"uv": [4.25, 7.75, 4.75, 7], "rotation": 270, "texture": "#0", "tintindex": 0},
				"south": {"uv": [4.75, 7.75, 4.25, 7], "rotation": 90, "texture": "#0", "tintindex": 0},
				"up": {"uv": [5.25, 7.75, 5.75, 7], "rotation": 90, "texture": "#0", "tintindex": 0},
				"down": {"uv": [4.75, 7.75, 5.25, 7], "rotation": 90, "texture": "#0", "tintindex": 0}
			}
		},
		{
			"from": [6.00676, 24.13749, 12],
			"to": [8.00676, 28.13749, 12.05],
			"rotation": {"angle": -45, "axis": "z", "origin": [6.15856, 9.73286, 14.5]},
			"faces": {
				"north": {"uv": [5.5, 2.5, 6, 3.5], "texture": "#0"},
				"south": {"uv": [6, 2.5, 5.5, 3.5], "texture": "#0"}
			}
		},
		{
			"from": [8.00676, 24.13749, 12],
			"to": [11.00676, 28.13749, 12.05],
			"rotation": {"angle": -45, "axis": "z", "origin": [6.15856, 9.73286, 14.5]},
			"faces": {
				"north": {"uv": [4.75, 2.5, 5.5, 3.5], "texture": "#0", "tintindex": 0},
				"south": {"uv": [5.5, 2.5, 4.75, 3.5], "texture": "#0", "tintindex": 0}
			}
		},
		{
			"from": [-2.9053, -1.11632, 10.98],
			"to": [4.0947, 0.88368, 13.02],
			"rotation": {"angle": 0, "axis": "z", "origin": [6.15856, 9.73286, 14.5]},
			"faces": {
				"north": {"uv": [4.25, 7, 4.75, 5.25], "rotation": 270, "texture": "#0"},
				"south": {"uv": [4.75, 7, 4.25, 5.25], "rotation": 90, "texture": "#0"},
				"west": {"uv": [5.25, 4, 4.75, 3.5], "rotation": 90, "texture": "#0"},
				"up": {"uv": [5.75, 7, 5.25, 5.25], "rotation": 90, "texture": "#0"},
				"down": {"uv": [5.25, 7, 4.75, 5.25], "rotation": 90, "texture": "#0"}
			}
		},
		{
			"from": [6.00676, -6.93357, 11.95],
			"to": [8.00676, -2.93357, 12],
			"rotation": {"angle": -45, "axis": "z", "origin": [6.15856, 9.73286, 14.5]},
			"faces": {
				"north": {"uv": [5.5, 3.5, 6, 2.5], "texture": "#0"},
				"south": {"uv": [6, 3.5, 5.5, 2.5], "texture": "#0"}
			}
		},
		{
			"from": [8.00676, -6.93357, 11.95],
			"to": [11.00676, -2.93357, 12],
			"rotation": {"angle": -45, "axis": "z", "origin": [6.15856, 9.73286, 14.5]},
			"faces": {
				"north": {"uv": [4.75, 3.5, 5.5, 2.5], "texture": "#0", "tintindex": 0},
				"south": {"uv": [5.5, 3.5, 4.75, 2.5], "texture": "#0", "tintindex": 0}
			}
		},
		{
			"from": [3.04295, -0.08745, 13],
			"to": [10.04295, 15.91255, 18],
			"rotation": {"angle": 22.5, "axis": "z", "origin": [5.15856, 7.73286, 14.5]},
			"faces": {
				"north": {"uv": [1.75, 0, 3.5, 4], "texture": "#0"},
				"east": {"uv": [0, 4, 1.25, 8], "texture": "#0"},
				"south": {"uv": [1.75, 0, 3.5, 4], "texture": "#0"},
				"west": {"uv": [0, 4, 1.25, 8], "texture": "#0"},
				"up": {"uv": [6.5, 1.25, 4.75, 0], "texture": "#0"},
				"down": {"uv": [6.5, 1.25, 4.75, 2.5], "texture": "#0"}
			}
		},
		{
			"from": [2.54295, -0.58745, 12.5],
			"to": [10.54295, 16.41255, 18.5],
			"rotation": {"angle": 22.5, "axis": "z", "origin": [5.15856, 7.73286, 14.5]},
			"faces": {
				"north": {"uv": [0, 0, 1.75, 4], "texture": "#0", "tintindex": 0},
				"east": {"uv": [3.5, 0, 4.75, 4], "texture": "#0", "tintindex": 0},
				"south": {"uv": [0, 0, 1.75, 4], "texture": "#0", "tintindex": 0},
				"west": {"uv": [3.5, 0, 4.75, 4], "texture": "#0", "tintindex": 0},
				"up": {"uv": [4.5, 5.25, 2.75, 4], "texture": "#0", "tintindex": 0}
			}
		},
		{
			"from": [-9.44736, 7.557, 17],
			"to": [-2.44736, 12.557, 17.05],
			"rotation": {"angle": -45, "axis": "z", "origin": [5.15856, 7.73286, 14.5]},
			"faces": {
				"north": {"uv": [2.75, 5.25, 4, 7], "rotation": 90, "texture": "#0"},
				"south": {"uv": [2.75, 5.25, 4, 7], "rotation": 270, "texture": "#0"}
			}
		},
		{
			"from": [-9.44736, 7.557, 17],
			"to": [-2.44736, 12.557, 17.05],
			"rotation": {"angle": -45, "axis": "z", "origin": [5.15856, 7.73286, 14.5]},
			"faces": {
				"north": {"uv": [2.75, 7.5, 4, 9.25], "rotation": 90, "texture": "#0", "tintindex": 0},
				"south": {"uv": [2.75, 7.5, 4, 9.25], "rotation": 270, "texture": "#0", "tintindex": 0}
			}
		},
		{
			"from": [-9.44736, 10.057, 14.5],
			"to": [-2.44736, 10.107, 19.5],
			"rotation": {"angle": -45, "axis": "z", "origin": [5.15856, 7.73286, 14.5]},
			"faces": {
				"up": {"uv": [2.75, 5.25, 4, 7], "rotation": 270, "texture": "#0"},
				"down": {"uv": [2.75, 5.25, 4, 7], "rotation": 270, "texture": "#0"}
			}
		},
		{
			"from": [-9.44736, 10.057, 14.5],
			"to": [-2.44736, 10.107, 19.5],
			"rotation": {"angle": -45, "axis": "z", "origin": [5.15856, 7.73286, 14.5]},
			"faces": {
				"up": {"uv": [2.75, 7.5, 4, 9.25], "rotation": 270, "texture": "#0", "tintindex": 0},
				"down": {"uv": [2.75, 7.5, 4, 9.25], "rotation": 270, "texture": "#0", "tintindex": 0}
			}
		},
		{
			"from": [-1.08528, 15.70051, 17],
			"to": [3.91472, 22.70051, 17.05],
			"rotation": {"angle": -22.5, "axis": "z", "origin": [5.15856, 7.73286, 14.5]},
			"faces": {
				"north": {"uv": [2.75, 5.25, 4, 7], "texture": "#0"},
				"south": {"uv": [2.75, 5.25, 4, 7], "texture": "#0"}
			}
		},
		{
			"from": [-1.08528, 15.70051, 17],
			"to": [3.91472, 22.70051, 17.05],
			"rotation": {"angle": -22.5, "axis": "z", "origin": [5.15856, 7.73286, 14.5]},
			"faces": {
				"north": {"uv": [2.75, 7.5, 4, 9.25], "texture": "#0", "tintindex": 0},
				"south": {"uv": [2.75, 7.5, 4, 9.25], "texture": "#0", "tintindex": 0}
			}
		},
		{
			"from": [1.41472, 15.70051, 14.5],
			"to": [1.46472, 22.70051, 19.5],
			"rotation": {"angle": -22.5, "axis": "z", "origin": [5.15856, 7.73286, 14.5]},
			"faces": {
				"east": {"uv": [2.75, 7.5, 4, 9.25], "texture": "#0", "tintindex": 0},
				"west": {"uv": [2.75, 7.5, 4, 9.25], "texture": "#0", "tintindex": 0}
			}
		},
		{
			"from": [1.41472, 15.70051, 14.5],
			"to": [1.46472, 22.70051, 19.5],
			"rotation": {"angle": -22.5, "axis": "z", "origin": [5.15856, 7.73286, 14.5]},
			"faces": {
				"east": {"uv": [2.75, 5.25, 4, 7], "texture": "#0"},
				"west": {"uv": [2.75, 5.25, 4, 7], "texture": "#0"}
			}
		},
		{
			"from": [4.04295, 15.91255, 14],
			"to": [9.04295, 22.91255, 14.05],
			"rotation": {"angle": 22.5, "axis": "z", "origin": [5.15856, 7.73286, 14.5]},
			"faces": {
				"north": {"uv": [2.75, 5.25, 4, 7], "texture": "#0"},
				"south": {"uv": [2.75, 5.25, 4, 7], "texture": "#0"}
			}
		},
		{
			"from": [4.04295, 15.91255, 14],
			"to": [9.04295, 22.91255, 14.05],
			"rotation": {"angle": 22.5, "axis": "z", "origin": [5.15856, 7.73286, 14.5]},
			"faces": {
				"north": {"uv": [2.75, 7.5, 4, 9.25], "texture": "#0", "tintindex": 0},
				"south": {"uv": [2.75, 7.5, 4, 9.25], "texture": "#0", "tintindex": 0}
			}
		},
		{
			"from": [6.54295, 15.91255, 11.5],
			"to": [6.59295, 22.91255, 16.5],
			"rotation": {"angle": 22.5, "axis": "z", "origin": [5.15856, 7.73286, 14.5]},
			"faces": {
				"east": {"uv": [2.75, 7.5, 4, 9.25], "texture": "#0", "tintindex": 0},
				"west": {"uv": [2.75, 7.5, 4, 9.25], "texture": "#0", "tintindex": 0}
			}
		},
		{
			"from": [6.54295, 15.91255, 11.5],
			"to": [6.59295, 22.91255, 16.5],
			"rotation": {"angle": 22.5, "axis": "z", "origin": [5.15856, 7.73286, 14.5]},
			"faces": {
				"east": {"uv": [2.75, 5.25, 4, 7], "texture": "#0"},
				"west": {"uv": [2.75, 5.25, 4, 7], "texture": "#0"}
			}
		}
	],
	"display": {},
	"groups": [
		{
			"name": "bow",
			"origin": [10, 7, 8],
			"color": 0,
			"nbt": "{}",
			"armAnimationEnabled": false,
			"children": [0, 1, 2, 3, 4, 5, 6, 7, 8, 9, 10]
		},
		{
			"name": "quiver",
			"origin": [-1, 13, 12],
			"color": 0,
			"nbt": "{}",
			"armAnimationEnabled": false,
			"children": [11, 12, 13, 14, 15, 16, 17, 18, 19, 20, 21, 22, 23, 24]
		}
	]
}