{
	"credit": "Made by CookiesNom with Blockbench",
	"parent": "hideaway:display_parents/back",
	"texture_size": [64, 64],
	"textures": {
		"2": "hideaway:back/box_backpack",
		"particle": "hideaway:back/box_backpack"
	},
	"elements": [
		{
			"from": [4, 2, 10],
			"to": [12, 14, 17],
			"rotation": {"angle": 0, "axis": "y", "origin": [0, 2, 0]},
			"faces": {
				"north": {"uv": [0.008, 0.008, 1.992, 2.992], "texture": "#2"},
				"east": {"uv": [4.008, 0.008, 5.742, 2.992], "texture": "#2"},
				"south": {"uv": [2.008, 0.008, 3.992, 2.992], "texture": "#2"},
				"west": {"uv": [4.008, 3.008, 5.742, 5.992], "texture": "#2"},
				"up": {"uv": [5.492, 7.742, 3.508, 6.008], "texture": "#2"},
				"down": {"uv": [7.492, 6.008, 5.508, 7.742], "texture": "#2"}
			}
		},
		{
			"from": [3.7, 1.7, 9.7],
			"to": [12.3, 14.3, 17.3],
			"rotation": {"angle": 0, "axis": "y", "origin": [0, 2, 0]},
			"faces": {
				"north": {"uv": [0.008, 3.008, 1.992, 5.992], "texture": "#2"},
				"east": {"uv": [5.758, 0.008, 7.492, 2.992], "texture": "#2"},
				"south": {"uv": [2.008, 3.008, 3.992, 5.992], "texture": "#2"},
				"west": {"uv": [5.758, 3.008, 7.492, 5.992], "texture": "#2"},
				"up": {"uv": [9.492, 1.742, 7.508, 0.008], "texture": "#2"},
				"down": {"uv": [9.492, 1.758, 7.508, 3.492], "texture": "#2"}
			}
		},
		{
			"from": [4.5, 2.5, 16.5],
			"to": [11.5, 13.5, 17.5],
			"rotation": {"angle": 0, "axis": "y", "origin": [4, 8, 17]},
			"faces": {
				"north": {"uv": [0.008, 6.008, 1.742, 8.742], "texture": "#2"},
				"east": {"uv": [4.008, 7.758, 4.242, 10.492], "texture": "#2"},
				"south": {"uv": [1.758, 6.008, 3.492, 8.742], "texture": "#2"},
				"west": {"uv": [4.258, 7.758, 4.492, 10.492], "texture": "#2"},
				"up": {"uv": [7.242, 7.992, 5.508, 7.758], "texture": "#2"},
				"down": {"uv": [9.742, 3.508, 8.008, 3.742], "texture": "#2"}
			}
		},
		{
			"from": [5, 6.5, 17.75],
			"to": [6, 9.5, 17.75],
			"rotation": {"angle": 0, "axis": "y", "origin": [4, 8, 17]},
			"faces": {
				"north": {"uv": [7.258, 7.758, 7.492, 8.492], "texture": "#2"},
				"east": {"uv": [0.008, 0.008, 0.008, 0.742], "texture": "#2"},
				"south": {"uv": [8.008, 3.758, 8.242, 4.492], "texture": "#2"},
				"west": {"uv": [0.008, 0.008, 0.008, 0.742], "texture": "#2"},
				"up": {"uv": [0.242, 0.008, 0.008, 0.008], "texture": "#2"},
				"down": {"uv": [0.242, 0.008, 0.008, 0.008], "texture": "#2"}
			}
		},
		{
			"from": [4, 7.001, 5.9],
			"to": [6, 14.001, 5.9],
			"rotation": {"angle": 0, "axis": "y", "origin": [0, 0.001, 0.9]},
			"faces": {
				"north": {"uv": [7.508, 3.508, 7.992, 5.242], "texture": "#2"},
				"east": {"uv": [0.008, 0.008, 0.008, 1.742], "texture": "#2"},
				"south": {"uv": [7.508, 5.258, 7.992, 6.992], "texture": "#2"},
				"west": {"uv": [0.008, 0.008, 0.008, 1.742], "texture": "#2"},
				"up": {"uv": [0.492, 0.008, 0.008, 0.008], "texture": "#2"},
				"down": {"uv": [0.492, 0.008, 0.008, 0.008], "texture": "#2"}
			}
		},
		{
			"from": [4, 1.94034, 7.16777],
			"to": [6, 7.94034, 7.16777],
			"rotation": {"angle": -45, "axis": "x", "origin": [5, 5.94034, 7.66777]},
			"faces": {
				"north": {"uv": [7.508, 7.008, 7.992, 8.492], "texture": "#2"},
				"east": {"uv": [0.008, 0.008, 0.008, 1.492], "texture": "#2"},
				"south": {"uv": [3.508, 7.758, 3.992, 9.242], "texture": "#2"},
				"west": {"uv": [0.008, 0.008, 0.008, 1.492], "texture": "#2"},
				"up": {"uv": [0.492, 0.008, 0.008, 0.008], "texture": "#2"},
				"down": {"uv": [0.492, 0.008, 0.008, 0.008], "texture": "#2"}
			}
		},
		{
			"from": [4, 14, 5.9],
			"to": [6, 14, 9.9],
			"faces": {
				"north": {"uv": [0.008, 0.008, 0.492, 0.008], "texture": "#2"},
				"east": {"uv": [0.008, 0.008, 0.992, 0.008], "texture": "#2"},
				"south": {"uv": [0.008, 0.008, 0.492, 0.008], "texture": "#2"},
				"west": {"uv": [0.008, 0.008, 0.992, 0.008], "texture": "#2"},
				"up": {"uv": [4.992, 8.742, 4.508, 7.758], "texture": "#2"},
				"down": {"uv": [5.492, 7.758, 5.008, 8.742], "texture": "#2"}
			}
		},
		{
			"from": [10, 14, 5.9],
			"to": [12, 14, 9.9],
			"rotation": {"angle": 0, "axis": "y", "origin": [16, 0, 0]},
			"faces": {
				"north": {"uv": [0.492, 0.008, 0.008, 0.008], "texture": "#2"},
				"east": {"uv": [0.992, 0.008, 0.008, 0.008], "texture": "#2"},
				"south": {"uv": [0.492, 0.008, 0.008, 0.008], "texture": "#2"},
				"west": {"uv": [0.992, 0.008, 0.008, 0.008], "texture": "#2"},
				"up": {"uv": [4.508, 8.742, 4.992, 7.758], "texture": "#2"},
				"down": {"uv": [5.008, 7.758, 5.492, 8.742], "texture": "#2"}
			}
		},
		{
			"from": [10, 7.001, 5.9],
			"to": [12, 14.001, 5.9],
			"rotation": {"angle": 0, "axis": "y", "origin": [16, 0.001, 0.9]},
			"faces": {
				"north": {"uv": [7.992, 3.508, 7.508, 5.242], "texture": "#2"},
				"east": {"uv": [0.008, 0.008, 0.008, 1.742], "texture": "#2"},
				"south": {"uv": [7.992, 5.258, 7.508, 6.992], "texture": "#2"},
				"west": {"uv": [0.008, 0.008, 0.008, 1.742], "texture": "#2"},
				"up": {"uv": [0.008, 0.008, 0.492, 0.008], "texture": "#2"},
				"down": {"uv": [0.008, 0.008, 0.492, 0.008], "texture": "#2"}
			}
		},
		{
			"from": [10, 1.94034, 7.16777],
			"to": [12, 7.94034, 7.16777],
			"rotation": {"angle": -45, "axis": "x", "origin": [11, 5.94034, 7.66777]},
			"faces": {
				"north": {"uv": [7.992, 7.008, 7.508, 8.492], "texture": "#2"},
				"east": {"uv": [0.008, 0.008, 0.008, 1.492], "texture": "#2"},
				"south": {"uv": [3.992, 7.758, 3.508, 9.242], "texture": "#2"},
				"west": {"uv": [0.008, 0.008, 0.008, 1.492], "texture": "#2"},
				"up": {"uv": [0.008, 0.008, 0.492, 0.008], "texture": "#2"},
				"down": {"uv": [0.008, 0.008, 0.492, 0.008], "texture": "#2"}
			}
		}
	],
	"display": {
		"gui": {
			"rotation": [30, 45, 0],
			"translation": [-2.75, 1.25, 0],
			"scale": [0.88, 0.88, 0.88]
		}
	},
	"groups": [
		{
			"name": "group",
			"origin": [8, 8, 8],
			"color": 0,
			"children": [
				{
					"name": "group",
					"origin": [8, 8, 8],
					"color": 0,
					"children": [0, 1, 2, 3]
				},
				{
					"name": "group",
					"origin": [0, 0, 0],
					"color": 0,
					"children": [4, 5, 6, 7, 8, 9]
				},
				{
					"name": "group",
					"origin": [0, 0, 0],
					"color": 0,
					"children": []
				}
			]
		}
	]
}