{
	"credit": "Made with Blockbench",
	"parent": "hideaway:display_parents/back",
	"texture_size": [64, 64],
	"textures": {
		"0": "hideaway:back/breakfast_ready_pack",
		"particle": "hideaway:back/breakfast_ready_pack"
	},
	"elements": [
		{
			"from": [2, -8.03033, 10.25],
			"to": [14, 28.96967, 10.25],
			"rotation": {"angle": 45, "axis": "z", "origin": [8, 6.96967, 11]},
			"faces": {
				"north": {"uv": [0, 0, 3, 9.25], "texture": "#0"},
				"east": {"uv": [0, 0, 0, 9.25], "texture": "#0"},
				"south": {"uv": [3, 0, 0, 9.25], "texture": "#0"},
				"west": {"uv": [0, 0, 0, 9.25], "texture": "#0"},
				"up": {"uv": [3, 0, 0, 0], "texture": "#0"},
				"down": {"uv": [3, 0, 0, 0], "texture": "#0"}
			}
		},
		{
			"from": [2, -8.03033, 10],
			"to": [14, 28.96967, 10],
			"rotation": {"angle": -45, "axis": "z", "origin": [8, 6.96967, 11]},
			"faces": {
				"north": {"uv": [6, 0, 9, 9.25], "texture": "#0"},
				"east": {"uv": [0, 0, 0, 9.25], "texture": "#0"},
				"south": {"uv": [9, 0, 6, 9.25], "texture": "#0"},
				"west": {"uv": [0, 0, 0, 9.25], "texture": "#0"},
				"up": {"uv": [3, 0, 0, 0], "texture": "#0"},
				"down": {"uv": [3, 0, 0, 0], "texture": "#0"}
			}
		},
		{
			"from": [2, 0.96967, 12.5],
			"to": [14, 12.96967, 14.5],
			"rotation": {"angle": -45, "axis": "z", "origin": [8, 6.96967, 13]},
			"faces": {
				"north": {"uv": [3, 9.25, 6, 12.25], "texture": "#0"},
				"east": {"uv": [12, 8, 12.5, 11], "texture": "#0"},
				"south": {"uv": [3, 9.25, 6, 12.25], "texture": "#0"},
				"west": {"uv": [12.5, 11, 12, 8], "texture": "#0"},
				"up": {"uv": [15, 12, 12, 11.5], "texture": "#0"},
				"down": {"uv": [15, 11.5, 12, 12], "texture": "#0"}
			}
		},
		{
			"from": [1.8, 0.76967, 12.3],
			"to": [14.2, 13.16967, 14.7],
			"rotation": {"angle": -45, "axis": "z", "origin": [8, 6.96967, 13]},
			"faces": {
				"north": {"uv": [0, 12.25, 3, 15.25], "texture": "#0"},
				"east": {"uv": [13, 8, 13.5, 11], "texture": "#0"},
				"south": {"uv": [0, 9.25, 3, 12.25], "texture": "#0"},
				"west": {"uv": [13, 11, 12.5, 8], "texture": "#0"},
				"up": {"uv": [15.5, 12.5, 12.5, 12], "texture": "#0"},
				"down": {"uv": [15.5, 12.5, 12.5, 13], "texture": "#0"}
			}
		},
		{
			"from": [2, 0.96967, 10.5],
			"to": [14, 12.96967, 12.5],
			"rotation": {"angle": 0, "axis": "y", "origin": [8, 6.96967, 13]},
			"faces": {
				"north": {"uv": [3, 9.25, 6, 12.25], "texture": "#0"},
				"east": {"uv": [12, 8, 12.5, 11], "texture": "#0"},
				"south": {"uv": [3, 9.25, 6, 12.25], "texture": "#0"},
				"west": {"uv": [12, 8, 12.5, 11], "texture": "#0"},
				"up": {"uv": [15, 12, 12, 11.5], "texture": "#0"},
				"down": {"uv": [14.75, 11.5, 11.75, 12], "texture": "#0"}
			}
		},
		{
			"from": [6, 4.96967, 14.5],
			"to": [10, 8.96967, 16.5],
			"rotation": {"angle": 0, "axis": "y", "origin": [8, 6.96967, 13]},
			"faces": {
				"north": {"uv": [8.5, 12.25, 9.5, 13.25], "texture": "#0"},
				"east": {"uv": [10.5, 12.25, 11, 13.25], "texture": "#0"},
				"south": {"uv": [9.5, 12.25, 10.5, 13.25], "texture": "#0"},
				"west": {"uv": [11, 12.25, 11.5, 13.25], "texture": "#0"},
				"up": {"uv": [13.5, 5.5, 12.5, 5], "texture": "#0"},
				"down": {"uv": [13.5, 5.5, 12.5, 6], "texture": "#0"}
			}
		},
		{
			"from": [3, 1.96967, 14.75],
			"to": [13, 11.96967, 14.75],
			"rotation": {"angle": 0, "axis": "y", "origin": [8, 6.96967, 13]},
			"faces": {
				"north": {"uv": [12, 0, 14.5, 2.5], "texture": "#0"},
				"east": {"uv": [0, 0, 0, 2.5], "texture": "#0"},
				"south": {"uv": [12, 2.5, 14.5, 5], "texture": "#0"},
				"west": {"uv": [0, 0, 0, 2.5], "texture": "#0"},
				"up": {"uv": [2.5, 0, 0, 0], "texture": "#0"},
				"down": {"uv": [2.5, 0, 0, 0], "texture": "#0"}
			}
		},
		{
			"from": [6, -1.03033, 15],
			"to": [10, 4.96967, 15],
			"rotation": {"angle": 0, "axis": "y", "origin": [8, 6.96967, 13]},
			"faces": {
				"north": {"uv": [6.5, 12.25, 7.5, 13.75], "texture": "#0"},
				"east": {"uv": [0, 0, 0, 1.5], "texture": "#0"},
				"south": {"uv": [7.5, 12.25, 8.5, 13.75], "texture": "#0"},
				"west": {"uv": [0, 0, 0, 1.5], "texture": "#0"},
				"up": {"uv": [1, 0, 0, 0], "texture": "#0"},
				"down": {"uv": [1, 0, 0, 0], "texture": "#0"}
			}
		}
	],
	"display": {
		"gui": {
			"rotation": [30, 45, 0],
			"translation": [-1, -1, 0],
			"scale": [0.51, 0.51, 0.51]
		}
	},
	"groups": [
		{
			"name": "group",
			"origin": [8, 11.96967, 8],
			"color": 0,
			"nbt": "{}",
			"children": [
				{
					"name": "group",
					"origin": [8, 11.96967, 8],
					"color": 0,
					"nbt": "{}",
					"children": [0, 1]
				},
				{
					"name": "group",
					"origin": [8, 11.96967, 8],
					"color": 0,
					"nbt": "{}",
					"children": [2, 3, 4, 5, 6, 7]
				}
			]
		}
	],
	"__credit": "Generated using Animated Java (https://animated-java.dev/)"
}