{
	"credit": "by w11shes",
	"parent": "hideaway:display_parents/back",
	"textures": {
		"0": "hideaway:back/broom_back",
		"particle": "hideaway:back/broom_back"
	},
	"elements": [
		{
			"from": [6, -7, 8],
			"to": [12, 0, 14],
			"rotation": {"angle": -45, "axis": "z", "origin": [8, 8.25, 11]},
			"faces": {
				"north": {"uv": [0.032, 0.032, 2.968, 3.5], "texture": "#0"},
				"east": {"uv": [0.032, 0.032, 2.968, 3.5], "texture": "#0"},
				"south": {"uv": [0.032, 0.032, 2.968, 3.5], "texture": "#0"},
				"west": {"uv": [0.032, 0.032, 2.968, 3.5], "texture": "#0"},
				"up": {"uv": [2.968, 6.5, 0.032, 3.5], "texture": "#0"},
				"down": {"uv": [6.968, 0.032, 4.032, 2.968], "texture": "#0"}
			}
		},
		{
			"from": [5.5, -7.5, 7.5],
			"to": [12.5, 0.5, 14.5],
			"rotation": {"angle": -45, "axis": "z", "origin": [8, 8.25, 11]},
			"faces": {
				"north": {"uv": [13.032, 0.032, 15.968, 3.5], "texture": "#0"},
				"east": {"uv": [13.032, 0.032, 15.968, 3.5], "texture": "#0"},
				"south": {"uv": [13.032, 0.032, 15.968, 3.5], "texture": "#0"},
				"west": {"uv": [13.032, 0.032, 15.968, 3.5], "texture": "#0"},
				"down": {"uv": [10.968, 0.032, 8.032, 2.968], "texture": "#0"}
			}
		},
		{
			"from": [7, 0, 9],
			"to": [11, 3, 13],
			"rotation": {"angle": -45, "axis": "z", "origin": [8, 8.25, 11]},
			"faces": {
				"north": {"uv": [4.032, 5.032, 5.968, 6.5], "texture": "#0"},
				"east": {"uv": [4.032, 5.032, 5.968, 6.5], "texture": "#0"},
				"south": {"uv": [4.032, 5.032, 5.968, 6.5], "texture": "#0"},
				"west": {"uv": [4.032, 5.032, 5.968, 6.5], "texture": "#0"},
				"up": {"uv": [5.968, 4.968, 4.032, 3.032], "texture": "#0"}
			}
		},
		{
			"from": [8, 3, 10],
			"to": [10, 23, 12],
			"rotation": {"angle": -45, "axis": "z", "origin": [8, 8.25, 11]},
			"faces": {
				"north": {"uv": [3.032, 0.032, 3.968, 9.968], "texture": "#0"},
				"east": {"uv": [7.032, 0.032, 7.968, 9.968], "texture": "#0"},
				"south": {"uv": [3.968, 0.032, 3.032, 9.968], "texture": "#0"},
				"west": {"uv": [8.032, 0.032, 8.968, 9.968], "texture": "#0"},
				"up": {"uv": [1.968, 7.5, 1.032, 6.5], "texture": "#0"}
			}
		},
		{
			"from": [6, 17, 10],
			"to": [8, 23, 12],
			"rotation": {"angle": -45, "axis": "z", "origin": [8, 8.25, 11]},
			"faces": {
				"north": {"uv": [6.032, 3.032, 6.968, 5.968], "texture": "#0"},
				"south": {"uv": [6.032, 6.032, 6.968, 8.968], "texture": "#0"},
				"west": {"uv": [0.032, 6.5, 0.968, 9.5], "texture": "#0"},
				"up": {"uv": [2.968, 7.5, 2.032, 6.5], "texture": "#0"},
				"down": {"uv": [4.968, 6.5, 4.032, 7.5], "texture": "#0"}
			}
		}
	],
	"display": {
		"gui": {
			"rotation": [30, 45, 0],
			"translation": [-1.25, 1, 0],
			"scale": [0.5, 0.5, 0.5]
		}
	},
	"__credit": "Generated using Animated Java (https://animated-java.dev/)"
}