{
	"credit": "Made by Ziqqy using Blockbench",
	"parent": "hideaway:display_parents/back",
	"textures": {
		"0": "hideaway:back/bunny_tail",
		"particle": "hideaway:back/bunny_tail"
	},
	"elements": [
		{
			"from": [6.5, 2, 10],
			"to": [10.5, 6, 13],
			"rotation": {"angle": 45, "axis": "z", "origin": [8, 3.5, 11]},
			"faces": {
				"north": {"uv": [4, 0, 8, 4], "texture": "#0", "tintindex": 0},
				"east": {"uv": [7, 8, 10, 12], "texture": "#0", "tintindex": 0},
				"south": {"uv": [4, 4, 8, 8], "texture": "#0", "tintindex": 0},
				"west": {"uv": [10, 7, 13, 11], "texture": "#0", "tintindex": 0},
				"up": {"uv": [15, 3, 11, 0], "texture": "#0", "tintindex": 0},
				"down": {"uv": [7, 11, 3, 14], "texture": "#0", "tintindex": 0}
			}
		},
		{
			"from": [6.3, 1.8, 9.8],
			"to": [10.7, 6.2, 13.2],
			"rotation": {"angle": 45, "axis": "z", "origin": [8, 3.5, 11]},
			"faces": {
				"north": {"uv": [0, 0, 4, 4], "texture": "#0", "tintindex": 0},
				"east": {"uv": [0, 8, 3, 12], "texture": "#0", "tintindex": 0},
				"south": {"uv": [0, 4, 4, 8], "texture": "#0", "tintindex": 0},
				"west": {"uv": [8, 0, 11, 4], "texture": "#0", "tintindex": 0},
				"up": {"uv": [7, 11, 3, 8], "texture": "#0", "tintindex": 0},
				"down": {"uv": [12, 4, 8, 7], "texture": "#0", "tintindex": 0}
			}
		}
	],
	"display": {
		"gui": {
			"rotation": [30, 45, 0],
			"translation": [-3.75, 7, 0],
			"scale": [1.54, 1.54, 1.54]
		}
	}
}