{
	"credit": "Made with Blockbench",
	"parent": "hideaway:display_parents/back",
	"texture_size": [32, 32],
	"textures": {
		"1": "hideaway:back/butterfly_cape"
	},
	"elements": [
		{
			"from": [5.75, 9, 5],
			"to": [9.75, 14, 6],
			"rotation": {"angle": 0, "axis": "y", "origin": [-0.25, 0, 0]},
			"faces": {
				"north": {"uv": [9.5, 0, 11.5, 2.5], "texture": "#1"},
				"east": {"uv": [9.5, 0, 10, 2.5], "texture": "#1"},
				"south": {"uv": [9.5, 0, 11.5, 2.5], "texture": "#1"},
				"west": {"uv": [9.5, 0, 10, 2.5], "texture": "#1"},
				"up": {"uv": [9.5, 0, 11.5, 0.5], "texture": "#1"},
				"down": {"uv": [9.5, 0, 11.5, 0.5], "texture": "#1"}
			}
		},
		{
			"from": [4.75, 2, 5.75],
			"to": [9.75, 10, 5.75],
			"rotation": {"angle": -22.5, "axis": "z", "origin": [12.25, 13.5, 5.75]},
			"faces": {
				"north": {"uv": [9.5, 2.5, 12, 6.5], "texture": "#1"},
				"south": {"uv": [12, 2.5, 9.5, 6.5], "texture": "#1"}
			}
		},
		{
			"from": [5.75, 2, 5.75],
			"to": [10.75, 10, 5.75],
			"rotation": {"angle": 22.5, "axis": "z", "origin": [3.25, 13.5, 5.75]},
			"faces": {
				"north": {"uv": [12, 2.5, 9.5, 6.5], "texture": "#1"},
				"south": {"uv": [9.5, 2.5, 12, 6.5], "texture": "#1"}
			}
		},
		{
			"from": [-2.26163, 3.99205, 10.35],
			"to": [2.73837, 12.99205, 10.35],
			"rotation": {"angle": -45, "axis": "z", "origin": [2.83837, 3.79205, 10.5]},
			"faces": {
				"north": {"uv": [9.5, 6.5, 12, 2.5], "rotation": 180, "texture": "#1"},
				"south": {"uv": [12, 6.5, 9.5, 2.5], "rotation": 180, "texture": "#1"}
			}
		},
		{
			"from": [13.26163, 3.99205, 10.35],
			"to": [18.26163, 12.99205, 10.35],
			"rotation": {"angle": 45, "axis": "z", "origin": [13.16163, 3.79205, 10.5]},
			"faces": {
				"north": {"uv": [12, 6.5, 9.5, 2.5], "rotation": 180, "texture": "#1"},
				"south": {"uv": [9.5, 6.5, 12, 2.5], "rotation": 180, "texture": "#1"}
			}
		},
		{
			"from": [3.5, -4.75, 10.25],
			"to": [10.5, 14.25, 10.25],
			"rotation": {"angle": -22.5, "axis": "z", "origin": [3.25, 13.5, 5.75]},
			"faces": {
				"north": {"uv": [13, 6.5, 9.5, 16], "texture": "#1"},
				"south": {"uv": [9.5, 6.5, 13, 16], "texture": "#1"}
			}
		},
		{
			"from": [5.25, -4.75, 10.25],
			"to": [12.25, 14.25, 10.25],
			"rotation": {"angle": 22.5, "axis": "z", "origin": [12.75, 13.5, 5.75]},
			"faces": {
				"north": {"uv": [9.5, 6.5, 13, 16], "texture": "#1"},
				"south": {"uv": [13, 6.5, 9.5, 16], "texture": "#1"}
			}
		},
		{
			"from": [8.1655, 8.87014, 5.5],
			"to": [13.1655, 13.87014, 5.5],
			"rotation": {"angle": -22.5, "axis": "z", "origin": [10.1655, 9.87014, 5.5]},
			"faces": {
				"north": {"uv": [11.5, 2.5, 14, 0], "rotation": 180, "texture": "#1"},
				"south": {"uv": [9.5, 2.5, 12, 6.5], "rotation": 270, "texture": "#1"}
			}
		},
		{
			"from": [2.8345, 8.87014, 5.5],
			"to": [7.8345, 13.87014, 5.5],
			"rotation": {"angle": 22.5, "axis": "z", "origin": [5.8345, 9.87014, 5.5]},
			"faces": {
				"north": {"uv": [14, 2.5, 11.5, 0], "rotation": 180, "texture": "#1"},
				"south": {"uv": [9.5, 6.5, 12, 2.5], "rotation": 270, "texture": "#1"}
			}
		},
		{
			"from": [5.75, 9, 5],
			"to": [9.75, 14, 6],
			"rotation": {"angle": 0, "axis": "y", "origin": [-0.25, 0, 0]},
			"faces": {
				"north": {"uv": [0, 0, 2, 2.5], "texture": "#1", "tintindex": 0},
				"east": {"uv": [0, 0, 0.5, 2.5], "texture": "#1", "tintindex": 0},
				"south": {"uv": [0, 0, 2, 2.5], "texture": "#1", "tintindex": 0},
				"west": {"uv": [0, 0, 0.5, 2.5], "texture": "#1", "tintindex": 0},
				"up": {"uv": [0, 0, 2, 0.5], "texture": "#1", "tintindex": 0},
				"down": {"uv": [0, 0, 2, 0.5], "texture": "#1", "tintindex": 0}
			}
		},
		{
			"from": [4.75, 2, 5.75],
			"to": [9.75, 10, 5.75],
			"rotation": {"angle": -22.5, "axis": "z", "origin": [12.25, 13.5, 5.75]},
			"faces": {
				"north": {"uv": [0, 2.5, 2.5, 6.5], "texture": "#1", "tintindex": 0},
				"south": {"uv": [2.5, 2.5, 0, 6.5], "texture": "#1", "tintindex": 0}
			}
		},
		{
			"from": [5.75, 2, 5.75],
			"to": [10.75, 10, 5.75],
			"rotation": {"angle": 22.5, "axis": "z", "origin": [3.25, 13.5, 5.75]},
			"faces": {
				"north": {"uv": [2.5, 2.5, 0, 6.5], "texture": "#1", "tintindex": 0},
				"south": {"uv": [0, 2.5, 2.5, 6.5], "texture": "#1", "tintindex": 0}
			}
		},
		{
			"from": [-2.26163, 3.99205, 10.35],
			"to": [2.73837, 12.99205, 10.35],
			"rotation": {"angle": -45, "axis": "z", "origin": [2.83837, 3.79205, 10.5]},
			"faces": {
				"north": {"uv": [0, 6.5, 2.5, 2.5], "rotation": 180, "texture": "#1", "tintindex": 0},
				"south": {"uv": [2.5, 6.5, 0, 2.5], "rotation": 180, "texture": "#1", "tintindex": 0}
			}
		},
		{
			"from": [13.26163, 3.99205, 10.35],
			"to": [18.26163, 12.99205, 10.35],
			"rotation": {"angle": 45, "axis": "z", "origin": [13.16163, 3.79205, 10.5]},
			"faces": {
				"north": {"uv": [2.5, 6.5, 0, 2.5], "rotation": 180, "texture": "#1", "tintindex": 0},
				"south": {"uv": [0, 6.5, 2.5, 2.5], "rotation": 180, "texture": "#1", "tintindex": 0}
			}
		},
		{
			"from": [3.5, -4.75, 10.25],
			"to": [10.5, 14.25, 10.25],
			"rotation": {"angle": -22.5, "axis": "z", "origin": [3.25, 13.5, 5.75]},
			"faces": {
				"north": {"uv": [3.5, 6.5, 0, 16], "texture": "#1", "tintindex": 0},
				"south": {"uv": [0, 6.5, 3.5, 16], "texture": "#1", "tintindex": 0}
			}
		},
		{
			"from": [5.25, -4.75, 10.25],
			"to": [12.25, 14.25, 10.25],
			"rotation": {"angle": 22.5, "axis": "z", "origin": [12.75, 13.5, 5.75]},
			"faces": {
				"north": {"uv": [0, 6.5, 3.5, 16], "texture": "#1", "tintindex": 0},
				"south": {"uv": [3.5, 6.5, 0, 16], "texture": "#1", "tintindex": 0}
			}
		},
		{
			"from": [8.1655, 8.87014, 5.5],
			"to": [13.1655, 13.87014, 5.5],
			"rotation": {"angle": -22.5, "axis": "z", "origin": [10.1655, 9.87014, 5.5]},
			"faces": {
				"north": {"uv": [2, 2.5, 4.5, 0], "rotation": 180, "texture": "#1", "tintindex": 0},
				"south": {"uv": [0, 2.5, 2.5, 6.5], "rotation": 270, "texture": "#1", "tintindex": 0}
			}
		},
		{
			"from": [2.8345, 8.87014, 5.5],
			"to": [7.8345, 13.87014, 5.5],
			"rotation": {"angle": 22.5, "axis": "z", "origin": [5.8345, 9.87014, 5.5]},
			"faces": {
				"north": {"uv": [4.5, 2.5, 2, 0], "rotation": 180, "texture": "#1", "tintindex": 0},
				"south": {"uv": [0, 6.5, 2.5, 2.5], "rotation": 270, "texture": "#1", "tintindex": 0}
			}
		},
		{
			"from": [3, 12, 5.75],
			"to": [13, 15, 12.75],
			"faces": {
				"north": {"uv": [4.5, 1.5, 9.5, 3], "texture": "#1"},
				"east": {"uv": [4.5, 0, 8, 1.5], "texture": "#1"},
				"south": {"uv": [4.5, 1.5, 9.5, 3], "texture": "#1"},
				"west": {"uv": [4.5, 0, 8, 1.5], "texture": "#1"},
				"up": {"uv": [4.5, 6.5, 9.5, 10], "texture": "#1"},
				"down": {"uv": [4.5, 3, 9.5, 6.5], "texture": "#1"}
			}
		}
	],
	"display": {
		"gui": {
			"rotation": [30, -135, 0],
			"translation": [0.75, 1.25, 0],
			"scale": [0.7, 0.7, 0.7]
		}
	},
	"groups": [
		{
			"name": "group",
			"origin": [8, 8, 8],
			"color": 0,
			"nbt": "{}",
			"children": [
				{
					"name": "group",
					"origin": [8, 8, 8],
					"color": 0,
					"nbt": "{}",
					"children": [0, 1, 2, 3, 4, 5, 6, 7, 8]
				},
				{
					"name": "group",
					"origin": [8, 8, 8],
					"color": 0,
					"nbt": "{}",
					"children": [9, 10, 11, 12, 13, 14, 15, 16, 17]
				},
				18
			]
		}
	],
	"__credit": "Generated using Animated Java (https://animated-java.dev/)"
}