{
	"credit": "Made by CookiesNom with Blockbench",
	"parent": "hideaway:display_parents/back",
	"texture_size": [32, 32],
	"textures": {
		"0": "hideaway:back/captain_shield",
		"particle": "hideaway:back/captain_shield"
	},
	"elements": [
		{
			"from": [6.5, 6.5, 11.5],
			"to": [9.5, 9.5, 12],
			"rotation": {"angle": 45, "axis": "z", "origin": [8, 8, 0]},
			"faces": {
				"north": {"uv": [9.016, 6.016, 10.484, 7.484], "texture": "#0"},
				"east": {"uv": [12.016, 12.516, 12.484, 13.984], "texture": "#0"},
				"south": {"uv": [8.016, 9.016, 9.484, 10.484], "texture": "#0"},
				"west": {"uv": [12.516, 12.516, 12.984, 13.984], "texture": "#0"},
				"up": {"uv": [14.484, 0.484, 13.016, 0.016], "texture": "#0"},
				"down": {"uv": [14.484, 0.516, 13.016, 0.984], "texture": "#0"}
			}
		},
		{
			"name": "hexadecagon",
			"from": [6.80853, 2.002, 10.002],
			"to": [9.19147, 13.998, 10.998],
			"rotation": {"angle": -45, "axis": "z", "origin": [8, 8, 10.5]},
			"faces": {
				"north": {"uv": [0.016, 0.016, 0.984, 5.984], "texture": "#0"},
				"south": {"uv": [1.016, 0.016, 1.984, 5.984], "texture": "#0"},
				"up": {"uv": [13.984, 1.484, 13.016, 1.016], "texture": "#0"},
				"down": {"uv": [13.984, 1.516, 13.016, 1.984], "texture": "#0"}
			}
		},
		{
			"name": "hexadecagon",
			"from": [6.80953, 2.003, 10.003],
			"to": [9.19047, 13.997, 10.997],
			"rotation": {"angle": -22.5, "axis": "z", "origin": [8, 8, 10.5]},
			"faces": {
				"north": {"uv": [2.016, 0.016, 2.984, 5.984], "texture": "#0"},
				"south": {"uv": [3.016, 0.016, 3.984, 5.984], "texture": "#0"},
				"up": {"uv": [13.984, 2.484, 13.016, 2.016], "texture": "#0"},
				"down": {"uv": [13.984, 2.516, 13.016, 2.984], "texture": "#0"}
			}
		},
		{
			"name": "hexadecagon",
			"from": [6.81053, 2.004, 10.004],
			"to": [9.18947, 13.996, 10.996],
			"rotation": {"angle": 0, "axis": "y", "origin": [8, 8, 10.5]},
			"faces": {
				"north": {"uv": [4.016, 0.016, 4.984, 5.984], "texture": "#0"},
				"south": {"uv": [5.016, 0.016, 5.984, 5.984], "texture": "#0"},
				"up": {"uv": [13.984, 3.484, 13.016, 3.016], "texture": "#0"},
				"down": {"uv": [13.984, 3.516, 13.016, 3.984], "texture": "#0"}
			}
		},
		{
			"name": "hexadecagon",
			"from": [6.80353, 1.997, 9.997],
			"to": [9.19647, 14.003, 11.003],
			"rotation": {"angle": 22.5, "axis": "z", "origin": [8, 8, 10.5]},
			"faces": {
				"north": {"uv": [0.016, 6.016, 0.984, 11.984], "texture": "#0"},
				"south": {"uv": [6.016, 0.016, 6.984, 5.984], "texture": "#0"},
				"up": {"uv": [13.984, 4.484, 13.016, 4.016], "texture": "#0"},
				"down": {"uv": [13.984, 4.516, 13.016, 4.984], "texture": "#0"}
			}
		},
		{
			"name": "hexadecagon",
			"from": [6.80453, 1.998, 9.998],
			"to": [9.19547, 14.002, 11.002],
			"rotation": {"angle": 45, "axis": "z", "origin": [8, 8, 10.5]},
			"faces": {
				"north": {"uv": [1.016, 6.016, 1.984, 11.984], "texture": "#0"},
				"south": {"uv": [2.016, 6.016, 2.984, 11.984], "texture": "#0"},
				"up": {"uv": [13.984, 5.484, 13.016, 5.016], "texture": "#0"},
				"down": {"uv": [13.984, 5.516, 13.016, 5.984], "texture": "#0"}
			}
		},
		{
			"name": "hexadecagon",
			"from": [1.999, 6.80553, 9.999],
			"to": [14.001, 9.19447, 11.001],
			"rotation": {"angle": -22.5, "axis": "z", "origin": [8, 8, 10.5]},
			"faces": {
				"north": {"uv": [3.016, 6.016, 8.984, 6.984], "texture": "#0"},
				"east": {"uv": [13.016, 6.016, 13.484, 6.984], "texture": "#0"},
				"south": {"uv": [7.016, 0.016, 12.984, 0.984], "texture": "#0"},
				"west": {"uv": [8.016, 13.016, 8.484, 13.984], "texture": "#0"}
			}
		},
		{
			"name": "hexadecagon",
			"from": [2, 6.80653, 10],
			"to": [14, 9.19347, 11],
			"rotation": {"angle": 0, "axis": "y", "origin": [8, 8, 10.5]},
			"faces": {
				"north": {"uv": [7.016, 1.016, 12.984, 1.984], "texture": "#0"},
				"east": {"uv": [8.516, 13.016, 8.984, 13.984], "texture": "#0"},
				"south": {"uv": [7.016, 2.016, 12.984, 2.984], "texture": "#0"},
				"west": {"uv": [9.016, 13.016, 9.484, 13.984], "texture": "#0"}
			}
		},
		{
			"name": "hexadecagon",
			"from": [2.001, 6.80753, 10.001],
			"to": [13.999, 9.19247, 10.999],
			"rotation": {"angle": 22.5, "axis": "z", "origin": [8, 8, 10.5]},
			"faces": {
				"north": {"uv": [3.016, 7.016, 8.984, 7.984], "texture": "#0"},
				"east": {"uv": [13.016, 12.516, 13.484, 13.484], "texture": "#0"},
				"south": {"uv": [7.016, 3.016, 12.984, 3.984], "texture": "#0"},
				"west": {"uv": [13.516, 6.016, 13.984, 6.984], "texture": "#0"}
			}
		},
		{
			"name": "hexadecagon",
			"from": [7.10389, 3.499, 10.999],
			"to": [8.89611, 4.501, 11.251],
			"rotation": {"angle": -45, "axis": "z", "origin": [8, 8, 11.25]},
			"faces": {
				"south": {"uv": [13.516, 12.516, 14.484, 12.984], "texture": "#0"},
				"up": {"uv": [13.984, 13.984, 13.016, 13.516], "texture": "#0"},
				"down": {"uv": [14.484, 13.016, 13.516, 13.484], "texture": "#0"}
			}
		},
		{
			"name": "hexadecagon",
			"from": [7.10489, 3.5, 11],
			"to": [8.89511, 4.5, 11.25],
			"rotation": {"angle": -22.5, "axis": "z", "origin": [8, 8, 11.25]},
			"faces": {
				"south": {"uv": [14.016, 1.516, 14.984, 1.984], "texture": "#0"},
				"up": {"uv": [14.984, 2.484, 14.016, 2.016], "texture": "#0"},
				"down": {"uv": [14.984, 2.516, 14.016, 2.984], "texture": "#0"}
			}
		},
		{
			"name": "hexadecagon",
			"from": [7.10389, 3.499, 10.999],
			"to": [8.89611, 4.501, 11.251],
			"rotation": {"angle": 0, "axis": "y", "origin": [8, 8, 11.25]},
			"faces": {
				"south": {"uv": [14.016, 3.016, 14.984, 3.484], "texture": "#0"},
				"up": {"uv": [14.984, 3.984, 14.016, 3.516], "texture": "#0"},
				"down": {"uv": [4.984, 14.016, 4.016, 14.484], "texture": "#0"}
			}
		},
		{
			"name": "hexadecagon",
			"from": [7.10489, 3.5, 11],
			"to": [8.89511, 4.5, 11.25],
			"rotation": {"angle": 22.5, "axis": "z", "origin": [8, 8, 11.25]},
			"faces": {
				"south": {"uv": [14.016, 4.516, 14.984, 4.984], "texture": "#0"},
				"up": {"uv": [5.984, 14.484, 5.016, 14.016], "texture": "#0"},
				"down": {"uv": [14.984, 5.016, 14.016, 5.484], "texture": "#0"}
			}
		},
		{
			"name": "hexadecagon",
			"from": [7.10389, 3.499, 10.999],
			"to": [8.89611, 4.501, 11.251],
			"rotation": {"angle": 45, "axis": "z", "origin": [8, 8, 11.25]},
			"faces": {
				"south": {"uv": [6.016, 14.016, 6.984, 14.484], "texture": "#0"},
				"up": {"uv": [14.984, 6.484, 14.016, 6.016], "texture": "#0"},
				"down": {"uv": [14.984, 6.516, 14.016, 6.984], "texture": "#0"}
			}
		},
		{
			"name": "hexadecagon",
			"from": [7.10389, 11.499, 10.999],
			"to": [8.89611, 12.501, 11.251],
			"rotation": {"angle": -45, "axis": "z", "origin": [8, 8, 11.25]},
			"faces": {
				"south": {"uv": [14.016, 7.016, 14.984, 7.484], "texture": "#0"},
				"up": {"uv": [14.984, 7.984, 14.016, 7.516], "texture": "#0"},
				"down": {"uv": [8.984, 14.016, 8.016, 14.484], "texture": "#0"}
			}
		},
		{
			"name": "hexadecagon",
			"from": [7.10489, 11.5, 11],
			"to": [8.89511, 12.5, 11.25],
			"rotation": {"angle": -22.5, "axis": "z", "origin": [8, 8, 11.25]},
			"faces": {
				"south": {"uv": [14.016, 8.516, 14.984, 8.984], "texture": "#0"},
				"up": {"uv": [9.984, 14.484, 9.016, 14.016], "texture": "#0"},
				"down": {"uv": [10.984, 14.016, 10.016, 14.484], "texture": "#0"}
			}
		},
		{
			"name": "hexadecagon",
			"from": [7.10389, 11.499, 10.999],
			"to": [8.89611, 12.501, 11.251],
			"rotation": {"angle": 0, "axis": "y", "origin": [8, 8, 11.25]},
			"faces": {
				"south": {"uv": [12.016, 14.016, 12.984, 14.484], "texture": "#0"},
				"up": {"uv": [13.984, 14.484, 13.016, 14.016], "texture": "#0"},
				"down": {"uv": [14.984, 13.516, 14.016, 13.984], "texture": "#0"}
			}
		},
		{
			"name": "hexadecagon",
			"from": [7.10489, 11.5, 11],
			"to": [8.89511, 12.5, 11.25],
			"rotation": {"angle": 22.5, "axis": "z", "origin": [8, 8, 11.25]},
			"faces": {
				"south": {"uv": [0.016, 14.516, 0.984, 14.984], "texture": "#0"},
				"up": {"uv": [15.484, 0.484, 14.516, 0.016], "texture": "#0"},
				"down": {"uv": [15.484, 0.516, 14.516, 0.984], "texture": "#0"}
			}
		},
		{
			"name": "hexadecagon",
			"from": [7.10389, 11.499, 10.999],
			"to": [8.89611, 12.501, 11.251],
			"rotation": {"angle": 45, "axis": "z", "origin": [8, 8, 11.25]},
			"faces": {
				"south": {"uv": [2.016, 14.516, 2.984, 14.984], "texture": "#0"},
				"up": {"uv": [3.984, 14.984, 3.016, 14.516], "texture": "#0"},
				"down": {"uv": [4.984, 14.516, 4.016, 14.984], "texture": "#0"}
			}
		},
		{
			"name": "hexadecagon",
			"from": [3.5, 7.10489, 11],
			"to": [4.5, 8.89511, 11.25],
			"rotation": {"angle": -22.5, "axis": "z", "origin": [8, 8, 11.25]},
			"faces": {
				"east": {"uv": [5.516, 14.516, 5.984, 15.484], "texture": "#0"},
				"south": {"uv": [6.016, 14.516, 6.484, 15.484], "texture": "#0"},
				"west": {"uv": [6.516, 14.516, 6.984, 15.484], "texture": "#0"}
			}
		},
		{
			"name": "hexadecagon",
			"from": [3.499, 7.10389, 10.999],
			"to": [4.501, 8.89611, 11.251],
			"rotation": {"angle": 0, "axis": "y", "origin": [8, 8, 11.25]},
			"faces": {
				"east": {"uv": [7.516, 14.516, 7.984, 15.484], "texture": "#0"},
				"south": {"uv": [8.016, 14.516, 8.484, 15.484], "texture": "#0"},
				"west": {"uv": [8.516, 14.516, 8.984, 15.484], "texture": "#0"}
			}
		},
		{
			"name": "hexadecagon",
			"from": [3.5, 7.10489, 11],
			"to": [4.5, 8.89511, 11.25],
			"rotation": {"angle": 22.5, "axis": "z", "origin": [8, 8, 11.25]},
			"faces": {
				"east": {"uv": [9.516, 14.516, 9.984, 15.484], "texture": "#0"},
				"south": {"uv": [10.016, 14.516, 10.484, 15.484], "texture": "#0"},
				"west": {"uv": [10.516, 14.516, 10.984, 15.484], "texture": "#0"}
			}
		},
		{
			"name": "hexadecagon",
			"from": [11.5, 7.10489, 11],
			"to": [12.5, 8.89511, 11.25],
			"rotation": {"angle": -22.5, "axis": "z", "origin": [8, 8, 11.25]},
			"faces": {
				"east": {"uv": [11.516, 14.516, 11.984, 15.484], "texture": "#0"},
				"south": {"uv": [14.516, 11.516, 14.984, 12.484], "texture": "#0"},
				"west": {"uv": [12.016, 14.516, 12.484, 15.484], "texture": "#0"}
			}
		},
		{
			"name": "hexadecagon",
			"from": [11.499, 7.10389, 10.999],
			"to": [12.501, 8.89611, 11.251],
			"rotation": {"angle": 0, "axis": "y", "origin": [8, 8, 11.25]},
			"faces": {
				"east": {"uv": [14.516, 12.516, 14.984, 13.484], "texture": "#0"},
				"south": {"uv": [13.016, 14.516, 13.484, 15.484], "texture": "#0"},
				"west": {"uv": [13.516, 14.516, 13.984, 15.484], "texture": "#0"}
			}
		},
		{
			"name": "hexadecagon",
			"from": [11.5, 7.10489, 11],
			"to": [12.5, 8.89511, 11.25],
			"rotation": {"angle": 22.5, "axis": "z", "origin": [8, 8, 11.25]},
			"faces": {
				"east": {"uv": [14.516, 14.516, 14.984, 15.484], "texture": "#0"},
				"south": {"uv": [0.016, 15.016, 0.484, 15.984], "texture": "#0"},
				"west": {"uv": [0.516, 15.016, 0.984, 15.984], "texture": "#0"}
			}
		},
		{
			"name": "hexadecagon",
			"from": [7.50572, 5.503, 11.003],
			"to": [8.49428, 10.497, 11.497],
			"rotation": {"angle": -45, "axis": "z", "origin": [8, 8, 11.25]},
			"faces": {
				"south": {"uv": [8.016, 10.516, 8.484, 12.984], "texture": "#0"},
				"up": {"uv": [15.484, 13.484, 15.016, 13.016], "texture": "#0"},
				"down": {"uv": [15.484, 13.516, 15.016, 13.984], "texture": "#0"}
			}
		},
		{
			"name": "hexadecagon",
			"from": [7.50672, 5.504, 11.004],
			"to": [8.49328, 10.496, 11.496],
			"rotation": {"angle": -22.5, "axis": "z", "origin": [8, 8, 11.25]},
			"faces": {
				"south": {"uv": [11.016, 9.016, 11.484, 11.484], "texture": "#0"},
				"up": {"uv": [15.484, 14.484, 15.016, 14.016], "texture": "#0"},
				"down": {"uv": [15.484, 14.516, 15.016, 14.984], "texture": "#0"}
			}
		},
		{
			"name": "hexadecagon",
			"from": [7.49972, 5.497, 10.997],
			"to": [8.50028, 10.503, 11.503],
			"rotation": {"angle": 0, "axis": "y", "origin": [8, 8, 11.25]},
			"faces": {
				"south": {"uv": [10.516, 11.516, 10.984, 13.984], "texture": "#0"},
				"up": {"uv": [15.484, 15.484, 15.016, 15.016], "texture": "#0"},
				"down": {"uv": [15.984, 0.016, 15.516, 0.484], "texture": "#0"}
			}
		},
		{
			"name": "hexadecagon",
			"from": [7.50072, 5.498, 10.998],
			"to": [8.49928, 10.502, 11.502],
			"rotation": {"angle": 22.5, "axis": "z", "origin": [8, 8, 11.25]},
			"faces": {
				"south": {"uv": [0.516, 12.016, 0.984, 14.484], "texture": "#0"},
				"up": {"uv": [15.984, 0.984, 15.516, 0.516], "texture": "#0"},
				"down": {"uv": [1.484, 15.516, 1.016, 15.984], "texture": "#0"}
			}
		},
		{
			"name": "hexadecagon",
			"from": [7.50172, 5.499, 10.999],
			"to": [8.49828, 10.501, 11.501],
			"rotation": {"angle": 45, "axis": "z", "origin": [8, 8, 11.25]},
			"faces": {
				"south": {"uv": [2.516, 12.016, 2.984, 14.484], "texture": "#0"},
				"up": {"uv": [15.984, 1.484, 15.516, 1.016], "texture": "#0"},
				"down": {"uv": [1.984, 15.516, 1.516, 15.984], "texture": "#0"}
			}
		},
		{
			"name": "hexadecagon",
			"from": [5.5, 7.50272, 11],
			"to": [10.5, 8.49728, 11.5],
			"rotation": {"angle": -22.5, "axis": "z", "origin": [8, 8, 11.25]},
			"faces": {
				"east": {"uv": [15.516, 1.516, 15.984, 1.984], "texture": "#0"},
				"south": {"uv": [10.516, 6.016, 12.984, 6.484], "texture": "#0"},
				"west": {"uv": [2.016, 15.516, 2.484, 15.984], "texture": "#0"}
			}
		},
		{
			"name": "hexadecagon",
			"from": [5.501, 7.50372, 11.001],
			"to": [10.499, 8.49628, 11.499],
			"rotation": {"angle": 0, "axis": "y", "origin": [8, 8, 11.25]},
			"faces": {
				"east": {"uv": [15.516, 2.016, 15.984, 2.484], "texture": "#0"},
				"south": {"uv": [12.016, 11.516, 14.484, 11.984], "texture": "#0"},
				"west": {"uv": [2.516, 15.516, 2.984, 15.984], "texture": "#0"}
			}
		},
		{
			"name": "hexadecagon",
			"from": [5.502, 7.50472, 11.002],
			"to": [10.498, 8.49528, 11.498],
			"rotation": {"angle": 22.5, "axis": "z", "origin": [8, 8, 11.25]},
			"faces": {
				"east": {"uv": [15.516, 2.516, 15.984, 2.984], "texture": "#0"},
				"south": {"uv": [12.516, 10.016, 14.984, 10.484], "texture": "#0"},
				"west": {"uv": [3.016, 15.516, 3.484, 15.984], "texture": "#0"}
			}
		}
	],
	"display": {
		"thirdperson_righthand": {
			"rotation": [90, 90, 0],
			"translation": [-0.25, -2, 5.5]
		},
		"thirdperson_lefthand": {
			"rotation": [90, 90, 0],
			"translation": [-0.25, -2, 5.5]
		},
		"firstperson_righthand": {
			"rotation": [-119, 75.58, 123.92],
			"translation": [-1.5, 0.75, 2.5]
		},
		"firstperson_lefthand": {
			"rotation": [-119, 75.58, 123.92],
			"translation": [-1.5, 0.75, 2.5]
		},
		"gui": {
			"rotation": [30, 45, 0],
			"translation": [-2, 1, 0],
			"scale": [1.2, 1.2, 1.2]
		}
	},
	"groups": [
		0,
		{
			"name": "hexadecagon",
			"origin": [8, 8, 8],
			"color": 0,
			"children": [1, 2, 3, 4, 5, 6, 7, 8]
		},
		{
			"name": "hexadecagon",
			"origin": [8, 8, 8],
			"color": 0,
			"children": [9, 10, 11, 12, 13, 14, 15, 16, 17, 18, 19, 20, 21, 22, 23, 24]
		},
		{
			"name": "hexadecagon",
			"origin": [8, 8, 8],
			"color": 0,
			"children": [25, 26, 27, 28, 29, 30, 31, 32]
		}
	]
}