{
	"credit": "Made with Blockbench",
	"parent": "hideaway:display_parents/back",
	"texture_size": [64, 64],
	"textures": {
		"4": "hideaway:back/caroler_cloak"
	},
	"elements": [
		{
			"from": [0, 14.5, 6],
			"to": [16, 14.5, 10],
			"rotation": {"angle": 0, "axis": "y", "origin": [4, 2, 6]},
			"faces": {
				"north": {"uv": [0.008, 0.008, 3.992, 0.008], "texture": "#4", "tintindex": 0},
				"east": {"uv": [0.008, 0.008, 0.992, 0.008], "texture": "#4", "tintindex": 0},
				"south": {"uv": [0.008, 0.008, 3.992, 0.008], "texture": "#4", "tintindex": 0},
				"west": {"uv": [0.008, 0.008, 0.992, 0.008], "texture": "#4", "tintindex": 0},
				"up": {"uv": [11.992, 4.992, 8.008, 4.008], "texture": "#4", "tintindex": 0},
				"down": {"uv": [11.992, 4.008, 8.008, 4.992], "texture": "#4", "tintindex": 0}
			}
		},
		{
			"from": [0, 14.59567, 5.76903],
			"to": [16, 14.59567, 10.23097],
			"rotation": {"angle": 0, "axis": "y", "origin": [4, 1.84567, 5.76903]},
			"faces": {
				"north": {"uv": [0.008, 0.008, 3.992, 0.008], "texture": "#4"},
				"east": {"uv": [0.008, 0.008, 0.992, 0.008], "texture": "#4"},
				"south": {"uv": [0.008, 0.008, 3.992, 0.008], "texture": "#4"},
				"west": {"uv": [0.008, 0.008, 0.992, 0.008], "texture": "#4"},
				"up": {"uv": [11.992, 6.992, 8.008, 6.008], "texture": "#4"},
				"down": {"uv": [11.992, 6.008, 8.008, 6.992], "texture": "#4"}
			}
		},
		{
			"from": [0, 6.27056, 5.15851],
			"to": [16, 14.27056, 5.15851],
			"rotation": {"angle": 22.5, "axis": "x", "origin": [8, 12.27056, 6.15851]},
			"faces": {
				"north": {"uv": [8.008, 0.008, 11.992, 1.992], "texture": "#4", "tintindex": 0},
				"east": {"uv": [0.008, 0.008, 0.008, 1.992], "texture": "#4", "tintindex": 0},
				"south": {"uv": [8.008, 0.008, 11.992, 1.992], "texture": "#4", "tintindex": 0},
				"west": {"uv": [0.008, 0.008, 0.008, 1.992], "texture": "#4", "tintindex": 0},
				"up": {"uv": [3.992, 0.008, 0.008, 0.008], "texture": "#4", "tintindex": 0},
				"down": {"uv": [3.992, 0.008, 0.008, 0.008], "texture": "#4", "tintindex": 0}
			}
		},
		{
			"from": [0, 2.27056, 4.90851],
			"to": [16, 14.27056, 4.90851],
			"rotation": {"angle": 22.5, "axis": "x", "origin": [8, 12.27056, 6.15851]},
			"faces": {
				"north": {"uv": [0.008, 6.508, 3.992, 9.492], "texture": "#4"},
				"east": {"uv": [0.008, 0.008, 0.008, 2.992], "texture": "#4"},
				"south": {"uv": [0.008, 6.508, 3.992, 9.492], "texture": "#4"},
				"west": {"uv": [0.008, 0.008, 0.008, 2.992], "texture": "#4"},
				"up": {"uv": [3.992, 0.008, 0.008, 0.008], "texture": "#4"},
				"down": {"uv": [3.992, 0.008, 0.008, 0.008], "texture": "#4"}
			}
		},
		{
			"from": [0, 1.27018, 10.84056],
			"to": [16, 14.27018, 10.84056],
			"rotation": {"angle": -22.5, "axis": "x", "origin": [8, 12.27018, 9.84056]},
			"faces": {
				"north": {"uv": [0.008, 3.258, 3.992, 6.492], "texture": "#4", "tintindex": 0},
				"east": {"uv": [0.008, 0.008, 0.008, 3.242], "texture": "#4", "tintindex": 0},
				"south": {"uv": [0.008, 3.258, 3.992, 6.492], "texture": "#4", "tintindex": 0},
				"west": {"uv": [0.008, 0.008, 0.008, 3.242], "texture": "#4", "tintindex": 0},
				"up": {"uv": [3.992, 0.008, 0.008, 0.008], "texture": "#4", "tintindex": 0},
				"down": {"uv": [3.992, 0.008, 0.008, 0.008], "texture": "#4", "tintindex": 0}
			}
		},
		{
			"from": [0, 1.27018, 11.09056],
			"to": [16, 14.27018, 11.09056],
			"rotation": {"angle": -22.5, "axis": "x", "origin": [8, 12.27018, 9.84056]},
			"faces": {
				"north": {"uv": [4.008, 3.258, 7.992, 6.492], "texture": "#4"},
				"east": {"uv": [0.008, 0.008, 0.008, 3.242], "texture": "#4"},
				"south": {"uv": [4.008, 3.258, 7.992, 6.492], "texture": "#4"},
				"west": {"uv": [0.008, 0.008, 0.008, 3.242], "texture": "#4"},
				"up": {"uv": [3.992, 0.008, 0.008, 0.008], "texture": "#4"},
				"down": {"uv": [3.992, 0.008, 0.008, 0.008], "texture": "#4"}
			}
		}
	],
	"display": {
		"thirdperson_righthand": {
			"rotation": [72.75, 0, 0]
		},
		"thirdperson_lefthand": {
			"rotation": [72.75, 0, 0]
		},
		"gui": {
			"rotation": [-163, 40, 180],
			"translation": [-0.25, -0.5, 0],
			"scale": [0.6, 0.6, 0.6]
		}
	}
}