{
	"credit": "Made by CookiesNom with Blockbench",
	"parent": "hideaway:display_parents/back",
	"texture_size": [64, 64],
	"textures": {
		"3": "hideaway:back/cat_tower_back_tail",
		"4": "hideaway:back/cat_tower_back",
		"particle": "hideaway:back/cat_tower_back"
	},
	"elements": [
		{
			"from": [3, 4, 10],
			"to": [13, 14, 19],
			"rotation": {"angle": 0, "axis": "y", "origin": [0, 2, 0]},
			"faces": {
				"north": {"uv": [0.008, 0.008, 2.492, 2.492], "texture": "#4", "tintindex": 0},
				"east": {"uv": [0.008, 5.008, 2.242, 7.492], "texture": "#4", "tintindex": 0},
				"south": {"uv": [0.008, 2.508, 2.492, 4.992], "texture": "#4", "tintindex": 0},
				"west": {"uv": [5.008, 0.008, 7.242, 2.492], "texture": "#4", "tintindex": 0},
				"up": {"uv": [4.742, 7.242, 2.258, 5.008], "texture": "#4", "tintindex": 0},
				"down": {"uv": [7.492, 2.508, 5.008, 4.742], "texture": "#4", "tintindex": 0}
			}
		},
		{
			"from": [10.01, 7.01, 5],
			"to": [12.01, 14.01, 6],
			"rotation": {"angle": 0, "axis": "y", "origin": [0, 2, 0]},
			"faces": {
				"north": {"uv": [1.758, 7.508, 2.242, 9.242], "texture": "#4"},
				"east": {"uv": [2.258, 10.758, 2.492, 12.492], "texture": "#4"},
				"south": {"uv": [8.758, 10.258, 9.242, 11.992], "texture": "#4"},
				"west": {"uv": [7.258, 10.758, 7.492, 12.492], "texture": "#4"},
				"up": {"uv": [9.242, 4.742, 8.758, 4.508], "texture": "#4"},
				"down": {"uv": [11.992, 8.008, 11.508, 8.242], "texture": "#4"}
			}
		},
		{
			"from": [10.01, 7.01, 6],
			"to": [12.01, 8.01, 10],
			"rotation": {"angle": 0, "axis": "y", "origin": [0, 2, 0]},
			"faces": {
				"north": {"uv": [9.258, 11.508, 9.742, 11.742], "texture": "#4"},
				"east": {"uv": [11.008, 10.758, 11.992, 10.992], "texture": "#4"},
				"south": {"uv": [10.008, 11.508, 10.492, 11.742], "texture": "#4"},
				"west": {"uv": [11.008, 11.008, 11.992, 11.242], "texture": "#4"},
				"up": {"uv": [0.742, 11.742, 0.258, 10.758], "texture": "#4"},
				"down": {"uv": [1.242, 10.758, 0.758, 11.742], "texture": "#4"}
			}
		},
		{
			"from": [10.01, 13.01, 6],
			"to": [12.01, 14.01, 10],
			"rotation": {"angle": 0, "axis": "y", "origin": [0, 2, 0]},
			"faces": {
				"north": {"uv": [11.508, 11.258, 11.992, 11.492], "texture": "#4"},
				"east": {"uv": [11.258, 2.258, 12.242, 2.492], "texture": "#4"},
				"south": {"uv": [11.508, 11.508, 11.992, 11.742], "texture": "#4"},
				"west": {"uv": [11.258, 2.508, 12.242, 2.742], "texture": "#4"},
				"up": {"uv": [1.742, 11.742, 1.258, 10.758], "texture": "#4"},
				"down": {"uv": [2.242, 10.758, 1.758, 11.742], "texture": "#4"}
			}
		},
		{
			"from": [3.99, 13.01, 6],
			"to": [5.99, 14.01, 10],
			"rotation": {"angle": 0, "axis": "y", "origin": [16, 2, 0]},
			"faces": {
				"north": {"uv": [11.992, 11.258, 11.508, 11.492], "texture": "#4"},
				"east": {"uv": [12.242, 2.508, 11.258, 2.742], "texture": "#4"},
				"south": {"uv": [11.992, 11.508, 11.508, 11.742], "texture": "#4"},
				"west": {"uv": [12.242, 2.258, 11.258, 2.492], "texture": "#4"},
				"up": {"uv": [1.258, 11.742, 1.742, 10.758], "texture": "#4"},
				"down": {"uv": [1.758, 10.758, 2.242, 11.742], "texture": "#4"}
			}
		},
		{
			"from": [3.99, 7.01, 5],
			"to": [5.99, 14.01, 6],
			"rotation": {"angle": 0, "axis": "y", "origin": [16, 2, 0]},
			"faces": {
				"north": {"uv": [2.242, 7.508, 1.758, 9.242], "texture": "#4"},
				"east": {"uv": [7.492, 10.758, 7.258, 12.492], "texture": "#4"},
				"south": {"uv": [9.242, 10.258, 8.758, 11.992], "texture": "#4"},
				"west": {"uv": [2.492, 10.758, 2.258, 12.492], "texture": "#4"},
				"up": {"uv": [8.758, 4.742, 9.242, 4.508], "texture": "#4"},
				"down": {"uv": [11.508, 8.008, 11.992, 8.242], "texture": "#4"}
			}
		},
		{
			"from": [3.99, 7.01, 6],
			"to": [5.99, 8.01, 10],
			"rotation": {"angle": 0, "axis": "y", "origin": [16, 2, 0]},
			"faces": {
				"north": {"uv": [9.742, 11.508, 9.258, 11.742], "texture": "#4"},
				"east": {"uv": [11.992, 11.008, 11.008, 11.242], "texture": "#4"},
				"south": {"uv": [10.492, 11.508, 10.008, 11.742], "texture": "#4"},
				"west": {"uv": [11.992, 10.758, 11.008, 10.992], "texture": "#4"},
				"up": {"uv": [0.258, 11.742, 0.742, 10.758], "texture": "#4"},
				"down": {"uv": [0.758, 10.758, 1.242, 11.742], "texture": "#4"}
			}
		},
		{
			"from": [4, 5, 18.75],
			"to": [12, 13, 18.75],
			"rotation": {"angle": 0, "axis": "y", "origin": [0, 2, 0]},
			"faces": {
				"north": {"uv": [2.258, 7.258, 4.242, 9.242], "texture": "#4"},
				"east": {"uv": [0.008, 0.008, 0.008, 1.992], "texture": "#4"},
				"south": {"uv": [4.258, 7.258, 6.242, 9.242], "texture": "#4"},
				"west": {"uv": [0.008, 0.008, 0.008, 1.992], "texture": "#4"},
				"up": {"uv": [1.992, 0.008, 0.008, 0.008], "texture": "#4"},
				"down": {"uv": [1.992, 0.008, 0.008, 0.008], "texture": "#4"}
			}
		},
		{
			"from": [4, 5, 18],
			"to": [12, 13, 18],
			"rotation": {"angle": 0, "axis": "y", "origin": [0, 2, 0]},
			"faces": {
				"north": {"uv": [7.258, 4.758, 9.242, 6.742], "texture": "#4"},
				"east": {"uv": [0.008, 0.008, 0.008, 1.992], "texture": "#4"},
				"south": {"uv": [6.258, 7.258, 8.242, 9.242], "texture": "#4"},
				"west": {"uv": [0.008, 0.008, 0.008, 1.992], "texture": "#4"},
				"up": {"uv": [1.992, 0.008, 0.008, 0.008], "texture": "#4"},
				"down": {"uv": [1.992, 0.008, 0.008, 0.008], "texture": "#4"}
			}
		},
		{
			"from": [4.5, 14.25, 11],
			"to": [9.5, 14.25, 18],
			"rotation": {"angle": 0, "axis": "y", "origin": [0, 2, 0]},
			"faces": {
				"north": {"uv": [0.008, 0.008, 1.242, 0.008], "texture": "#4"},
				"east": {"uv": [0.008, 0.008, 1.742, 0.008], "texture": "#4"},
				"south": {"uv": [0.008, 0.008, 1.242, 0.008], "texture": "#4"},
				"west": {"uv": [0.008, 0.008, 1.742, 0.008], "texture": "#4"},
				"up": {"uv": [5.242, 10.992, 4.008, 9.258], "texture": "#4"},
				"down": {"uv": [10.492, 4.758, 9.258, 6.492], "texture": "#4"}
			}
		},
		{
			"from": [4.5, 24.01, 11],
			"to": [11.5, 24.01, 18],
			"rotation": {"angle": 0, "axis": "y", "origin": [0, 2, 0]},
			"faces": {
				"north": {"uv": [0.008, 0.008, 1.742, 0.008], "texture": "#4"},
				"east": {"uv": [0.008, 0.008, 1.742, 0.008], "texture": "#4"},
				"south": {"uv": [0.008, 0.008, 1.742, 0.008], "texture": "#4"},
				"west": {"uv": [0.008, 0.008, 1.742, 0.008], "texture": "#4"},
				"up": {"uv": [1.742, 9.242, 0.008, 7.508], "texture": "#4"},
				"down": {"uv": [9.242, 2.258, 7.508, 3.992], "texture": "#4"}
			}
		},
		{
			"from": [4.5, 30.25, 11],
			"to": [11.5, 30.25, 18],
			"rotation": {"angle": 0, "axis": "y", "origin": [0, -2, 0]},
			"faces": {
				"north": {"uv": [0.008, 0.008, 1.742, 0.008], "texture": "#4"},
				"east": {"uv": [0.008, 0.008, 1.742, 0.008], "texture": "#4"},
				"south": {"uv": [0.008, 0.008, 1.742, 0.008], "texture": "#4"},
				"west": {"uv": [0.008, 0.008, 1.742, 0.008], "texture": "#4"},
				"up": {"uv": [9.992, 8.492, 8.258, 6.758], "texture": "#4"},
				"down": {"uv": [9.992, 8.508, 8.258, 10.242], "texture": "#4"}
			}
		},
		{
			"from": [3, 23, 10],
			"to": [13, 24, 19],
			"rotation": {"angle": 0, "axis": "y", "origin": [0, 2, 0]},
			"faces": {
				"north": {"uv": [9.758, 2.008, 12.242, 2.242], "texture": "#4", "tintindex": 0},
				"east": {"uv": [5.008, 4.758, 7.242, 4.992], "texture": "#4", "tintindex": 0},
				"south": {"uv": [0.008, 10.508, 2.492, 10.742], "texture": "#4", "tintindex": 0},
				"west": {"uv": [10.508, 7.008, 12.742, 7.242], "texture": "#4", "tintindex": 0},
				"up": {"uv": [7.242, 7.242, 4.758, 5.008], "texture": "#4", "tintindex": 0},
				"down": {"uv": [9.742, 0.008, 7.258, 2.242], "texture": "#4", "tintindex": 0}
			}
		},
		{
			"from": [7, 24, 13.5],
			"to": [9, 29, 15.5],
			"rotation": {"angle": 0, "axis": "y", "origin": [0, -2, 0]},
			"faces": {
				"north": {"uv": [9.258, 10.258, 9.742, 11.492], "texture": "#4"},
				"east": {"uv": [2.508, 10.508, 2.992, 11.742], "texture": "#4"},
				"south": {"uv": [3.008, 10.508, 3.492, 11.742], "texture": "#4"},
				"west": {"uv": [3.508, 10.508, 3.992, 11.742], "texture": "#4"},
				"up": {"uv": [9.242, 4.492, 8.758, 4.008], "texture": "#4"},
				"down": {"uv": [10.492, 11.008, 10.008, 11.492], "texture": "#4"}
			}
		},
		{
			"from": [6.7, 23.7, 13.2],
			"to": [9.3, 25.3, 15.8],
			"rotation": {"angle": 0, "axis": "y", "origin": [0, 2, 0]},
			"faces": {
				"north": {"uv": [0.258, 11.758, 0.742, 11.992], "texture": "#4", "tintindex": 0},
				"east": {"uv": [0.758, 11.758, 1.242, 11.992], "texture": "#4", "tintindex": 0},
				"south": {"uv": [1.258, 11.758, 1.742, 11.992], "texture": "#4", "tintindex": 0},
				"west": {"uv": [1.758, 11.758, 2.242, 11.992], "texture": "#4", "tintindex": 0},
				"up": {"uv": [11.742, 3.242, 11.258, 2.758], "texture": "#4", "tintindex": 0},
				"down": {"uv": [11.742, 3.258, 11.258, 3.742], "texture": "#4", "tintindex": 0}
			}
		},
		{
			"from": [6.7, 27.7, 13.2],
			"to": [9.3, 29.3, 15.8],
			"rotation": {"angle": 0, "axis": "y", "origin": [0, -2, 0]},
			"faces": {
				"north": {"uv": [2.508, 11.758, 2.992, 11.992], "texture": "#4", "tintindex": 0},
				"east": {"uv": [11.758, 2.758, 12.242, 2.992], "texture": "#4", "tintindex": 0},
				"south": {"uv": [3.008, 11.758, 3.492, 11.992], "texture": "#4", "tintindex": 0},
				"west": {"uv": [11.758, 3.008, 12.242, 3.242], "texture": "#4", "tintindex": 0},
				"up": {"uv": [11.742, 4.242, 11.258, 3.758], "texture": "#4", "tintindex": 0},
				"down": {"uv": [4.492, 11.258, 4.008, 11.742], "texture": "#4", "tintindex": 0}
			}
		},
		{
			"from": [4.5, 25, 14.5],
			"to": [5.5, 29, 14.5],
			"rotation": {"angle": -45, "axis": "y", "origin": [5, 25.5, 14.5]},
			"faces": {
				"north": {"uv": [4.508, 11.258, 4.742, 12.242], "texture": "#4", "tintindex": 0},
				"east": {"uv": [0.008, 0.008, 0.008, 0.992], "texture": "#4", "tintindex": 0},
				"south": {"uv": [4.758, 11.258, 4.992, 12.242], "texture": "#4", "tintindex": 0},
				"west": {"uv": [0.008, 0.008, 0.008, 0.992], "texture": "#4", "tintindex": 0},
				"up": {"uv": [0.242, 0.008, 0.008, 0.008], "texture": "#4", "tintindex": 0},
				"down": {"uv": [0.242, 0.008, 0.008, 0.008], "texture": "#4", "tintindex": 0}
			}
		},
		{
			"from": [4.5, 25, 14.5],
			"to": [5.5, 29, 14.5],
			"rotation": {"angle": 45, "axis": "y", "origin": [5, 25.5, 14.5]},
			"faces": {
				"north": {"uv": [5.008, 11.258, 5.242, 12.242], "texture": "#4", "tintindex": 0},
				"east": {"uv": [0.008, 0.008, 0.008, 0.992], "texture": "#4", "tintindex": 0},
				"south": {"uv": [5.258, 11.258, 5.492, 12.242], "texture": "#4", "tintindex": 0},
				"west": {"uv": [0.008, 0.008, 0.008, 0.992], "texture": "#4", "tintindex": 0},
				"up": {"uv": [0.242, 0.008, 0.008, 0.008], "texture": "#4", "tintindex": 0},
				"down": {"uv": [0.242, 0.008, 0.008, 0.008], "texture": "#4", "tintindex": 0}
			}
		},
		{
			"from": [4, 24, 13.5],
			"to": [6, 26, 15.5],
			"rotation": {"angle": 0, "axis": "y", "origin": [0, -2, 0]},
			"faces": {
				"north": {"uv": [11.258, 4.258, 11.742, 4.742], "texture": "#4", "tintindex": 0},
				"east": {"uv": [5.508, 11.258, 5.992, 11.742], "texture": "#4", "tintindex": 0},
				"south": {"uv": [11.258, 8.258, 11.742, 8.742], "texture": "#4", "tintindex": 0},
				"west": {"uv": [11.258, 8.758, 11.742, 9.242], "texture": "#4", "tintindex": 0},
				"up": {"uv": [11.742, 9.742, 11.258, 9.258], "texture": "#4", "tintindex": 0},
				"down": {"uv": [11.742, 9.758, 11.258, 10.242], "texture": "#4", "tintindex": 0}
			}
		},
		{
			"from": [3, 29, 9.5],
			"to": [13, 30, 19.5],
			"rotation": {"angle": 0, "axis": "y", "origin": [0, -2, 0]},
			"faces": {
				"north": {"uv": [10.508, 4.758, 12.992, 4.992], "texture": "#4", "tintindex": 0},
				"east": {"uv": [10.508, 5.008, 12.992, 5.242], "texture": "#4", "tintindex": 0},
				"south": {"uv": [5.258, 10.508, 7.742, 10.742], "texture": "#4", "tintindex": 0},
				"west": {"uv": [10.508, 5.258, 12.992, 5.492], "texture": "#4", "tintindex": 0},
				"up": {"uv": [4.992, 2.492, 2.508, 0.008], "texture": "#4", "tintindex": 0},
				"down": {"uv": [4.992, 2.508, 2.508, 4.992], "texture": "#4", "tintindex": 0}
			}
		},
		{
			"from": [3, 30, 9.5],
			"to": [13, 32, 11.5],
			"rotation": {"angle": 0, "axis": "y", "origin": [0, -2, 0]},
			"faces": {
				"north": {"uv": [9.758, 0.008, 12.242, 0.492], "texture": "#4", "tintindex": 0},
				"east": {"uv": [11.258, 10.258, 11.742, 10.742], "texture": "#4", "tintindex": 0},
				"south": {"uv": [9.758, 0.508, 12.242, 0.992], "texture": "#4", "tintindex": 0},
				"west": {"uv": [11.008, 11.258, 11.492, 11.742], "texture": "#4", "tintindex": 0},
				"up": {"uv": [12.242, 1.492, 9.758, 1.008], "texture": "#4", "tintindex": 0},
				"down": {"uv": [12.242, 1.508, 9.758, 1.992], "texture": "#4", "tintindex": 0}
			}
		},
		{
			"from": [11, 30, 11.5],
			"to": [13, 32, 15.5],
			"rotation": {"angle": 0, "axis": "y", "origin": [0, -2, 0]},
			"faces": {
				"north": {"uv": [11.508, 7.258, 11.992, 7.742], "texture": "#4", "tintindex": 0},
				"east": {"uv": [7.258, 6.758, 8.242, 7.242], "texture": "#4", "tintindex": 0},
				"south": {"uv": [7.758, 11.508, 8.242, 11.992], "texture": "#4", "tintindex": 0},
				"west": {"uv": [5.258, 10.758, 6.242, 11.242], "texture": "#4", "tintindex": 0},
				"up": {"uv": [6.742, 11.742, 6.258, 10.758], "texture": "#4", "tintindex": 0},
				"down": {"uv": [7.242, 10.758, 6.758, 11.742], "texture": "#4", "tintindex": 0}
			}
		},
		{
			"from": [3, 30, 11.5],
			"to": [5, 32, 15.5],
			"rotation": {"angle": 0, "axis": "y", "origin": [16, -2, 0]},
			"faces": {
				"north": {"uv": [11.992, 7.258, 11.508, 7.742], "texture": "#4", "tintindex": 0},
				"east": {"uv": [6.242, 10.758, 5.258, 11.242], "texture": "#4", "tintindex": 0},
				"south": {"uv": [8.242, 11.508, 7.758, 11.992], "texture": "#4", "tintindex": 0},
				"west": {"uv": [8.242, 6.758, 7.258, 7.242], "texture": "#4", "tintindex": 0},
				"up": {"uv": [6.258, 11.742, 6.742, 10.758], "texture": "#4", "tintindex": 0},
				"down": {"uv": [6.758, 10.758, 7.242, 11.742], "texture": "#4", "tintindex": 0}
			}
		},
		{
			"from": [12, 14, 12],
			"to": [13, 16, 17],
			"rotation": {"angle": 0, "axis": "y", "origin": [0, 2, 0]},
			"faces": {
				"north": {"uv": [6.008, 11.258, 6.242, 11.742], "texture": "#4", "tintindex": 0},
				"east": {"uv": [7.508, 4.008, 8.742, 4.492], "texture": "#4", "tintindex": 0},
				"south": {"uv": [11.758, 3.258, 11.992, 3.742], "texture": "#4", "tintindex": 0},
				"west": {"uv": [10.508, 5.508, 11.742, 5.992], "texture": "#4", "tintindex": 0},
				"up": {"uv": [7.742, 11.992, 7.508, 10.758], "texture": "#4", "tintindex": 0},
				"down": {"uv": [10.992, 8.258, 10.758, 9.492], "texture": "#4", "tintindex": 0}
			}
		},
		{
			"from": [12, 21, 12],
			"to": [13, 23, 17],
			"rotation": {"angle": 0, "axis": "y", "origin": [0, 2, 0]},
			"faces": {
				"north": {"uv": [3.508, 11.758, 3.742, 12.242], "texture": "#4", "tintindex": 0},
				"east": {"uv": [10.508, 6.008, 11.742, 6.492], "texture": "#4", "tintindex": 0},
				"south": {"uv": [3.758, 11.758, 3.992, 12.242], "texture": "#4", "tintindex": 0},
				"west": {"uv": [10.508, 6.508, 11.742, 6.992], "texture": "#4", "tintindex": 0},
				"up": {"uv": [10.992, 10.742, 10.758, 9.508], "texture": "#4", "tintindex": 0},
				"down": {"uv": [10.992, 10.758, 10.758, 11.992], "texture": "#4", "tintindex": 0}
			}
		},
		{
			"from": [12, 14, 10],
			"to": [13, 23, 12],
			"rotation": {"angle": 0, "axis": "y", "origin": [0, 2, 0]},
			"faces": {
				"north": {"uv": [9.758, 10.258, 9.992, 12.492], "texture": "#4", "tintindex": 0},
				"east": {"uv": [7.758, 9.258, 8.242, 11.492], "texture": "#4", "tintindex": 0},
				"south": {"uv": [10.508, 7.258, 10.742, 9.492], "texture": "#4", "tintindex": 0},
				"west": {"uv": [10.008, 6.508, 10.492, 8.742], "texture": "#4", "tintindex": 0},
				"up": {"uv": [11.992, 4.242, 11.758, 3.758], "texture": "#4", "tintindex": 0},
				"down": {"uv": [4.242, 11.758, 4.008, 12.242], "texture": "#4", "tintindex": 0}
			}
		},
		{
			"from": [12, 14, 17],
			"to": [13, 23, 19],
			"rotation": {"angle": 0, "axis": "y", "origin": [0, 2, 0]},
			"faces": {
				"north": {"uv": [10.508, 9.508, 10.742, 11.742], "texture": "#4", "tintindex": 0},
				"east": {"uv": [10.008, 8.758, 10.492, 10.992], "texture": "#4", "tintindex": 0},
				"south": {"uv": [0.008, 10.758, 0.242, 12.992], "texture": "#4", "tintindex": 0},
				"west": {"uv": [8.258, 10.258, 8.742, 12.492], "texture": "#4", "tintindex": 0},
				"up": {"uv": [4.492, 12.242, 4.258, 11.758], "texture": "#4", "tintindex": 0},
				"down": {"uv": [11.992, 4.258, 11.758, 4.742], "texture": "#4", "tintindex": 0}
			}
		},
		{
			"from": [3, 21, 12],
			"to": [4, 23, 17],
			"rotation": {"angle": 0, "axis": "y", "origin": [16, 2, 0]},
			"faces": {
				"north": {"uv": [3.742, 11.758, 3.508, 12.242], "texture": "#4", "tintindex": 0},
				"east": {"uv": [11.742, 6.508, 10.508, 6.992], "texture": "#4", "tintindex": 0},
				"south": {"uv": [3.992, 11.758, 3.758, 12.242], "texture": "#4", "tintindex": 0},
				"west": {"uv": [11.742, 6.008, 10.508, 6.492], "texture": "#4", "tintindex": 0},
				"up": {"uv": [10.758, 10.742, 10.992, 9.508], "texture": "#4", "tintindex": 0},
				"down": {"uv": [10.758, 10.758, 10.992, 11.992], "texture": "#4", "tintindex": 0}
			}
		},
		{
			"from": [3, 14, 10],
			"to": [4, 23, 12],
			"rotation": {"angle": 0, "axis": "y", "origin": [16, 2, 0]},
			"faces": {
				"north": {"uv": [9.992, 10.258, 9.758, 12.492], "texture": "#4", "tintindex": 0},
				"east": {"uv": [10.492, 6.508, 10.008, 8.742], "texture": "#4", "tintindex": 0},
				"south": {"uv": [10.742, 7.258, 10.508, 9.492], "texture": "#4", "tintindex": 0},
				"west": {"uv": [8.242, 9.258, 7.758, 11.492], "texture": "#4", "tintindex": 0},
				"up": {"uv": [11.758, 4.242, 11.992, 3.758], "texture": "#4", "tintindex": 0},
				"down": {"uv": [4.008, 11.758, 4.242, 12.242], "texture": "#4", "tintindex": 0}
			}
		},
		{
			"from": [3, 14, 17],
			"to": [4, 23, 19],
			"rotation": {"angle": 0, "axis": "y", "origin": [16, 2, 0]},
			"faces": {
				"north": {"uv": [10.742, 9.508, 10.508, 11.742], "texture": "#4", "tintindex": 0},
				"east": {"uv": [8.742, 10.258, 8.258, 12.492], "texture": "#4", "tintindex": 0},
				"south": {"uv": [0.242, 10.758, 0.008, 12.992], "texture": "#4", "tintindex": 0},
				"west": {"uv": [10.492, 8.758, 10.008, 10.992], "texture": "#4", "tintindex": 0},
				"up": {"uv": [4.258, 12.242, 4.492, 11.758], "texture": "#4", "tintindex": 0},
				"down": {"uv": [11.758, 4.258, 11.992, 4.742], "texture": "#4", "tintindex": 0}
			}
		},
		{
			"from": [3, 14, 12],
			"to": [4, 16, 17],
			"rotation": {"angle": 0, "axis": "y", "origin": [16, 2, 0]},
			"faces": {
				"north": {"uv": [6.242, 11.258, 6.008, 11.742], "texture": "#4", "tintindex": 0},
				"east": {"uv": [11.742, 5.508, 10.508, 5.992], "texture": "#4", "tintindex": 0},
				"south": {"uv": [11.992, 3.258, 11.758, 3.742], "texture": "#4", "tintindex": 0},
				"west": {"uv": [8.742, 4.008, 7.508, 4.492], "texture": "#4", "tintindex": 0},
				"up": {"uv": [7.508, 11.992, 7.742, 10.758], "texture": "#4", "tintindex": 0},
				"down": {"uv": [10.758, 8.258, 10.992, 9.492], "texture": "#4", "tintindex": 0}
			}
		},
		{
			"from": [7, 14, 16],
			"to": [12, 18, 21],
			"rotation": {"angle": 0, "axis": "y", "origin": [0, -8, -1]},
			"faces": {
				"north": {"uv": [2.508, 0.008, 4.992, 1.992], "texture": "#3"},
				"east": {"uv": [2.508, 2.008, 4.992, 3.992], "texture": "#3"},
				"south": {"uv": [2.508, 4.008, 4.992, 5.992], "texture": "#3"},
				"west": {"uv": [0.008, 5.008, 2.492, 6.992], "texture": "#3"},
				"up": {"uv": [2.492, 2.492, 0.008, 0.008], "texture": "#3"},
				"down": {"uv": [2.492, 2.508, 0.008, 4.992], "texture": "#3"}
			}
		},
		{
			"from": [10, 18, 19],
			"to": [12, 19, 20],
			"rotation": {"angle": 0, "axis": "y", "origin": [0, -8, -1]},
			"faces": {
				"north": {"uv": [5.508, 11.758, 5.992, 11.992], "texture": "#4"},
				"east": {"uv": [7.258, 2.258, 7.492, 2.492], "texture": "#4"},
				"south": {"uv": [11.758, 5.508, 12.242, 5.742], "texture": "#4"},
				"west": {"uv": [11.758, 8.508, 11.992, 8.742], "texture": "#4"},
				"up": {"uv": [12.242, 5.992, 11.758, 5.758], "texture": "#4"},
				"down": {"uv": [6.492, 11.758, 6.008, 11.992], "texture": "#4"}
			}
		},
		{
			"from": [8, 14, 21],
			"to": [11, 16, 22],
			"rotation": {"angle": 0, "axis": "y", "origin": [0, -8, -1]},
			"faces": {
				"north": {"uv": [10.758, 7.258, 11.492, 7.742], "texture": "#4"},
				"east": {"uv": [11.758, 6.008, 11.992, 6.492], "texture": "#4"},
				"south": {"uv": [10.758, 7.758, 11.492, 8.242], "texture": "#4"},
				"west": {"uv": [6.508, 11.758, 6.742, 12.242], "texture": "#4"},
				"up": {"uv": [9.992, 6.742, 9.258, 6.508], "texture": "#4"},
				"down": {"uv": [12.242, 7.758, 11.508, 7.992], "texture": "#4"}
			}
		},
		{
			"from": [4, 14, 11],
			"to": [12, 19, 16],
			"rotation": {"angle": 0, "axis": "y", "origin": [0, -8, -1]},
			"faces": {
				"north": {"uv": [0.008, 9.258, 1.992, 10.492], "texture": "#4"},
				"east": {"uv": [5.258, 9.258, 6.492, 10.492], "texture": "#4"},
				"south": {"uv": [2.008, 9.258, 3.992, 10.492], "texture": "#4"},
				"west": {"uv": [6.508, 9.258, 7.742, 10.492], "texture": "#4"},
				"up": {"uv": [11.242, 3.492, 9.258, 2.258], "texture": "#4"},
				"down": {"uv": [11.242, 3.508, 9.258, 4.742], "texture": "#4"}
			}
		},
		{
			"from": [4, 14, 15],
			"to": [5, 15, 20],
			"rotation": {"angle": 0, "axis": "y", "origin": [0, -8, -1]},
			"faces": {
				"north": {"uv": [11.758, 8.758, 11.992, 8.992], "texture": "#4"},
				"east": {"uv": [7.508, 4.508, 8.742, 4.742], "texture": "#4"},
				"south": {"uv": [11.758, 9.008, 11.992, 9.242], "texture": "#4"},
				"west": {"uv": [4.008, 11.008, 5.242, 11.242], "texture": "#4"},
				"up": {"uv": [11.242, 9.492, 11.008, 8.258], "texture": "#4"},
				"down": {"uv": [11.242, 9.508, 11.008, 10.742], "texture": "#4"}
			}
		},
		{
			"from": [3.99, 9.99, 18.99],
			"to": [5.01, 14.01, 20.01],
			"rotation": {"angle": 0, "axis": "z", "origin": [4.04289, 10.64645, 19.5]},
			"faces": {
				"north": {"uv": [5.508, 2.008, 5.992, 3.992], "texture": "#3"},
				"east": {"uv": [5.508, 4.008, 5.992, 5.992], "texture": "#3"},
				"south": {"uv": [6.008, 0.008, 6.492, 1.992], "texture": "#3"},
				"west": {"uv": [6.008, 2.008, 6.492, 3.992], "texture": "#3"},
				"up": {"uv": [7.492, 1.492, 7.008, 1.008], "texture": "#3"},
				"down": {"uv": [1.992, 7.008, 1.508, 7.492], "texture": "#3"}
			}
		},
		{
			"from": [4.00225, 7.45064, 19],
			"to": [5.00225, 10.45064, 20],
			"rotation": {"angle": -22.5, "axis": "z", "origin": [3.86836, 10.23097, 19.5]},
			"faces": {
				"north": {"uv": [6.008, 5.508, 6.492, 6.992], "texture": "#3"},
				"east": {"uv": [6.508, 0.008, 6.992, 1.492], "texture": "#3"},
				"south": {"uv": [6.508, 1.508, 6.992, 2.992], "texture": "#3"},
				"west": {"uv": [4.508, 6.508, 4.992, 7.992], "texture": "#3"},
				"up": {"uv": [7.492, 0.992, 7.008, 0.508], "texture": "#3"},
				"down": {"uv": [1.492, 7.008, 1.008, 7.492], "texture": "#3"}
			}
		},
		{
			"from": [2.77951, 10.61154, 18.99],
			"to": [3.79951, 14.63154, 20.01],
			"rotation": {"angle": -22.5, "axis": "z", "origin": [2.8324, 11.26799, 19.5]},
			"faces": {
				"north": {"uv": [5.008, 0.008, 5.492, 1.992], "texture": "#3"},
				"east": {"uv": [5.008, 2.008, 5.492, 3.992], "texture": "#3"},
				"south": {"uv": [5.008, 4.008, 5.492, 5.992], "texture": "#3"},
				"west": {"uv": [5.508, 0.008, 5.992, 1.992], "texture": "#3"},
				"up": {"uv": [6.992, 3.492, 6.508, 3.008], "texture": "#3"},
				"down": {"uv": [6.992, 3.508, 6.508, 3.992], "texture": "#3"}
			}
		},
		{
			"from": [0.05207, 10.13411, 19],
			"to": [3.05207, 11.13411, 20],
			"rotation": {"angle": 22.5, "axis": "z", "origin": [2.8324, 11.26799, 19.5]},
			"faces": {
				"north": {"uv": [6.008, 4.008, 7.492, 4.492], "texture": "#3"},
				"east": {"uv": [7.008, 0.008, 7.492, 0.492], "texture": "#3"},
				"south": {"uv": [4.508, 6.008, 5.992, 6.492], "texture": "#3"},
				"west": {"uv": [0.508, 7.008, 0.992, 7.492], "texture": "#3"},
				"up": {"uv": [7.492, 4.992, 6.008, 4.508], "texture": "#3"},
				"down": {"uv": [7.492, 5.008, 6.008, 5.492], "texture": "#3"}
			}
		},
		{
			"from": [5.27008, 10.26169, 18.99],
			"to": [6.29008, 14.28169, 20.01],
			"rotation": {"angle": 22.5, "axis": "z", "origin": [5.32298, 10.91814, 19.5]},
			"faces": {
				"north": {"uv": [2.508, 6.008, 2.992, 7.992], "texture": "#3"},
				"east": {"uv": [3.008, 6.008, 3.492, 7.992], "texture": "#3"},
				"south": {"uv": [3.508, 6.008, 3.992, 7.992], "texture": "#3"},
				"west": {"uv": [4.008, 6.008, 4.492, 7.992], "texture": "#3"},
				"up": {"uv": [7.492, 1.992, 7.008, 1.508], "texture": "#3"},
				"down": {"uv": [2.492, 7.008, 2.008, 7.492], "texture": "#3"}
			}
		},
		{
			"from": [5.72528, 7.27415, 19],
			"to": [6.72528, 10.27415, 20],
			"rotation": {"angle": 45, "axis": "z", "origin": [5.59139, 10.05448, 19.5]},
			"faces": {
				"north": {"uv": [5.008, 6.508, 5.492, 7.992], "texture": "#3"},
				"east": {"uv": [5.508, 6.508, 5.992, 7.992], "texture": "#3"},
				"south": {"uv": [6.508, 5.508, 6.992, 6.992], "texture": "#3"},
				"west": {"uv": [0.008, 7.008, 0.492, 8.492], "texture": "#3"},
				"up": {"uv": [7.492, 2.492, 7.008, 2.008], "texture": "#3"},
				"down": {"uv": [7.492, 2.508, 7.008, 2.992], "texture": "#3"}
			}
		},
		{
			"from": [10, 14, 19],
			"to": [12, 15, 20],
			"rotation": {"angle": 22.5, "axis": "x", "origin": [12.5, 15, 16.5]},
			"faces": {
				"north": {"uv": [11.758, 6.508, 12.242, 6.742], "texture": "#4"},
				"east": {"uv": [9.258, 11.758, 9.492, 11.992], "texture": "#4"},
				"south": {"uv": [6.758, 11.758, 7.242, 11.992], "texture": "#4"},
				"west": {"uv": [11.758, 9.258, 11.992, 9.492], "texture": "#4"},
				"up": {"uv": [12.242, 6.992, 11.758, 6.758], "texture": "#4"},
				"down": {"uv": [12.242, 8.258, 11.758, 8.492], "texture": "#4"}
			}
		},
		{
			"from": [7, 18, 19],
			"to": [9, 19, 20],
			"rotation": {"angle": 0, "axis": "y", "origin": [19, -8, -1]},
			"faces": {
				"north": {"uv": [5.992, 11.758, 5.508, 11.992], "texture": "#4"},
				"east": {"uv": [11.992, 8.508, 11.758, 8.742], "texture": "#4"},
				"south": {"uv": [12.242, 5.508, 11.758, 5.742], "texture": "#4"},
				"west": {"uv": [7.492, 2.258, 7.258, 2.492], "texture": "#4"},
				"up": {"uv": [11.758, 5.992, 12.242, 5.758], "texture": "#4"},
				"down": {"uv": [6.008, 11.758, 6.492, 11.992], "texture": "#4"}
			}
		},
		{
			"from": [7, 14, 19],
			"to": [9, 15, 20],
			"rotation": {"angle": 22.5, "axis": "x", "origin": [6.5, 15, 16.5]},
			"faces": {
				"north": {"uv": [12.242, 6.508, 11.758, 6.742], "texture": "#4"},
				"east": {"uv": [11.992, 9.258, 11.758, 9.492], "texture": "#4"},
				"south": {"uv": [7.242, 11.758, 6.758, 11.992], "texture": "#4"},
				"west": {"uv": [9.492, 11.758, 9.258, 11.992], "texture": "#4"},
				"up": {"uv": [11.758, 6.992, 12.242, 6.758], "texture": "#4"},
				"down": {"uv": [11.758, 8.258, 12.242, 8.492], "texture": "#4"}
			}
		}
	],
	"display": {
		"gui": {
			"rotation": [30, 45, 0],
			"translation": [-2, -3.25, 0],
			"scale": [0.5, 0.5, 0.5]
		}
	},
	"groups": [
		{
			"name": "group",
			"origin": [8, 8, 8],
			"color": 0,
			"children": [
				{
					"name": "group",
					"origin": [8, 8, 8],
					"color": 0,
					"children": [
						0,
						{
							"name": "group",
							"origin": [0, 0, 0],
							"color": 0,
							"children": [1, 2, 3, 4, 5, 6]
						},
						{
							"name": "group",
							"origin": [0, 0, 0],
							"color": 0,
							"children": []
						},
						7,
						8,
						9,
						10,
						11,
						12,
						13,
						14,
						15,
						{
							"name": "group",
							"origin": [5, 27.5, 14.5],
							"color": 0,
							"children": [16, 17, 18]
						},
						19,
						20,
						21,
						22,
						{
							"name": "group",
							"origin": [0, 0, 0],
							"color": 0,
							"children": []
						},
						{
							"name": "group",
							"origin": [0, 0, 0],
							"color": 0,
							"children": [23, 24, 25, 26, 27, 28, 29, 30]
						}
					]
				},
				{
					"name": "group",
					"origin": [8, 8, 8],
					"color": 0,
					"children": [31, 32, 33, 34, 35, 36, 37, 38, 39, 40, 41, 42, 43, 44]
				}
			]
		}
	]
}