{
	"credit": "Made by CookiesNom with Blockbench",
	"parent": "hideaway:display_parents/back",
	"texture_size": [32, 32],
	"textures": {
		"2": "hideaway:back/cauldron_smoke",
		"4": "hideaway:back/cauldron",
		"particle": "hideaway:back/cauldron"
	},
	"elements": [
		{
			"from": [-1, 7.08655, 12.5922],
			"to": [17, 31.08655, 12.5922],
			"rotation": {"angle": 22.5, "axis": "x", "origin": [8, 19.08655, 12.5922]},
			"faces": {
				"north": {"uv": [0.008, 0.008, 9.008, 12.008], "texture": "#2", "tintindex": 0},
				"south": {"uv": [9.008, 0.008, 0.008, 12.008], "texture": "#2", "tintindex": 0}
			}
		},
		{
			"from": [3, 0, 3],
			"to": [13, 8, 13],
			"rotation": {"angle": 0, "axis": "y", "origin": [8, 8.79328, 7.37485]},
			"faces": {
				"north": {"uv": [5.016, 3.016, 9.984, 6.984], "texture": "#4"},
				"east": {"uv": [5.016, 3.016, 9.984, 6.984], "texture": "#4"},
				"south": {"uv": [5.016, 3.016, 9.984, 6.984], "texture": "#4"},
				"west": {"uv": [5.016, 3.016, 9.984, 6.984], "texture": "#4"},
				"up": {"uv": [4.984, 4.984, 0.016, 0.016], "texture": "#4", "tintindex": 0},
				"down": {"uv": [4.984, 5.016, 0.016, 9.984], "texture": "#4"}
			}
		},
		{
			"from": [5.44205, -2, 4.8169],
			"to": [11.44205, 0, 10.8169],
			"rotation": {"angle": -45, "axis": "y", "origin": [8, 8.79328, 7.37485]},
			"faces": {
				"north": {"uv": [7.016, 11.016, 9.984, 11.984], "texture": "#4"},
				"east": {"uv": [7.016, 11.016, 9.984, 11.984], "texture": "#4"},
				"south": {"uv": [7.016, 11.016, 9.984, 11.984], "texture": "#4"},
				"west": {"uv": [7.016, 11.016, 9.984, 11.984], "texture": "#4"},
				"down": {"uv": [12.984, 3.016, 10.016, 5.984], "texture": "#4"}
			}
		},
		{
			"from": [6.55695, -3, -1.25417],
			"to": [8.55695, -2, 0.74583],
			"rotation": {"angle": 45, "axis": "y", "origin": [8, 7.79328, 7.37485]},
			"faces": {
				"north": {"uv": [12.984, 2.984, 12.016, 2.516], "texture": "#4"},
				"east": {"uv": [12.484, 2.984, 12.016, 2.016], "rotation": 90, "texture": "#4"},
				"south": {"uv": [12.984, 2.484, 12.016, 2.016], "texture": "#4"},
				"west": {"uv": [12.484, 2.016, 12.016, 2.984], "rotation": 90, "texture": "#4"},
				"up": {"uv": [12.984, 2.984, 12.016, 2.016], "texture": "#4"},
				"down": {"uv": [12.984, 2.016, 12.016, 2.984], "texture": "#4"}
			}
		},
		{
			"from": [7.55695, -3, -0.25417],
			"to": [7.55695, 0, 2.74583],
			"rotation": {"angle": 45, "axis": "y", "origin": [8, 7.79328, 7.37485]},
			"faces": {
				"east": {"uv": [11.516, 7.516, 12.984, 8.984], "texture": "#4"},
				"west": {"uv": [12.984, 7.516, 11.516, 8.984], "texture": "#4"}
			}
		},
		{
			"from": [7.44305, -3, -1.25417],
			"to": [9.44305, -2, 0.74583],
			"rotation": {"angle": -45, "axis": "y", "origin": [8, 7.79328, 7.37485]},
			"faces": {
				"north": {"uv": [12.016, 2.984, 12.984, 2.516], "texture": "#4"},
				"east": {"uv": [12.484, 2.984, 12.016, 2.016], "rotation": 90, "texture": "#4"},
				"south": {"uv": [12.016, 2.484, 12.984, 2.016], "texture": "#4"},
				"west": {"uv": [12.484, 2.016, 12.016, 2.984], "rotation": 90, "texture": "#4"},
				"up": {"uv": [12.016, 2.984, 12.984, 2.016], "texture": "#4"},
				"down": {"uv": [12.016, 2.016, 12.984, 2.984], "texture": "#4"}
			}
		},
		{
			"from": [8.44305, -3, -0.25417],
			"to": [8.44305, 0, 2.74583],
			"rotation": {"angle": -45, "axis": "y", "origin": [8, 7.79328, 7.37485]},
			"faces": {
				"east": {"uv": [11.516, 7.516, 12.984, 8.984], "texture": "#4"},
				"west": {"uv": [12.984, 7.516, 11.516, 8.984], "texture": "#4"}
			}
		},
		{
			"from": [7.44305, -3, 15.25417],
			"to": [9.44305, -2, 17.25417],
			"rotation": {"angle": 45, "axis": "y", "origin": [8, 7.79328, 8.62515]},
			"faces": {
				"north": {"uv": [12.984, 2.484, 12.016, 2.016], "texture": "#4"},
				"east": {"uv": [12.484, 2.016, 12.016, 2.984], "rotation": 90, "texture": "#4"},
				"south": {"uv": [12.984, 2.984, 12.016, 2.516], "texture": "#4"},
				"west": {"uv": [12.484, 2.984, 12.016, 2.016], "rotation": 90, "texture": "#4"},
				"up": {"uv": [12.016, 2.016, 12.984, 2.984], "texture": "#4"},
				"down": {"uv": [12.016, 2.984, 12.984, 2.016], "texture": "#4"}
			}
		},
		{
			"from": [8.44305, -3, 13.25417],
			"to": [8.44305, 0, 16.25417],
			"rotation": {"angle": 45, "axis": "y", "origin": [8, 7.79328, 8.62515]},
			"faces": {
				"east": {"uv": [12.984, 7.516, 11.516, 8.984], "texture": "#4"},
				"west": {"uv": [11.516, 7.516, 12.984, 8.984], "texture": "#4"}
			}
		},
		{
			"from": [7.55695, -3, 13.25417],
			"to": [7.55695, 0, 16.25417],
			"rotation": {"angle": -45, "axis": "y", "origin": [8, 7.79328, 8.62515]},
			"faces": {
				"east": {"uv": [12.984, 7.516, 11.516, 8.984], "texture": "#4"},
				"west": {"uv": [11.516, 7.516, 12.984, 8.984], "texture": "#4"}
			}
		},
		{
			"from": [6.55695, -3, 15.25417],
			"to": [8.55695, -2, 17.25417],
			"rotation": {"angle": -45, "axis": "y", "origin": [8, 7.79328, 8.62515]},
			"faces": {
				"north": {"uv": [12.016, 2.484, 12.984, 2.016], "texture": "#4"},
				"east": {"uv": [12.484, 2.016, 12.016, 2.984], "rotation": 90, "texture": "#4"},
				"south": {"uv": [12.016, 2.984, 12.984, 2.516], "texture": "#4"},
				"west": {"uv": [12.484, 2.984, 12.016, 2.016], "rotation": 90, "texture": "#4"},
				"up": {"uv": [12.984, 2.016, 12.016, 2.984], "texture": "#4"},
				"down": {"uv": [12.984, 2.984, 12.016, 2.016], "texture": "#4"}
			}
		},
		{
			"from": [2, 3.6041, 3.78672],
			"to": [14, 9.6041, 17.78672],
			"rotation": {"angle": 22.5, "axis": "x", "origin": [8, 8.79328, 7.37485]},
			"faces": {
				"north": {"uv": [5.016, 7.016, 10.984, 9.984], "texture": "#4"},
				"east": {"uv": [11.984, 0.016, 5.016, 2.984], "texture": "#4"},
				"west": {"uv": [5.016, 0.016, 11.984, 2.984], "texture": "#4"}
			}
		},
		{
			"from": [3, 8, 2],
			"to": [13, 10, 3],
			"rotation": {"angle": 0, "axis": "y", "origin": [8, 8.79328, 7.37485]},
			"faces": {
				"north": {"uv": [5.516, 10.016, 10.484, 10.984], "texture": "#4"},
				"south": {"uv": [10.016, 6.016, 14.984, 6.984], "texture": "#4", "tintindex": 0},
				"up": {"uv": [4.984, 13.484, 0.016, 13.016], "texture": "#4", "tintindex": 0},
				"down": {"uv": [13.484, 0.516, 13.016, 5.484], "rotation": 90, "texture": "#4"}
			}
		},
		{
			"from": [3, 8, 13],
			"to": [13, 10, 14],
			"rotation": {"angle": 0, "axis": "y", "origin": [8, 8.79328, 8.62515]},
			"faces": {
				"north": {"uv": [5.516, 10.016, 10.484, 10.984], "texture": "#4"},
				"south": {"uv": [10.484, 10.016, 5.516, 10.984], "texture": "#4"},
				"up": {"uv": [11.484, 12.484, 11.016, 7.516], "rotation": 90, "texture": "#4"},
				"down": {"uv": [13.016, 0.516, 13.484, 5.484], "rotation": 90, "texture": "#4"}
			}
		},
		{
			"from": [3, 2.85128, 1.94734],
			"to": [13, 7.85128, 1.94734],
			"rotation": {"angle": 22.5, "axis": "x", "origin": [8, 8.79328, 7.37485]},
			"faces": {
				"north": {"uv": [0.016, 10.016, 4.984, 12.484], "texture": "#4", "tintindex": 0},
				"south": {"uv": [4.984, 10.016, 0.016, 12.484], "texture": "#4", "tintindex": 0}
			}
		},
		{
			"from": [2, 8, 2],
			"to": [3, 10, 14],
			"rotation": {"angle": 0, "axis": "y", "origin": [8, 8.79328, 7.37485]},
			"faces": {
				"north": {"uv": [5.016, 10.016, 5.484, 10.984], "texture": "#4"},
				"east": {"uv": [10.984, 10.016, 5.016, 10.984], "texture": "#4"},
				"south": {"uv": [5.016, 10.016, 5.484, 10.984], "texture": "#4"},
				"west": {"uv": [5.016, 10.016, 10.984, 10.984], "texture": "#4"},
				"up": {"uv": [11.484, 12.984, 11.016, 7.016], "texture": "#4"},
				"down": {"uv": [13.484, 0.016, 13.016, 5.984], "texture": "#4"}
			}
		},
		{
			"from": [13, 8, 2],
			"to": [14, 10, 14],
			"rotation": {"angle": 0, "axis": "y", "origin": [8, 8.79328, 7.37485]},
			"faces": {
				"north": {"uv": [5.484, 10.016, 5.016, 10.984], "texture": "#4"},
				"east": {"uv": [10.984, 10.016, 5.016, 10.984], "texture": "#4"},
				"south": {"uv": [5.484, 10.016, 5.016, 10.984], "texture": "#4"},
				"west": {"uv": [5.016, 10.016, 10.984, 10.984], "texture": "#4"},
				"up": {"uv": [11.016, 12.984, 11.484, 7.016], "texture": "#4"},
				"down": {"uv": [13.016, 0.016, 13.484, 5.984], "texture": "#4"}
			}
		},
		{
			"from": [1, 7, 6],
			"to": [3, 9, 10],
			"rotation": {"angle": 0, "axis": "y", "origin": [8, 8.79328, 7.37485]},
			"faces": {
				"north": {"uv": [7.984, 12.016, 7.016, 12.984], "texture": "#4"},
				"south": {"uv": [7.016, 12.016, 7.984, 12.984], "texture": "#4"},
				"west": {"uv": [11.516, 9.016, 13.484, 9.984], "texture": "#4"},
				"up": {"uv": [12.484, 11.984, 11.516, 10.016], "texture": "#4"},
				"down": {"uv": [12.984, 0.016, 12.016, 1.984], "texture": "#4"}
			}
		},
		{
			"from": [-1.80357, 12.47399, 5],
			"to": [2.19643, 12.47399, 11],
			"rotation": {"angle": 45, "axis": "z", "origin": [8, 8.79328, 7.37485]},
			"faces": {
				"up": {"uv": [6.984, 13.984, 5.016, 11.016], "texture": "#4"},
				"down": {"uv": [6.984, 11.016, 5.016, 13.984], "texture": "#4"}
			}
		},
		{
			"from": [13, 7, 6],
			"to": [15, 9, 10],
			"rotation": {"angle": 0, "axis": "y", "origin": [8, 8.79328, 7.37485]},
			"faces": {
				"north": {"uv": [7.016, 12.016, 7.984, 12.984], "texture": "#4"},
				"east": {"uv": [13.484, 9.016, 11.516, 9.984], "texture": "#4"},
				"south": {"uv": [7.984, 12.016, 7.016, 12.984], "texture": "#4"},
				"up": {"uv": [11.516, 11.984, 12.484, 10.016], "texture": "#4"},
				"down": {"uv": [12.016, 0.016, 12.984, 1.984], "texture": "#4"}
			}
		},
		{
			"from": [13.80357, 12.47399, 5],
			"to": [17.80357, 12.47399, 11],
			"rotation": {"angle": -45, "axis": "z", "origin": [8, 8.79328, 7.37485]},
			"faces": {
				"up": {"uv": [5.016, 13.984, 6.984, 11.016], "texture": "#4"},
				"down": {"uv": [5.016, 11.016, 6.984, 13.984], "texture": "#4"}
			}
		}
	],
	"display": {
		"gui": {
			"rotation": [55, 225, 25],
			"translation": [0.5, -2.25, 0],
			"scale": [0.4, 0.4, 0.4]
		},
		"head": {
			"rotation": [22.5, -180, 0],
			"translation": [0, -46, 13.25],
			"scale": [1.667, 1.667, 1.667]
		}
	},
	"__credit": "Generated using Animated Java (https://animated-java.dev/)"
}