{
	"credit": "Made with Blockbench",
	"parent": "hideaway:display_parents/back",
	"texture_size": [32, 32],
	"textures": {
		"1": "hideaway:back/chicken_tail"
	},
	"elements": [
		{
			"from": [8, 2, 10],
			"to": [8, 16, 24],
			"faces": {
				"north": {"uv": [0, 0, 0, 7], "texture": "#1"},
				"east": {"uv": [0, 0.5, 7, 7.5], "texture": "#1"},
				"south": {"uv": [0, 0, 0, 7], "texture": "#1"},
				"west": {"uv": [0, 7.5, 7, 14.5], "texture": "#1"},
				"up": {"uv": [0, 7, 0, 0], "texture": "#1"},
				"down": {"uv": [0, 0, 0, 7], "texture": "#1"}
			}
		}
	],
	"display": {
		"thirdperson_righthand": {
			"rotation": [49.75, 0, 0],
			"translation": [0, 6.25, 0],
			"scale": [0.7, 0.7, 0.7]
		},
		"thirdperson_lefthand": {
			"rotation": [49.75, 0, 0],
			"translation": [0, 6.25, 0],
			"scale": [0.7, 0.7, 0.7]
		},
		"gui": {
			"rotation": [0, -74.75, 0],
			"translation": [8, -0.75, 0]
		}
	},
	"__credit": "Generated using Animated Java (https://animated-java.dev/)"
}