{
	"credit": "Made with Blockbench",
	"parent": "hideaway:display_parents/back",
	"texture_size": [32, 32],
	"textures": {
		"1": "hideaway:back/clown_pants"
	},
	"elements": [
		{
			"from": [2, 1, 2.5],
			"to": [14, 6, 13.5],
			"rotation": {"angle": 0, "axis": "y", "origin": [0, 1, 0]},
			"faces": {
				"north": {"uv": [0, 3.5, 6, 6], "texture": "#1", "tintindex": 0},
				"east": {"uv": [0, 1, 5.5, 3.5], "texture": "#1", "tintindex": 0},
				"south": {"uv": [6, 3.5, 12, 6], "texture": "#1", "tintindex": 0},
				"west": {"uv": [5.5, 1, 11, 3.5], "texture": "#1", "tintindex": 0},
				"up": {"uv": [6, 6, 12, 11.5], "texture": "#1", "tintindex": 0},
				"down": {"uv": [6, 6, 0, 11.5], "texture": "#1", "tintindex": 0}
			}
		},
		{
			"from": [3.5, 6, 4.5],
			"to": [12.5, 8, 11.5],
			"rotation": {"angle": 0, "axis": "y", "origin": [0, 1, 0]},
			"faces": {
				"north": {"uv": [3.5, 15, 8, 16], "texture": "#1", "tintindex": 0},
				"east": {"uv": [0, 15, 3.5, 16], "texture": "#1", "tintindex": 0},
				"south": {"uv": [3.5, 15, 8, 16], "texture": "#1", "tintindex": 0},
				"west": {"uv": [0, 15, 3.5, 16], "texture": "#1", "tintindex": 0},
				"up": {"uv": [5.5, 15, 1, 11.5], "texture": "#1", "tintindex": 0}
			}
		},
		{
			"from": [9.05, 8.57998, 4.45476],
			"to": [14.05, 13.57998, 4.45476],
			"rotation": {"angle": 22.5, "axis": "x", "origin": [11.8, 11.07998, 4.45476]},
			"faces": {
				"north": {"uv": [5.5, 11.5, 8, 14], "texture": "#1", "tintindex": 0},
				"south": {"uv": [8, 11.5, 5.5, 14], "texture": "#1", "tintindex": 0}
			}
		},
		{
			"from": [7, 2, 2.5],
			"to": [9, 4, 2.5],
			"rotation": {"angle": 0, "axis": "y", "origin": [0, 1, 0]},
			"faces": {
				"north": {"uv": [0, 11.5, 1, 12.5], "texture": "#1"},
				"south": {"uv": [0, 11.5, 1, 12.5], "texture": "#1"}
			}
		},
		{
			"from": [3.5, 5.75, 13.5],
			"to": [5.5, 14.75, 13.5],
			"rotation": {"angle": -22.5, "axis": "x", "origin": [4.5, 6, 13]},
			"faces": {
				"north": {"uv": [4.5, 0, 0, 1], "rotation": 90, "texture": "#1"},
				"south": {"uv": [4.5, 1, 0, 0], "rotation": 90, "texture": "#1"}
			}
		},
		{
			"from": [3.5, 14.25, 5.85],
			"to": [5.5, 14.25, 8.85],
			"rotation": {"angle": 0, "axis": "y", "origin": [4.5, 6, 13]},
			"faces": {
				"up": {"uv": [2, 0, 3.5, 1], "rotation": 90, "texture": "#1"},
				"down": {"uv": [2, 0, 3.5, 1], "rotation": 90, "texture": "#1"}
			}
		},
		{
			"from": [3.5, 14.25, 7.15],
			"to": [5.5, 14.25, 10.15],
			"rotation": {"angle": 0, "axis": "y", "origin": [4.5, 6, 3]},
			"faces": {
				"up": {"uv": [3.5, 0, 2, 1], "rotation": 90, "texture": "#1"},
				"down": {"uv": [3.5, 0, 2, 1], "rotation": 90, "texture": "#1"}
			}
		},
		{
			"from": [3.5, 5.75, 2.5],
			"to": [5.5, 14.75, 2.5],
			"rotation": {"angle": 22.5, "axis": "x", "origin": [4.5, 6, 3]},
			"faces": {
				"north": {"uv": [4.5, 1, 0, 0], "rotation": 90, "texture": "#1"},
				"south": {"uv": [0, 1, 4.5, 0], "rotation": 270, "texture": "#1"}
			}
		},
		{
			"from": [10.5, 5.75, 13.5],
			"to": [12.5, 14.75, 13.5],
			"rotation": {"angle": -22.5, "axis": "x", "origin": [11.5, 6, 13]},
			"faces": {
				"north": {"uv": [4.5, 1, 0, 0], "rotation": 90, "texture": "#1"},
				"south": {"uv": [4.5, 0, 0, 1], "rotation": 90, "texture": "#1"}
			}
		},
		{
			"from": [10.5, 14.25, 5.85],
			"to": [12.5, 14.25, 8.85],
			"rotation": {"angle": 0, "axis": "y", "origin": [11.5, 6, 13]},
			"faces": {
				"up": {"uv": [2, 1, 3.5, 0], "rotation": 90, "texture": "#1"},
				"down": {"uv": [2, 1, 3.5, 0], "rotation": 90, "texture": "#1"}
			}
		},
		{
			"from": [10.5, 14.25, 7.15],
			"to": [12.5, 14.25, 10.15],
			"rotation": {"angle": 0, "axis": "y", "origin": [11.5, 6, 3]},
			"faces": {
				"up": {"uv": [3.5, 1, 2, 0], "rotation": 90, "texture": "#1"},
				"down": {"uv": [3.5, 1, 2, 0], "rotation": 90, "texture": "#1"}
			}
		},
		{
			"from": [10.5, 5.75, 2.5],
			"to": [12.5, 14.75, 2.5],
			"rotation": {"angle": 22.5, "axis": "x", "origin": [11.5, 6, 3]},
			"faces": {
				"north": {"uv": [4.5, 0, 0, 1], "rotation": 90, "texture": "#1"},
				"south": {"uv": [0, 0, 4.5, 1], "rotation": 270, "texture": "#1"}
			}
		}
	],
	"display": {
		"gui": {
			"rotation": [30, 225, 0],
			"translation": [0, 1, 0],
			"scale": [0.83, 0.83, 0.83]
		}
	},
	"groups": [
		{
			"name": "group",
			"origin": [0, 0, -0.5],
			"color": 0,
			"nbt": "{}",
			"children": [
				0,
				1,
				2,
				{
					"name": "group",
					"origin": [0, 0, -0.5],
					"color": 0,
					"nbt": "{}",
					"children": [3, 4, 5, 6, 7, 8, 9, 10, 11]
				}
			]
		}
	],
	"__credit": "Generated using Animated Java (https://animated-java.dev/)"
}