{
	"credit": "Made by Ziqqy using Blockbench",
	"parent": "hideaway:display_parents/back",
	"texture_size": [32, 32],
	"textures": {
		"2": "hideaway:back/clown_outfit",
		"particle": "hideaway:back/clown_outfit"
	},
	"elements": [
		{
			"from": [3, 0, 3],
			"to": [13, 6, 13],
			"faces": {
				"north": {"uv": [5.016, 3.016, 9.984, 5.984], "texture": "#2"},
				"east": {"uv": [9.984, 3.016, 5.016, 5.984], "texture": "#2"},
				"south": {"uv": [5.016, 3.016, 9.984, 5.984], "texture": "#2"},
				"west": {"uv": [9.984, 3.016, 5.016, 5.984], "texture": "#2"},
				"up": {"uv": [4.984, 4.984, 0.016, 0.016], "texture": "#2"},
				"down": {"uv": [4.984, 5.016, 0.016, 9.984], "texture": "#2"}
			}
		},
		{
			"from": [2.5, 0, 2.5],
			"to": [13.5, 6, 13.5],
			"faces": {
				"north": {"uv": [5.016, 0.016, 10.484, 2.984], "texture": "#2"},
				"east": {"uv": [5.016, 0.016, 10.484, 2.984], "texture": "#2"},
				"south": {"uv": [5.016, 0.016, 10.484, 2.984], "texture": "#2"},
				"west": {"uv": [5.016, 0.016, 10.484, 2.984], "texture": "#2"}
			}
		},
		{
			"from": [4, 5.6, 5],
			"to": [6, 12.6, 5],
			"rotation": {"angle": 22.5, "axis": "x", "origin": [8, 10, 4]},
			"faces": {
				"north": {"uv": [5.016, 6.016, 5.984, 9.484], "texture": "#2"},
				"south": {"uv": [5.984, 6.016, 5.016, 9.484], "texture": "#2"}
			}
		},
		{
			"from": [7, 8, 5],
			"to": [9, 10, 6],
			"faces": {
				"north": {"uv": [7.016, 6.016, 7.984, 6.984], "texture": "#2"},
				"east": {"uv": [7.016, 6.016, 7.484, 6.984], "texture": "#2"},
				"south": {"uv": [7.016, 6.016, 7.984, 6.984], "texture": "#2"},
				"west": {"uv": [7.016, 6.016, 7.484, 6.984], "texture": "#2"},
				"up": {"uv": [7.016, 6.016, 7.984, 6.484], "texture": "#2"},
				"down": {"uv": [7.016, 6.516, 7.984, 6.984], "texture": "#2"}
			}
		},
		{
			"from": [4, 12, 5.9],
			"to": [6, 14, 5.9],
			"faces": {
				"north": {"uv": [7.016, 7.016, 7.984, 7.984], "texture": "#2"},
				"south": {"uv": [7.984, 7.016, 7.016, 7.984], "texture": "#2"}
			}
		},
		{
			"from": [10, 12, 5.9],
			"to": [12, 14, 5.9],
			"faces": {
				"north": {"uv": [8.016, 6.016, 8.984, 6.984], "texture": "#2"},
				"south": {"uv": [8.984, 6.016, 8.016, 6.984], "texture": "#2"}
			}
		},
		{
			"from": [10, 5.6, 5],
			"to": [12, 12.6, 5],
			"rotation": {"angle": 22.5, "axis": "x", "origin": [8, 10, 4]},
			"faces": {
				"north": {"uv": [6.016, 6.016, 6.984, 9.484], "texture": "#2"},
				"south": {"uv": [6.984, 6.016, 6.016, 9.484], "texture": "#2"}
			}
		},
		{
			"from": [10, 12, 10.1],
			"to": [12, 14, 10.1],
			"rotation": {"angle": 0, "axis": "y", "origin": [16, 0, 16]},
			"faces": {
				"north": {"uv": [7.984, 7.016, 7.016, 7.984], "texture": "#2"},
				"south": {"uv": [7.016, 7.016, 7.984, 7.984], "texture": "#2"}
			}
		},
		{
			"from": [10, 5.6, 11],
			"to": [12, 12.6, 11],
			"rotation": {"angle": -22.5, "axis": "x", "origin": [8, 10, 12]},
			"faces": {
				"north": {"uv": [5.984, 6.016, 5.016, 9.484], "texture": "#2"},
				"south": {"uv": [5.016, 6.016, 5.984, 9.484], "texture": "#2"}
			}
		},
		{
			"from": [4, 12, 10.1],
			"to": [6, 14, 10.1],
			"rotation": {"angle": 0, "axis": "y", "origin": [16, 0, 16]},
			"faces": {
				"north": {"uv": [8.984, 6.016, 8.016, 6.984], "texture": "#2"},
				"south": {"uv": [8.016, 6.016, 8.984, 6.984], "texture": "#2"}
			}
		},
		{
			"from": [4, 5.6, 11],
			"to": [6, 12.6, 11],
			"rotation": {"angle": -22.5, "axis": "x", "origin": [8, 10, 12]},
			"faces": {
				"north": {"uv": [6.984, 6.016, 6.016, 9.484], "texture": "#2"},
				"south": {"uv": [6.016, 6.016, 6.984, 9.484], "texture": "#2"}
			}
		}
	],
	"display": {
		"gui": {
			"rotation": [30, -135, 0],
			"translation": [0, 1.25, 0],
			"scale": [0.84, 0.84, 0.84]
		}
	},
	"groups": [
		{
			"name": "group",
			"origin": [8, 8, 8],
			"color": 0,
			"nbt": "{}",
			"children": []
		},
		{
			"name": "group",
			"origin": [8, 8, 8],
			"color": 0,
			"nbt": "{}",
			"children": [0, 1, 2, 3, 4, 5, 6, 7, 8, 9, 10]
		}
	],
	"__credit": "Generated using Animated Java (https://animated-java.dev/)"
}