{
	"credit": "Made with Blockbench",
	"parent": "hideaway:display_parents/back",
	"texture_size": [128, 128],
	"textures": {
		"1": "hideaway:back/counterfeit_doll_trinket",
		"particle": "hideaway:back/counterfeit_doll_trinket"
	},
	"elements": [
		{
			"from": [3, 14, 12],
			"to": [13, 24, 22],
			"rotation": {"angle": 22.5, "axis": "x", "origin": [8, 19, 17]},
			"faces": {
				"north": {"uv": [0, 1.625, 1.25, 2.875], "texture": "#1"},
				"east": {"uv": [1.25, 1.625, 2.5, 2.875], "texture": "#1"},
				"south": {"uv": [2.5, 0, 3.75, 1.25], "texture": "#1"},
				"west": {"uv": [2.5, 1.25, 3.75, 2.5], "texture": "#1"},
				"up": {"uv": [3.75, 3.75, 2.5, 2.5], "texture": "#1"},
				"down": {"uv": [1.25, 2.875, 0, 4.125], "texture": "#1"}
			}
		},
		{
			"from": [3, 14, 12],
			"to": [13, 24, 22],
			"rotation": {"angle": 22.5, "axis": "x", "origin": [8, 19, 17]},
			"faces": {
				"north": {"uv": [0, 13.5, 1.25, 14.75], "texture": "#1", "tintindex": 0},
				"east": {"uv": [1.25, 13.5, 2.5, 14.75], "texture": "#1", "tintindex": 0},
				"south": {"uv": [2.5, 11.875, 3.75, 13.125], "texture": "#1", "tintindex": 0},
				"west": {"uv": [2.5, 13.125, 3.75, 14.375], "texture": "#1", "tintindex": 0},
				"up": {"uv": [3.75, 15.625, 2.5, 14.375], "texture": "#1", "tintindex": 0},
				"down": {"uv": [1.25, 14.75, 0, 16], "texture": "#1", "tintindex": 0}
			}
		},
		{
			"from": [2.75, 13.75, 11.75],
			"to": [13.25, 24.25, 22.25],
			"rotation": {"angle": 22.5, "axis": "x", "origin": [8, 19, 17]},
			"faces": {
				"north": {"uv": [1.25, 2.875, 2.5, 4.125], "texture": "#1", "tintindex": 0},
				"east": {"uv": [3.75, 0, 5, 1.25], "texture": "#1", "tintindex": 0},
				"south": {"uv": [3.75, 1.25, 5, 2.5], "texture": "#1", "tintindex": 0},
				"west": {"uv": [2.5, 3.75, 3.75, 5], "texture": "#1", "tintindex": 0},
				"up": {"uv": [5, 3.75, 3.75, 2.5], "texture": "#1", "tintindex": 0},
				"down": {"uv": [5, 3.75, 3.75, 5], "texture": "#1", "tintindex": 0}
			}
		},
		{
			"from": [7, 11, 23],
			"to": [13, 21, 23],
			"rotation": {"angle": 0, "axis": "y", "origin": [8, 19, 17]},
			"faces": {
				"north": {"uv": [6.5, 1.5, 7.25, 2.75], "texture": "#1", "tintindex": 0},
				"east": {"uv": [0, 0, 0, 1.25], "texture": "#1", "tintindex": 0},
				"south": {"uv": [3.75, 6.625, 4.5, 7.875], "texture": "#1", "tintindex": 0},
				"west": {"uv": [0, 0, 0, 1.25], "texture": "#1", "tintindex": 0},
				"up": {"uv": [0.75, 0, 0, 0], "texture": "#1", "tintindex": 0},
				"down": {"uv": [0.75, 0, 0, 0], "texture": "#1", "tintindex": 0}
			}
		},
		{
			"from": [5, 10, 11],
			"to": [11, 16, 17],
			"rotation": {"angle": 0, "axis": "y", "origin": [8, 15, 14]},
			"faces": {
				"north": {"uv": [7, 6.75, 7.75, 7.5], "texture": "#1", "tintindex": 0},
				"east": {"uv": [7.125, 2.75, 7.875, 3.5], "texture": "#1", "tintindex": 0},
				"south": {"uv": [7.125, 3.5, 7.875, 4.25], "texture": "#1", "tintindex": 0},
				"west": {"uv": [7.25, 1.5, 8, 2.25], "texture": "#1", "tintindex": 0},
				"up": {"uv": [0.75, 8.25, 0, 7.5], "texture": "#1", "tintindex": 0},
				"down": {"uv": [5.25, 7.5, 4.5, 8.25], "texture": "#1", "tintindex": 0}
			}
		},
		{
			"from": [2.5, 10, 10],
			"to": [2.5, 18, 20],
			"rotation": {"angle": 0, "axis": "y", "origin": [2.5, 14, 15]},
			"faces": {
				"north": {"uv": [0, 0, 0, 1], "texture": "#1", "tintindex": 0},
				"east": {"uv": [0, 4.125, 1.25, 5.125], "texture": "#1", "tintindex": 0},
				"south": {"uv": [0, 0, 0, 1], "texture": "#1", "tintindex": 0},
				"west": {"uv": [1.25, 4.125, 2.5, 5.125], "texture": "#1", "tintindex": 0},
				"up": {"uv": [0, 1.25, 0, 0], "texture": "#1", "tintindex": 0},
				"down": {"uv": [0, 0, 0, 1.25], "texture": "#1", "tintindex": 0}
			}
		},
		{
			"from": [8, -2, 19],
			"to": [14, 4, 30],
			"rotation": {"angle": 22.5, "axis": "y", "origin": [11, 1, 19]},
			"faces": {
				"north": {"uv": [7, 7.5, 7.75, 8.25], "texture": "#1"},
				"east": {"uv": [5.5, 4.875, 6.875, 5.625], "texture": "#1"},
				"south": {"uv": [0.75, 7.625, 1.5, 8.375], "texture": "#1"},
				"west": {"uv": [5.5, 5.625, 6.875, 6.375], "texture": "#1"},
				"up": {"uv": [6.5, 1.375, 5.75, 0], "texture": "#1"},
				"down": {"uv": [6.5, 1.375, 5.75, 2.75], "texture": "#1"}
			}
		},
		{
			"from": [2, -2, 19],
			"to": [8, 4, 30],
			"rotation": {"angle": -22.5, "axis": "y", "origin": [5, 1, 19]},
			"faces": {
				"north": {"uv": [1.5, 7.625, 2.25, 8.375], "texture": "#1"},
				"east": {"uv": [5.75, 2.75, 7.125, 3.5], "texture": "#1"},
				"south": {"uv": [7.625, 5, 8.375, 5.75], "texture": "#1"},
				"west": {"uv": [5.75, 3.5, 7.125, 4.25], "texture": "#1"},
				"up": {"uv": [6.25, 7.75, 5.5, 6.375], "texture": "#1"},
				"down": {"uv": [7, 6.375, 6.25, 7.75], "texture": "#1"}
			}
		},
		{
			"from": [2, -2, 19],
			"to": [8, 4, 30],
			"rotation": {"angle": -22.5, "axis": "y", "origin": [5, 1, 19]},
			"faces": {
				"north": {"uv": [9.125, 15.25, 9.875, 16], "texture": "#1", "tintindex": 0},
				"east": {"uv": [13.375, 10.375, 14.75, 11.125], "texture": "#1", "tintindex": 0},
				"south": {"uv": [15.25, 12.625, 16, 13.375], "texture": "#1", "tintindex": 0},
				"west": {"uv": [13.375, 11.125, 14.75, 11.875], "texture": "#1", "tintindex": 0},
				"up": {"uv": [13.875, 15.375, 13.125, 14], "texture": "#1", "tintindex": 0},
				"down": {"uv": [14.625, 14, 13.875, 15.375], "texture": "#1", "tintindex": 0}
			}
		},
		{
			"from": [1.75, -2.25, 18.75],
			"to": [8.25, 4.25, 30.25],
			"rotation": {"angle": -22.5, "axis": "y", "origin": [5, 1, 19]},
			"faces": {
				"north": {"uv": [5.25, 7.75, 6, 8.5], "texture": "#1", "tintindex": 0},
				"east": {"uv": [6.5, 0, 7.875, 0.75], "texture": "#1", "tintindex": 0},
				"south": {"uv": [7.75, 5.75, 8.5, 6.5], "texture": "#1", "tintindex": 0},
				"west": {"uv": [6.5, 0.75, 7.875, 1.5], "texture": "#1", "tintindex": 0},
				"up": {"uv": [3, 8, 2.25, 6.625], "texture": "#1", "tintindex": 0},
				"down": {"uv": [3.75, 6.625, 3, 8], "texture": "#1", "tintindex": 0}
			}
		},
		{
			"from": [3, -2, 11],
			"to": [13, 11, 17],
			"rotation": {"angle": -22.5, "axis": "x", "origin": [8, 10, 14]},
			"faces": {
				"north": {"uv": [0, 0, 1.25, 1.625], "texture": "#1"},
				"east": {"uv": [5, 0, 5.75, 1.625], "texture": "#1"},
				"south": {"uv": [1.25, 0, 2.5, 1.625], "texture": "#1"},
				"west": {"uv": [5, 1.625, 5.75, 3.25], "texture": "#1"},
				"up": {"uv": [1.25, 7.5, 0, 6.75], "texture": "#1"},
				"down": {"uv": [8.125, 4.25, 6.875, 5], "texture": "#1"}
			}
		},
		{
			"from": [9, -4, 11],
			"to": [15, 9, 17],
			"rotation": {"angle": 22.5, "axis": "z", "origin": [10, 8, 14]},
			"faces": {
				"north": {"uv": [2.5, 5, 3.25, 6.625], "texture": "#1"},
				"east": {"uv": [3.25, 5, 4, 6.625], "texture": "#1"},
				"south": {"uv": [5, 3.25, 5.75, 4.875], "texture": "#1"},
				"west": {"uv": [4, 5, 4.75, 6.625], "texture": "#1"},
				"up": {"uv": [6.75, 8.5, 6, 7.75], "texture": "#1"},
				"down": {"uv": [8.5, 6.5, 7.75, 7.25], "texture": "#1"}
			}
		},
		{
			"from": [9, -4, 11],
			"to": [15, 9, 17],
			"rotation": {"angle": 22.5, "axis": "z", "origin": [10, 8, 14]},
			"faces": {
				"north": {"uv": [10, 4, 10.75, 5.625], "texture": "#1", "tintindex": 0},
				"east": {"uv": [10.75, 4, 11.5, 5.625], "texture": "#1", "tintindex": 0},
				"south": {"uv": [12.5, 2.25, 13.25, 3.875], "texture": "#1", "tintindex": 0},
				"west": {"uv": [11.5, 4, 12.25, 5.625], "texture": "#1", "tintindex": 0},
				"up": {"uv": [14.25, 7.5, 13.5, 6.75], "texture": "#1", "tintindex": 0},
				"down": {"uv": [16, 5.5, 15.25, 6.25], "texture": "#1", "tintindex": 0}
			}
		},
		{
			"from": [8.75, -1.25, 10.75],
			"to": [15.25, 6.25, 17.25],
			"rotation": {"angle": 22.5, "axis": "z", "origin": [10, 8, 14]},
			"faces": {
				"north": {"uv": [4.5, 6.625, 5.25, 7.5], "texture": "#1", "tintindex": 0},
				"east": {"uv": [1.25, 6.75, 2, 7.625], "texture": "#1", "tintindex": 0},
				"south": {"uv": [6.875, 5, 7.625, 5.875], "texture": "#1", "tintindex": 0},
				"west": {"uv": [7, 5.875, 7.75, 6.75], "texture": "#1", "tintindex": 0},
				"up": {"uv": [8.5, 8, 7.75, 7.25], "texture": "#1", "tintindex": 0},
				"down": {"uv": [8.625, 0, 7.875, 0.75], "texture": "#1", "tintindex": 0}
			}
		},
		{
			"from": [1, -4, 11],
			"to": [7, 9, 17],
			"rotation": {"angle": -22.5, "axis": "z", "origin": [6, 8, 14]},
			"faces": {
				"north": {"uv": [4.75, 5, 5.5, 6.625], "texture": "#1"},
				"east": {"uv": [0, 5.125, 0.75, 6.75], "texture": "#1"},
				"south": {"uv": [0.75, 5.125, 1.5, 6.75], "texture": "#1"},
				"west": {"uv": [1.5, 5.125, 2.25, 6.75], "texture": "#1"},
				"up": {"uv": [8.625, 1.5, 7.875, 0.75], "texture": "#1"},
				"down": {"uv": [8.625, 2.25, 7.875, 3], "texture": "#1"}
			}
		}
	],
	"gui_light": "front",
	"display": {},
	"groups": [
		{
			"name": "group",
			"origin": [8, 0, 8],
			"color": 0,
			"children": [0, 1, 2, 3, 4, 5, 6, 7, 8, 9, 10, 11, 12, 13, 14]
		}
	]
}