{
	"credit": "Made with Blockbench",
	"parent": "hideaway:display_parents/back",
	"texture_size": [32, 32],
	"textures": {
		"2": "hideaway:back/crab_claws"
	},
	"elements": [
		{
			"from": [1.5, 9, 10],
			"to": [7.5, 12, 12],
			"rotation": {"angle": -22.5, "axis": "z", "origin": [0.90026, 13.74026, 11]},
			"faces": {
				"north": {"uv": [3, 8.5, 0, 10], "texture": "#2"},
				"east": {"uv": [9, 10.5, 10, 12], "texture": "#2"},
				"south": {"uv": [0, 8.5, 3, 10], "texture": "#2"},
				"west": {"uv": [10, 10.5, 11, 12], "texture": "#2"},
				"up": {"uv": [12, 10.5, 9, 9.5], "texture": "#2"},
				"down": {"uv": [3, 10, 0, 11], "texture": "#2"}
			}
		},
		{
			"from": [-4.005, 9.995, 9.995],
			"to": [0.005, 15.005, 12.005],
			"rotation": {"angle": 45, "axis": "z", "origin": [-0.09974, 13.74026, 11]},
			"faces": {
				"north": {"uv": [10, 5.5, 8, 8], "texture": "#2"},
				"east": {"uv": [10, 0, 11, 2.5], "texture": "#2"},
				"south": {"uv": [8, 5.5, 10, 8], "texture": "#2"},
				"west": {"uv": [10, 2.5, 11, 5], "texture": "#2"},
				"up": {"uv": [12, 6, 10, 5], "texture": "#2"},
				"down": {"uv": [12, 6, 10, 7], "texture": "#2"}
			}
		},
		{
			"from": [-5.509, 11.991, 9.991],
			"to": [0.509, 18.009, 13.009],
			"rotation": {"angle": 22.5, "axis": "z", "origin": [-2.30933, 14.57735, 11]},
			"faces": {
				"north": {"uv": [6, 5.5, 3, 8.5], "texture": "#2"},
				"east": {"uv": [3, 8.5, 4.5, 11.5], "texture": "#2"},
				"south": {"uv": [3, 5.5, 6, 8.5], "texture": "#2"},
				"west": {"uv": [4.5, 8.5, 6, 11.5], "texture": "#2"},
				"up": {"uv": [12, 9.5, 9, 8], "texture": "#2"},
				"down": {"uv": [9, 9.5, 6, 11], "texture": "#2"}
			}
		},
		{
			"from": [-8.5, 15.5, 11.5],
			"to": [1.5, 26.5, 11.5],
			"rotation": {"angle": 0, "axis": "y", "origin": [-3.84006, 18.27287, 11]},
			"faces": {
				"north": {"uv": [9.984, 0.016, 5.016, 5.484], "texture": "#2"},
				"east": {"uv": [0.016, 0.016, 0.016, 5.484], "texture": "#2"},
				"south": {"uv": [5.016, 0.016, 9.984, 5.484], "texture": "#2"},
				"west": {"uv": [0.016, 0.016, 0.016, 5.484], "texture": "#2"},
				"up": {"uv": [4.984, 0.016, 0.016, 0.016], "texture": "#2"},
				"down": {"uv": [4.984, 0.016, 0.016, 0.016], "texture": "#2"}
			}
		},
		{
			"from": [8.5, 9, 10],
			"to": [14.5, 12, 12],
			"rotation": {"angle": 22.5, "axis": "z", "origin": [15.09974, 13.74026, 11]},
			"faces": {
				"north": {"uv": [0, 8.5, 3, 10], "texture": "#2"},
				"east": {"uv": [11, 10.5, 10, 12], "texture": "#2"},
				"south": {"uv": [3, 8.5, 0, 10], "texture": "#2"},
				"west": {"uv": [10, 10.5, 9, 12], "texture": "#2"},
				"up": {"uv": [9, 10.5, 12, 9.5], "texture": "#2"},
				"down": {"uv": [0, 10, 3, 11], "texture": "#2"}
			}
		},
		{
			"from": [15.995, 9.995, 9.995],
			"to": [20.005, 15.005, 12.005],
			"rotation": {"angle": -45, "axis": "z", "origin": [16.09974, 13.74026, 11]},
			"faces": {
				"north": {"uv": [8, 5.5, 10, 8], "texture": "#2"},
				"east": {"uv": [11, 2.5, 10, 5], "texture": "#2"},
				"south": {"uv": [10, 5.5, 8, 8], "texture": "#2"},
				"west": {"uv": [11, 0, 10, 2.5], "texture": "#2"},
				"up": {"uv": [10, 6, 12, 5], "texture": "#2"},
				"down": {"uv": [10, 6, 12, 7], "texture": "#2"}
			}
		},
		{
			"from": [15.491, 11.991, 9.991],
			"to": [21.509, 18.009, 13.009],
			"rotation": {"angle": -22.5, "axis": "z", "origin": [18.30933, 14.57735, 11]},
			"faces": {
				"north": {"uv": [3, 5.5, 6, 8.5], "texture": "#2"},
				"east": {"uv": [6, 8.5, 4.5, 11.5], "texture": "#2"},
				"south": {"uv": [6, 5.5, 3, 8.5], "texture": "#2"},
				"west": {"uv": [4.5, 8.5, 3, 11.5], "texture": "#2"},
				"up": {"uv": [9, 9.5, 12, 8], "texture": "#2"},
				"down": {"uv": [6, 9.5, 9, 11], "texture": "#2"}
			}
		},
		{
			"from": [14.5, 15.5, 11.5],
			"to": [24.5, 26.5, 11.5],
			"rotation": {"angle": 0, "axis": "y", "origin": [19.84006, 18.27287, 11]},
			"faces": {
				"north": {"uv": [5.016, 0.016, 9.984, 5.484], "texture": "#2"},
				"east": {"uv": [0.016, 0.016, 0.016, 5.484], "texture": "#2"},
				"south": {"uv": [9.984, 0.016, 5.016, 5.484], "texture": "#2"},
				"west": {"uv": [0.016, 0.016, 0.016, 5.484], "texture": "#2"},
				"up": {"uv": [0.016, 0.016, 4.984, 0.016], "texture": "#2"},
				"down": {"uv": [0.016, 0.016, 4.984, 0.016], "texture": "#2"}
			}
		}
	],
	"display": {
		"gui": {
			"rotation": [12.41, 22.88, -2.48],
			"translation": [-1, -4, 0],
			"scale": [0.5, 0.5, 0.5]
		}
	},
	"__credit": "Generated using Animated Java (https://animated-java.dev/)"
}