{
	"credit": "Made by Ziqqy using Blockbench",
	"parent": "hideaway:display_parents/back",
	"texture_size": [32, 32],
	"textures": {
		"1": "hideaway:back/crocodile_tail",
		"particle": "hideaway:back/crocodile_tail"
	},
	"elements": [
		{
			"from": [5, 2.46447, 6.46447],
			"to": [11, 7.46447, 12.46447],
			"rotation": {"angle": 45, "axis": "x", "origin": [7, 2.46447, 6.46447]},
			"faces": {
				"north": {"uv": [3.016, 0.016, 5.984, 2.484], "texture": "#1"},
				"east": {"uv": [3.016, 2.516, 5.984, 4.984], "texture": "#1"},
				"south": {"uv": [3.016, 5.016, 5.984, 7.484], "texture": "#1"},
				"west": {"uv": [0.016, 6.016, 2.984, 8.484], "texture": "#1"},
				"up": {"uv": [2.984, 2.984, 0.016, 0.016], "texture": "#1"},
				"down": {"uv": [2.984, 3.016, 0.016, 5.984], "texture": "#1"}
			}
		},
		{
			"from": [9, 7.46447, 6.46447],
			"to": [9, 10.46447, 11.46447],
			"rotation": {"angle": 45, "axis": "x", "origin": [7, 2.46447, 6.46447]},
			"faces": {
				"north": {"uv": [0.016, 0.016, 0.016, 1.484], "texture": "#1"},
				"east": {"uv": [9.016, 0.016, 11.484, 1.484], "texture": "#1"},
				"south": {"uv": [0.016, 0.016, 0.016, 1.484], "texture": "#1"},
				"west": {"uv": [9.016, 1.516, 11.484, 2.984], "texture": "#1"},
				"up": {"uv": [0.016, 2.484, 0.016, 0.016], "texture": "#1"},
				"down": {"uv": [0.016, 0.016, 0.016, 2.484], "texture": "#1"}
			}
		},
		{
			"from": [6, -1.02817, 10.70711],
			"to": [10, 2.97183, 16.70711],
			"rotation": {"angle": 22.5, "axis": "x", "origin": [7, -1.77817, 10.70711]},
			"faces": {
				"north": {"uv": [3.016, 7.516, 4.984, 9.484], "texture": "#1"},
				"east": {"uv": [6.016, 0.016, 8.984, 1.984], "texture": "#1"},
				"south": {"uv": [8.016, 4.016, 9.984, 5.984], "texture": "#1"},
				"west": {"uv": [6.016, 2.016, 8.984, 3.984], "texture": "#1"},
				"up": {"uv": [7.984, 6.984, 6.016, 4.016], "texture": "#1"},
				"down": {"uv": [7.984, 7.016, 6.016, 9.984], "texture": "#1"}
			}
		},
		{
			"from": [9, 2.97183, 11.70711],
			"to": [9, 4.97183, 16.70711],
			"rotation": {"angle": 22.5, "axis": "x", "origin": [7, -1.77817, 10.70711]},
			"faces": {
				"north": {"uv": [0.016, 0.016, 0.016, 0.984], "texture": "#1"},
				"east": {"uv": [10.016, 5.016, 12.484, 5.984], "texture": "#1"},
				"south": {"uv": [0.016, 0.016, 0.016, 0.984], "texture": "#1"},
				"west": {"uv": [10.516, 6.016, 12.984, 6.984], "texture": "#1"},
				"up": {"uv": [0.016, 2.484, 0.016, 0.016], "texture": "#1"},
				"down": {"uv": [0.016, 0.016, 0.016, 2.484], "texture": "#1"}
			}
		},
		{
			"from": [6.5, -2.63137, 16.5374],
			"to": [9.5, 0.36863, 21.5374],
			"rotation": {"angle": 0, "axis": "y", "origin": [6, -4.38137, 16.5374]},
			"faces": {
				"north": {"uv": [2.516, 11.016, 3.984, 12.484], "texture": "#1"},
				"east": {"uv": [8.016, 6.016, 10.484, 7.484], "texture": "#1"},
				"south": {"uv": [4.016, 11.016, 5.484, 12.484], "texture": "#1"},
				"west": {"uv": [8.016, 7.516, 10.484, 8.984], "texture": "#1"},
				"up": {"uv": [1.484, 10.984, 0.016, 8.516], "texture": "#1"},
				"down": {"uv": [2.984, 8.516, 1.516, 10.984], "texture": "#1"}
			}
		},
		{
			"from": [8.5, 0.36863, 17.5374],
			"to": [8.5, 2.36863, 21.5374],
			"rotation": {"angle": 0, "axis": "y", "origin": [6, -4.38137, 16.5374]},
			"faces": {
				"north": {"uv": [0.016, 0.016, 0.016, 0.984], "texture": "#1"},
				"east": {"uv": [11.516, 0.016, 13.484, 0.984], "texture": "#1"},
				"south": {"uv": [0.016, 0.016, 0.016, 0.984], "texture": "#1"},
				"west": {"uv": [11.516, 1.016, 13.484, 1.984], "texture": "#1"},
				"up": {"uv": [0.016, 1.984, 0.016, 0.016], "texture": "#1"},
				"down": {"uv": [0.016, 0.016, 0.016, 1.984], "texture": "#1"}
			}
		},
		{
			"from": [7, -1.55525, 21.92008],
			"to": [9, 0.44475, 26.92008],
			"rotation": {"angle": -22.5, "axis": "x", "origin": [7, -2.55525, 21.92008]},
			"faces": {
				"north": {"uv": [5.016, 7.516, 5.984, 8.484], "texture": "#1"},
				"east": {"uv": [9.016, 3.016, 11.484, 3.984], "texture": "#1"},
				"south": {"uv": [5.016, 8.516, 5.984, 9.484], "texture": "#1"},
				"west": {"uv": [10.016, 4.016, 12.484, 4.984], "texture": "#1"},
				"up": {"uv": [6.484, 12.484, 5.516, 10.016], "texture": "#1"},
				"down": {"uv": [7.484, 10.016, 6.516, 12.484], "texture": "#1"}
			}
		},
		{
			"from": [8.5, 0.44475, 21.92008],
			"to": [8.5, 2.44475, 26.92008],
			"rotation": {"angle": -22.5, "axis": "x", "origin": [7, -2.55525, 21.92008]},
			"faces": {
				"north": {"uv": [0.016, 0.016, 0.016, 0.984], "texture": "#1"},
				"east": {"uv": [10.516, 7.016, 12.984, 7.984], "texture": "#1"},
				"south": {"uv": [0.016, 0.016, 0.016, 0.984], "texture": "#1"},
				"west": {"uv": [7.516, 10.516, 9.984, 11.484], "texture": "#1"},
				"up": {"uv": [0.016, 2.484, 0.016, 0.016], "texture": "#1"},
				"down": {"uv": [0.016, 0.016, 0.016, 2.484], "texture": "#1"}
			}
		},
		{
			"from": [7.5, 0.44475, 21.92008],
			"to": [7.5, 2.44475, 26.92008],
			"rotation": {"angle": -22.5, "axis": "x", "origin": [9, -2.55525, 21.92008]},
			"faces": {
				"north": {"uv": [0.016, 0.016, 0.016, 0.984], "texture": "#1"},
				"east": {"uv": [10.016, 10.516, 12.484, 11.484], "texture": "#1"},
				"south": {"uv": [0.016, 0.016, 0.016, 0.984], "texture": "#1"},
				"west": {"uv": [0.016, 11.016, 2.484, 11.984], "texture": "#1"},
				"up": {"uv": [0.016, 2.484, 0.016, 0.016], "texture": "#1"},
				"down": {"uv": [0.016, 0.016, 0.016, 2.484], "texture": "#1"}
			}
		},
		{
			"from": [7.5, 0.36863, 17.5374],
			"to": [7.5, 2.36863, 21.5374],
			"rotation": {"angle": 0, "axis": "y", "origin": [10, -4.38137, 16.5374]},
			"faces": {
				"north": {"uv": [0.016, 0.016, 0.016, 0.984], "texture": "#1"},
				"east": {"uv": [11.516, 2.016, 13.484, 2.984], "texture": "#1"},
				"south": {"uv": [0.016, 0.016, 0.016, 0.984], "texture": "#1"},
				"west": {"uv": [11.516, 3.016, 13.484, 3.984], "texture": "#1"},
				"up": {"uv": [0.016, 1.984, 0.016, 0.016], "texture": "#1"},
				"down": {"uv": [0.016, 0.016, 0.016, 1.984], "texture": "#1"}
			}
		},
		{
			"from": [7, 2.97183, 11.70711],
			"to": [7, 4.97183, 16.70711],
			"rotation": {"angle": 22.5, "axis": "x", "origin": [9, -1.77817, 10.70711]},
			"faces": {
				"north": {"uv": [0.016, 0.016, 0.016, 0.984], "texture": "#1"},
				"east": {"uv": [10.516, 8.016, 12.984, 8.984], "texture": "#1"},
				"south": {"uv": [0.016, 0.016, 0.016, 0.984], "texture": "#1"},
				"west": {"uv": [10.516, 9.016, 12.984, 9.984], "texture": "#1"},
				"up": {"uv": [0.016, 2.484, 0.016, 0.016], "texture": "#1"},
				"down": {"uv": [0.016, 0.016, 0.016, 2.484], "texture": "#1"}
			}
		},
		{
			"from": [7, 7.46447, 6.46447],
			"to": [7, 10.46447, 11.46447],
			"rotation": {"angle": 45, "axis": "x", "origin": [9, 2.46447, 6.46447]},
			"faces": {
				"north": {"uv": [0.016, 0.016, 0.016, 1.484], "texture": "#1"},
				"east": {"uv": [8.016, 9.016, 10.484, 10.484], "texture": "#1"},
				"south": {"uv": [0.016, 0.016, 0.016, 1.484], "texture": "#1"},
				"west": {"uv": [3.016, 9.516, 5.484, 10.984], "texture": "#1"},
				"up": {"uv": [0.016, 2.484, 0.016, 0.016], "texture": "#1"},
				"down": {"uv": [0.016, 0.016, 0.016, 2.484], "texture": "#1"}
			}
		}
	],
	"display": {
		"thirdperson_righthand": {
			"rotation": [95.72, 67.98, -4.2],
			"translation": [-5.75, 3.25, 9.25]
		},
		"thirdperson_lefthand": {
			"rotation": [95.72, 67.98, -4.2],
			"translation": [-5.75, 3.25, 9.25]
		},
		"firstperson_righthand": {
			"rotation": [47, -149, -8],
			"translation": [6.25, 1, 1.75]
		},
		"firstperson_lefthand": {
			"rotation": [47, -149, -8],
			"translation": [6.25, 1, 1.75]
		},
		"gui": {
			"rotation": [30, -45, 0],
			"translation": [5, 7.25, 0],
			"scale": [0.9, 0.9, 0.9]
		}
	}
}