{
	"credit": "Made with Blockbench",
	"parent": "hideaway:display_parents/back",
	"texture_size": [32, 32],
	"textures": {
		"2": "hideaway:back/cupid_wings",
		"particle": "hideaway:back/cupid_wings"
	},
	"elements": [
		{
			"from": [-11.25, 1, 12],
			"to": [5.75, 19, 12],
			"rotation": {"angle": 22.5, "axis": "y", "origin": [1, 2, 12]},
			"faces": {
				"north": {"uv": [8.5, 0, 0, 9], "texture": "#2", "tintindex": 0},
				"east": {"uv": [0, 0, 0, 9], "texture": "#2", "tintindex": 0},
				"south": {"uv": [0, 0, 8.5, 9], "texture": "#2", "tintindex": 0},
				"west": {"uv": [0, 0, 0, 9], "texture": "#2", "tintindex": 0},
				"up": {"uv": [8.5, 0, 0, 0], "texture": "#2", "tintindex": 0},
				"down": {"uv": [8.5, 0, 0, 0], "texture": "#2", "tintindex": 0}
			}
		},
		{
			"from": [10.25, 1, 12],
			"to": [27.25, 19, 12],
			"rotation": {"angle": -22.5, "axis": "y", "origin": [15, 2, 12]},
			"faces": {
				"north": {"uv": [0, 0, 8.5, 9], "texture": "#2", "tintindex": 0},
				"east": {"uv": [0, 0, 0, 9], "texture": "#2", "tintindex": 0},
				"south": {"uv": [8.5, 0, 0, 9], "texture": "#2", "tintindex": 0},
				"west": {"uv": [0, 0, 0, 9], "texture": "#2", "tintindex": 0},
				"up": {"uv": [0, 0, 8.5, 0], "texture": "#2", "tintindex": 0},
				"down": {"uv": [0, 0, 8.5, 0], "texture": "#2", "tintindex": 0}
			}
		}
	],
	"display": {
		"gui": {
			"rotation": [-169, -33.5, -180],
			"translation": [2, -1.75, 0],
			"scale": [0.5, 0.5, 0.5]
		}
	}
}