{
	"credit": "Made with Blockbench",
	"parent": "hideaway:display_parents/back",
	"texture_size": [64, 64],
	"textures": {
		"2": "hideaway:back/dragon_wings",
		"particle": "hideaway:back/dragon_wings"
	},
	"elements": [
		{
			"from": [0, -1, 9],
			"to": [0, 19, 27],
			"rotation": {"angle": -45, "axis": "y", "origin": [3.14178, 9, 17.23255]},
			"faces": {
				"north": {"uv": [0.008, 0.008, 0.008, 4.992], "texture": "#2", "tintindex": 0},
				"east": {"uv": [0.008, 0.008, 4.492, 4.992], "texture": "#2", "tintindex": 0},
				"south": {"uv": [0.008, 0.008, 0.008, 4.992], "texture": "#2", "tintindex": 0},
				"west": {"uv": [4.508, 0.008, 8.992, 4.992], "texture": "#2", "tintindex": 0},
				"up": {"uv": [0.008, 4.492, 0.008, 0.008], "texture": "#2", "tintindex": 0},
				"down": {"uv": [0.008, 0.008, 0.008, 4.492], "texture": "#2", "tintindex": 0}
			}
		},
		{
			"from": [16, -1, 9],
			"to": [16, 19, 27],
			"rotation": {"angle": 45, "axis": "y", "origin": [12.85822, 9, 17.23255]},
			"faces": {
				"north": {"uv": [0.008, 0.008, 0.008, 4.992], "texture": "#2", "tintindex": 0},
				"east": {"uv": [0.008, 5.008, 4.492, 9.992], "texture": "#2", "tintindex": 0},
				"south": {"uv": [0.008, 0.008, 0.008, 4.992], "texture": "#2", "tintindex": 0},
				"west": {"uv": [4.508, 5.008, 8.992, 9.992], "texture": "#2", "tintindex": 0},
				"up": {"uv": [0.008, 4.492, 0.008, 0.008], "texture": "#2", "tintindex": 0},
				"down": {"uv": [0.008, 0.008, 0.008, 4.492], "texture": "#2", "tintindex": 0}
			}
		},
		{
			"from": [8, -8, 10],
			"to": [8, 7, 29],
			"faces": {
				"north": {"uv": [0.008, 0.008, 0.008, 3.742], "texture": "#2", "tintindex": 0},
				"east": {"uv": [9.008, 0.008, 13.742, 3.742], "texture": "#2", "tintindex": 0},
				"south": {"uv": [0.008, 0.008, 0.008, 3.742], "texture": "#2", "tintindex": 0},
				"west": {"uv": [9.008, 3.758, 13.742, 7.492], "texture": "#2", "tintindex": 0},
				"up": {"uv": [0.008, 4.742, 0.008, 0.008], "texture": "#2", "tintindex": 0},
				"down": {"uv": [0.008, 0.008, 0.008, 4.742], "texture": "#2", "tintindex": 0}
			}
		}
	],
	"display": {
		"gui": {
			"rotation": [-0.87, 26, -1.81],
			"translation": [-3.25, 0.75, 0],
			"scale": [0.6, 0.6, 0.6]
		}
	}
}