{
	"credit": "Made by CookiesNom with Blockbench",
	"parent": "hideaway:display_parents/back",
	"textures": {
		"1": "hideaway:back/dual_swords",
		"particle": "hideaway:back/dual_swords"
	},
	"elements": [
		{
			"from": [5.49139, -0.39432, 10.255],
			"to": [6.49139, 2.23068, 11.245],
			"rotation": {"angle": -45, "axis": "z", "origin": [5.99139, 0.91818, 10.75]},
			"faces": {
				"north": {"uv": [10, 8, 9, 11], "texture": "#1"},
				"east": {"uv": [11, 8, 10, 11], "texture": "#1"},
				"south": {"uv": [9, 10, 8, 13], "texture": "#1"},
				"west": {"uv": [8, 10, 7, 13], "texture": "#1"},
				"up": {"uv": [2, 13, 3, 12], "texture": "#1"},
				"down": {"uv": [3, 12, 4, 13], "texture": "#1"}
			}
		},
		{
			"from": [9.75, -1.425, 10.25],
			"to": [10.75, 1, 11.25],
			"rotation": {"angle": -22.5, "axis": "z", "origin": [10.75, 12.5, 10.75]},
			"faces": {
				"north": {"uv": [10, 11, 9, 13], "texture": "#1"},
				"east": {"uv": [12, 11, 11, 13], "texture": "#1"},
				"south": {"uv": [11, 11, 10, 13], "texture": "#1"},
				"west": {"uv": [12, 9, 11, 11], "texture": "#1"},
				"up": {"uv": [0, 13, 1, 12], "texture": "#1"},
				"down": {"uv": [1, 12, 2, 13], "texture": "#1"}
			}
		},
		{
			"from": [9.75, 1, 10.25],
			"to": [11.75, 12, 11.25],
			"rotation": {"angle": -22.5, "axis": "z", "origin": [10.75, 12.5, 10.75]},
			"faces": {
				"north": {"uv": [2, 0, 0, 11], "texture": "#1"},
				"east": {"uv": [6, 0, 5, 11], "texture": "#1"},
				"south": {"uv": [4, 0, 2, 11], "texture": "#1"},
				"west": {"uv": [5, 0, 4, 11], "texture": "#1"},
				"up": {"uv": [11, 6, 13, 5], "texture": "#1"},
				"down": {"uv": [11, 8, 13, 9], "texture": "#1"}
			}
		},
		{
			"from": [9.25, 12, 10],
			"to": [12.25, 13, 11.5],
			"rotation": {"angle": -22.5, "axis": "z", "origin": [10.75, 12.5, 10.75]},
			"faces": {
				"north": {"uv": [12, 6, 9, 7], "texture": "#1"},
				"east": {"uv": [13, 4, 11, 5], "texture": "#1"},
				"south": {"uv": [12, 7, 9, 8], "texture": "#1"},
				"west": {"uv": [6, 11, 4, 12], "texture": "#1"},
				"up": {"uv": [8, 2, 11, 0], "texture": "#1"},
				"down": {"uv": [8, 2, 11, 4], "texture": "#1"}
			}
		},
		{
			"from": [9.75, 17, 10],
			"to": [11.75, 18, 11.5],
			"rotation": {"angle": -22.5, "axis": "z", "origin": [10.75, 12.5, 10.75]},
			"faces": {
				"north": {"uv": [13, 1, 11, 2], "texture": "#1"},
				"east": {"uv": [13, 3, 11, 4], "texture": "#1"},
				"south": {"uv": [13, 2, 11, 3], "texture": "#1"},
				"west": {"uv": [4, 11, 2, 12], "texture": "#1"},
				"up": {"uv": [7, 10, 9, 8], "texture": "#1"},
				"down": {"uv": [9, 4, 11, 6], "texture": "#1"}
			}
		},
		{
			"from": [10, 13, 10.25],
			"to": [11.5, 17, 11.25],
			"rotation": {"angle": -22.5, "axis": "z", "origin": [10.75, 12.5, 10.75]},
			"faces": {
				"north": {"uv": [8, 0, 6, 4], "texture": "#1"},
				"east": {"uv": [7, 8, 6, 12], "texture": "#1"},
				"south": {"uv": [8, 4, 6, 8], "texture": "#1"},
				"west": {"uv": [9, 4, 8, 8], "texture": "#1"},
				"up": {"uv": [0, 12, 2, 11], "texture": "#1"},
				"down": {"uv": [11, 0, 13, 1], "texture": "#1"}
			}
		},
		{
			"from": [9.50861, -0.39432, 11.255],
			"to": [10.50861, 2.23068, 12.245],
			"rotation": {"angle": 45, "axis": "z", "origin": [10.00861, 0.91818, 11.75]},
			"faces": {
				"north": {"uv": [9, 8, 10, 11], "texture": "#1"},
				"east": {"uv": [7, 10, 8, 13], "texture": "#1"},
				"south": {"uv": [8, 10, 9, 13], "texture": "#1"},
				"west": {"uv": [10, 8, 11, 11], "texture": "#1"},
				"up": {"uv": [3, 13, 2, 12], "texture": "#1"},
				"down": {"uv": [4, 12, 3, 13], "texture": "#1"}
			}
		},
		{
			"from": [5.25, -1.425, 11.25],
			"to": [6.25, 1, 12.25],
			"rotation": {"angle": 22.5, "axis": "z", "origin": [5.25, 12.5, 11.75]},
			"faces": {
				"north": {"uv": [9, 11, 10, 13], "texture": "#1"},
				"east": {"uv": [11, 9, 12, 11], "texture": "#1"},
				"south": {"uv": [10, 11, 11, 13], "texture": "#1"},
				"west": {"uv": [11, 11, 12, 13], "texture": "#1"},
				"up": {"uv": [1, 13, 0, 12], "texture": "#1"},
				"down": {"uv": [2, 12, 1, 13], "texture": "#1"}
			}
		},
		{
			"from": [4.25, 1, 11.25],
			"to": [6.25, 12, 12.25],
			"rotation": {"angle": 22.5, "axis": "z", "origin": [5.25, 12.5, 11.75]},
			"faces": {
				"north": {"uv": [0, 0, 2, 11], "texture": "#1"},
				"east": {"uv": [4, 0, 5, 11], "texture": "#1"},
				"south": {"uv": [2, 0, 4, 11], "texture": "#1"},
				"west": {"uv": [5, 0, 6, 11], "texture": "#1"},
				"up": {"uv": [13, 6, 11, 5], "texture": "#1"},
				"down": {"uv": [13, 8, 11, 9], "texture": "#1"}
			}
		},
		{
			"from": [3.75, 12, 11],
			"to": [6.75, 13, 12.5],
			"rotation": {"angle": 22.5, "axis": "z", "origin": [5.25, 12.5, 11.75]},
			"faces": {
				"north": {"uv": [9, 6, 12, 7], "texture": "#1"},
				"east": {"uv": [4, 11, 6, 12], "texture": "#1"},
				"south": {"uv": [9, 7, 12, 8], "texture": "#1"},
				"west": {"uv": [11, 4, 13, 5], "texture": "#1"},
				"up": {"uv": [11, 2, 8, 0], "texture": "#1"},
				"down": {"uv": [11, 2, 8, 4], "texture": "#1"}
			}
		},
		{
			"from": [4.25, 17, 11],
			"to": [6.25, 18, 12.5],
			"rotation": {"angle": 22.5, "axis": "z", "origin": [5.25, 12.5, 11.75]},
			"faces": {
				"north": {"uv": [11, 1, 13, 2], "texture": "#1"},
				"east": {"uv": [2, 11, 4, 12], "texture": "#1"},
				"south": {"uv": [11, 2, 13, 3], "texture": "#1"},
				"west": {"uv": [11, 3, 13, 4], "texture": "#1"},
				"up": {"uv": [9, 10, 7, 8], "texture": "#1"},
				"down": {"uv": [11, 4, 9, 6], "texture": "#1"}
			}
		},
		{
			"from": [4.5, 13, 11.25],
			"to": [6, 17, 12.25],
			"rotation": {"angle": 22.5, "axis": "z", "origin": [5.25, 12.5, 11.75]},
			"faces": {
				"north": {"uv": [6, 0, 8, 4], "texture": "#1"},
				"east": {"uv": [8, 4, 9, 8], "texture": "#1"},
				"south": {"uv": [6, 4, 8, 8], "texture": "#1"},
				"west": {"uv": [6, 8, 7, 12], "texture": "#1"},
				"up": {"uv": [2, 12, 0, 11], "texture": "#1"},
				"down": {"uv": [13, 0, 11, 1], "texture": "#1"}
			}
		}
	],
	"display": {
		"thirdperson_righthand": {
			"rotation": [0, 90, 0],
			"translation": [-3, -0.5, 0.75]
		},
		"thirdperson_lefthand": {
			"rotation": [0, 90, 0],
			"translation": [-3, -0.5, 0.75]
		},
		"firstperson_righthand": {
			"rotation": [-61, 82, 0],
			"translation": [-1, 0, 2.5]
		},
		"firstperson_lefthand": {
			"rotation": [-61, 82, 0],
			"translation": [-1, 0, 2.5]
		},
		"gui": {
			"rotation": [30, 45, 0],
			"translation": [-1.75, 0, 0],
			"scale": [0.8, 0.8, 0.8]
		}
	}
}