{
	"credit": "Made with Blockbench",
	"parent": "hideaway:display_parents/back",
	"texture_size": [64, 64],
	"textures": {
		"1": "hideaway:back/duckie_nest"
	},
	"elements": [
		{
			"from": [2, 2, 10],
			"to": [14, 7, 21],
			"rotation": {"angle": 0, "axis": "y", "origin": [8, -10, 8]},
			"faces": {
				"north": {"uv": [4, 5.5, 7, 6.75], "texture": "#1"},
				"east": {"uv": [6, 3.75, 8.75, 5], "texture": "#1"},
				"south": {"uv": [6, 0, 9, 1.25], "texture": "#1"},
				"west": {"uv": [4, 6.75, 6.75, 8], "texture": "#1"},
				"up": {"uv": [3, 2.75, 0, 0], "texture": "#1"},
				"down": {"uv": [3, 2.75, 0, 5.5], "texture": "#1"}
			}
		},
		{
			"from": [1.75, 1.75, 9.75],
			"to": [14.25, 7.25, 21.25],
			"rotation": {"angle": 0, "axis": "y", "origin": [8, -10, 8]},
			"faces": {
				"north": {"uv": [6, 1.25, 9, 2.5], "texture": "#1", "tintindex": 0},
				"east": {"uv": [6.75, 6.75, 9.5, 8], "texture": "#1", "tintindex": 0},
				"south": {"uv": [6, 2.5, 9, 3.75], "texture": "#1", "tintindex": 0},
				"west": {"uv": [7, 5, 9.75, 6.25], "texture": "#1", "tintindex": 0},
				"up": {"uv": [6, 2.75, 3, 0], "texture": "#1", "tintindex": 0},
				"down": {"uv": [6, 2.75, 3, 5.5], "texture": "#1", "tintindex": 0}
			}
		},
		{
			"from": [4, -3, 21.5],
			"to": [12, 7, 21.5],
			"rotation": {"angle": 0, "axis": "y", "origin": [8, -10, 8]},
			"faces": {
				"north": {"uv": [0, 5.5, 2, 8], "texture": "#1", "tintindex": 0},
				"east": {"uv": [0, 0, 0, 2.5], "texture": "#1", "tintindex": 0},
				"south": {"uv": [2, 5.5, 4, 8], "texture": "#1", "tintindex": 0},
				"west": {"uv": [0, 0, 0, 2.5], "texture": "#1", "tintindex": 0},
				"up": {"uv": [2, 0, 0, 0], "texture": "#1", "tintindex": 0},
				"down": {"uv": [2, 0, 0, 0], "texture": "#1", "tintindex": 0}
			}
		},
		{
			"from": [5.5, 7, 12],
			"to": [10.5, 12, 19],
			"rotation": {"angle": 0, "axis": "y", "origin": [8, -10, 8]},
			"faces": {
				"north": {"uv": [8.75, 3.75, 10, 5], "texture": "#1"},
				"east": {"uv": [3.5, 8, 5.25, 9.25], "texture": "#1"},
				"south": {"uv": [9, 0, 10.25, 1.25], "texture": "#1"},
				"west": {"uv": [5.25, 8, 7, 9.25], "texture": "#1"},
				"up": {"uv": [8.25, 9.75, 7, 8], "texture": "#1"},
				"down": {"uv": [9.5, 8, 8.25, 9.75], "texture": "#1"}
			}
		},
		{
			"from": [4.5, 8, 12],
			"to": [5.5, 12, 18],
			"rotation": {"angle": 0, "axis": "y", "origin": [8, -10, 8]},
			"faces": {
				"north": {"uv": [4.5, 10.25, 4.75, 11.25], "texture": "#1"},
				"east": {"uv": [9, 1.25, 10.5, 2.25], "texture": "#1"},
				"south": {"uv": [4.75, 10.25, 5, 11.25], "texture": "#1"},
				"west": {"uv": [9, 2.25, 10.5, 3.25], "texture": "#1"},
				"up": {"uv": [3.25, 11.25, 3, 9.75], "texture": "#1"},
				"down": {"uv": [3.5, 9.75, 3.25, 11.25], "texture": "#1"}
			}
		},
		{
			"from": [10.5, 8, 12],
			"to": [11.5, 12, 18],
			"rotation": {"angle": 0, "axis": "y", "origin": [8, -10, 8]},
			"faces": {
				"north": {"uv": [4.75, 10.25, 4.5, 11.25], "texture": "#1"},
				"east": {"uv": [10.5, 2.25, 9, 3.25], "texture": "#1"},
				"south": {"uv": [5, 10.25, 4.75, 11.25], "texture": "#1"},
				"west": {"uv": [10.5, 1.25, 9, 2.25], "texture": "#1"},
				"up": {"uv": [3, 11.25, 3.25, 9.75], "texture": "#1"},
				"down": {"uv": [3.25, 9.75, 3.5, 11.25], "texture": "#1"}
			}
		},
		{
			"from": [6, 12, 16],
			"to": [10, 16, 20],
			"rotation": {"angle": 0, "axis": "y", "origin": [8, -10, 8]},
			"faces": {
				"north": {"uv": [4.5, 9.25, 5.5, 10.25], "texture": "#1"},
				"east": {"uv": [5.5, 9.25, 6.5, 10.25], "texture": "#1"},
				"south": {"uv": [9.5, 6.25, 10.5, 7.25], "texture": "#1"},
				"west": {"uv": [9.5, 7.25, 10.5, 8.25], "texture": "#1"},
				"up": {"uv": [10.5, 9.25, 9.5, 8.25], "texture": "#1"},
				"down": {"uv": [10.5, 9.25, 9.5, 10.25], "texture": "#1"}
			}
		},
		{
			"from": [4.5, 14.8, 14.5],
			"to": [11.5, 14.8, 21.5],
			"rotation": {"angle": 0, "axis": "y", "origin": [8, -10, 8]},
			"faces": {
				"north": {"uv": [0, 0, 1.75, 0], "texture": "#1", "tintindex": 0},
				"east": {"uv": [0, 0, 1.75, 0], "texture": "#1", "tintindex": 0},
				"south": {"uv": [0, 0, 1.75, 0], "texture": "#1", "tintindex": 0},
				"west": {"uv": [0, 0, 1.75, 0], "texture": "#1", "tintindex": 0},
				"up": {"uv": [1.75, 9.75, 0, 8], "texture": "#1", "tintindex": 0},
				"down": {"uv": [3.5, 8, 1.75, 9.75], "texture": "#1", "tintindex": 0}
			}
		},
		{
			"from": [5.75, 14.75, 15.75],
			"to": [10.25, 17.25, 20.25],
			"rotation": {"angle": 0, "axis": "y", "origin": [8, -10, 8]},
			"faces": {
				"north": {"uv": [6, 5, 7, 5.5], "texture": "#1", "tintindex": 0},
				"east": {"uv": [7, 6.25, 8, 6.75], "texture": "#1", "tintindex": 0},
				"south": {"uv": [8, 6.25, 9, 6.75], "texture": "#1", "tintindex": 0},
				"west": {"uv": [9, 3.25, 10, 3.75], "texture": "#1", "tintindex": 0},
				"up": {"uv": [3, 10.75, 2, 9.75], "texture": "#1", "tintindex": 0},
				"down": {"uv": [10.75, 5, 9.75, 6], "texture": "#1", "tintindex": 0}
			}
		},
		{
			"from": [4.25, 16.5, 18],
			"to": [6.25, 18.5, 19],
			"rotation": {"angle": 0, "axis": "y", "origin": [8, -10, 8]},
			"faces": {
				"north": {"uv": [10.25, 0.5, 10.75, 1], "texture": "#1", "tintindex": 0},
				"east": {"uv": [5.5, 10.25, 5.75, 10.75], "texture": "#1", "tintindex": 0},
				"south": {"uv": [5, 10.25, 5.5, 10.75], "texture": "#1", "tintindex": 0},
				"west": {"uv": [5.75, 10.25, 6, 10.75], "texture": "#1", "tintindex": 0},
				"up": {"uv": [10.25, 6.25, 9.75, 6], "texture": "#1", "tintindex": 0},
				"down": {"uv": [10.75, 1, 10.25, 1.25], "texture": "#1", "tintindex": 0}
			}
		},
		{
			"from": [6.25, 18.5, 19],
			"to": [4.25, 16.5, 18],
			"rotation": {"angle": 0, "axis": "y", "origin": [8, -10, 8]},
			"faces": {
				"north": {"uv": [15.75, 1.75, 15.25, 2.25], "texture": "#1"},
				"east": {"uv": [11, 11.5, 10.75, 12], "texture": "#1"},
				"south": {"uv": [10.5, 11.5, 10, 12], "texture": "#1"},
				"west": {"uv": [10.75, 11.5, 10.5, 12], "texture": "#1"},
				"up": {"uv": [14.75, 7.5, 15.25, 7.25], "texture": "#1"},
				"down": {"uv": [15.25, 2.25, 15.75, 2.5], "texture": "#1"}
			}
		},
		{
			"from": [11.75, 18.5, 19],
			"to": [9.75, 16.5, 18],
			"rotation": {"angle": 0, "axis": "y", "origin": [8.5, -10, 8]},
			"faces": {
				"north": {"uv": [15.75, 1.75, 15.25, 2.25], "texture": "#1"},
				"east": {"uv": [11, 11.5, 10.75, 12], "texture": "#1"},
				"south": {"uv": [10.5, 11.5, 10, 12], "texture": "#1"},
				"west": {"uv": [10.75, 11.5, 10.5, 12], "texture": "#1"},
				"up": {"uv": [14.75, 7.5, 15.25, 7.25], "texture": "#1"},
				"down": {"uv": [15.25, 2.25, 15.75, 2.5], "texture": "#1"}
			}
		},
		{
			"from": [9.75, 16.5, 18],
			"to": [11.75, 18.5, 19],
			"rotation": {"angle": 0, "axis": "y", "origin": [8, -10, 8]},
			"faces": {
				"north": {"uv": [10.75, 0.5, 10.25, 1], "texture": "#1", "tintindex": 0},
				"east": {"uv": [6, 10.25, 5.75, 10.75], "texture": "#1", "tintindex": 0},
				"south": {"uv": [5.5, 10.25, 5, 10.75], "texture": "#1", "tintindex": 0},
				"west": {"uv": [5.75, 10.25, 5.5, 10.75], "texture": "#1", "tintindex": 0},
				"up": {"uv": [9.75, 6.25, 10.25, 6], "texture": "#1", "tintindex": 0},
				"down": {"uv": [10.25, 1, 10.75, 1.25], "texture": "#1", "tintindex": 0}
			}
		},
		{
			"from": [6, 9, 11],
			"to": [10, 13, 14],
			"rotation": {"angle": -22.5, "axis": "x", "origin": [8, 11, 12.5]},
			"faces": {
				"north": {"uv": [0, 9.75, 1, 10.75], "texture": "#1"},
				"east": {"uv": [6.5, 9.75, 7.25, 10.75], "texture": "#1"},
				"south": {"uv": [1, 9.75, 2, 10.75], "texture": "#1"},
				"west": {"uv": [7.25, 9.75, 8, 10.75], "texture": "#1"},
				"up": {"uv": [9, 10.5, 8, 9.75], "texture": "#1"},
				"down": {"uv": [11, 3.25, 10, 4], "texture": "#1"}
			}
		},
		{
			"from": [7, 12, 20],
			"to": [9, 14, 22],
			"rotation": {"angle": 0, "axis": "y", "origin": [8, -10, 8]},
			"faces": {
				"north": {"uv": [9, 6.25, 9.5, 6.75], "texture": "#1"},
				"east": {"uv": [6.5, 9.25, 7, 9.75], "texture": "#1"},
				"south": {"uv": [9, 9.75, 9.5, 10.25], "texture": "#1"},
				"west": {"uv": [10, 4, 10.5, 4.5], "texture": "#1"},
				"up": {"uv": [10.5, 5, 10, 4.5], "texture": "#1"},
				"down": {"uv": [10.75, 0, 10.25, 0.5], "texture": "#1"}
			}
		},
		{
			"from": [2, 14, 10],
			"to": [4, 14, 20],
			"rotation": {"angle": 45, "axis": "x", "origin": [2.5, 14, 10]},
			"faces": {
				"north": {"uv": [0, 0, 0.5, 0], "texture": "#1"},
				"east": {"uv": [0, 0, 2.5, 0], "texture": "#1"},
				"south": {"uv": [0, 0, 0.5, 0], "texture": "#1"},
				"west": {"uv": [0, 0, 2.5, 0], "texture": "#1"},
				"up": {"uv": [4, 11.75, 3.5, 9.25], "texture": "#1"},
				"down": {"uv": [4.5, 9.25, 4, 11.75], "texture": "#1"}
			}
		},
		{
			"from": [12, 14, 10],
			"to": [14, 14, 20],
			"rotation": {"angle": 45, "axis": "x", "origin": [13.5, 14, 10]},
			"faces": {
				"north": {"uv": [0.5, 0, 0, 0], "texture": "#1"},
				"east": {"uv": [2.5, 0, 0, 0], "texture": "#1"},
				"south": {"uv": [0.5, 0, 0, 0], "texture": "#1"},
				"west": {"uv": [2.5, 0, 0, 0], "texture": "#1"},
				"up": {"uv": [3.5, 11.75, 4, 9.25], "texture": "#1"},
				"down": {"uv": [4, 9.25, 4.5, 11.75], "texture": "#1"}
			}
		}
	],
	"gui_light": "front",
	"display": {
		"gui": {
			"rotation": [30, 45, 0],
			"translation": [-3.75, 2.5, 0],
			"scale": [0.78, 0.78, 0.78]
		}
	}
}