{
	"credit": "Made by CookiesNom with Blockbench",
	"parent": "hideaway:display_parents/back",
	"texture_size": [32, 32],
	"textures": {
		"0": "hideaway:back/eggplant_backpack",
		"particle": "hideaway:back/eggplant_backpack"
	},
	"elements": [
		{
			"from": [5.5, 6, 10],
			"to": [10.5, 15, 15],
			"rotation": {"angle": 0, "axis": "y", "origin": [-0.5, 3, 0]},
			"faces": {
				"north": {"uv": [0.016, 0.016, 2.484, 4.484], "texture": "#0"},
				"east": {"uv": [2.516, 0.016, 4.984, 4.484], "texture": "#0"},
				"south": {"uv": [0.016, 4.516, 2.484, 8.984], "texture": "#0"},
				"west": {"uv": [2.516, 4.516, 4.984, 8.984], "texture": "#0"},
				"up": {"uv": [9.984, 5.484, 7.516, 3.016], "texture": "#0"},
				"down": {"uv": [9.984, 5.516, 7.516, 7.984], "texture": "#0"}
			}
		},
		{
			"from": [7.75, 15, 12.5],
			"to": [10.75, 18, 12.5],
			"rotation": {"angle": -22.5, "axis": "y", "origin": [8, 14, 12]},
			"faces": {
				"north": {"uv": [10.016, 11.016, 11.484, 12.484], "texture": "#0"},
				"east": {"uv": [0.016, 0.016, 0.016, 1.484], "texture": "#0"},
				"south": {"uv": [0.016, 11.516, 1.484, 12.984], "texture": "#0"},
				"west": {"uv": [0.016, 0.016, 0.016, 1.484], "texture": "#0"},
				"up": {"uv": [1.484, 0.016, 0.016, 0.016], "texture": "#0"},
				"down": {"uv": [1.484, 0.016, 0.016, 0.016], "texture": "#0"}
			}
		},
		{
			"from": [5.2, 10.7, 9.7],
			"to": [10.8, 15.3, 15.3],
			"rotation": {"angle": 0, "axis": "y", "origin": [-0.5, 3, 0]},
			"faces": {
				"north": {"uv": [10.016, 5.016, 12.484, 6.984], "texture": "#0"},
				"east": {"uv": [10.016, 7.016, 12.484, 8.984], "texture": "#0"},
				"south": {"uv": [10.016, 9.016, 12.484, 10.984], "texture": "#0"},
				"west": {"uv": [7.516, 10.516, 9.984, 12.484], "texture": "#0"},
				"up": {"uv": [9.984, 10.484, 7.516, 8.016], "texture": "#0"},
				"down": {"uv": [2.484, 9.016, 0.016, 11.484], "texture": "#0"}
			}
		},
		{
			"from": [5.51, 1.11895, 10.58507],
			"to": [10.49, 7.09895, 15.56507],
			"rotation": {"angle": -22.5, "axis": "x", "origin": [7.5, 5.10895, 13.07507]},
			"faces": {
				"north": {"uv": [5.016, 0.016, 7.484, 2.984], "texture": "#0"},
				"east": {"uv": [5.016, 3.016, 7.484, 5.984], "texture": "#0"},
				"south": {"uv": [5.016, 6.016, 7.484, 8.984], "texture": "#0"},
				"west": {"uv": [7.516, 0.016, 9.984, 2.984], "texture": "#0"},
				"up": {"uv": [4.984, 11.484, 2.516, 9.016], "texture": "#0"},
				"down": {"uv": [7.484, 9.016, 5.016, 11.484], "texture": "#0"}
			}
		},
		{
			"from": [5.2, 7.7, 9.7],
			"to": [10.8, 9.3, 15.3],
			"rotation": {"angle": 0, "axis": "y", "origin": [-0.5, 3, 0]},
			"faces": {
				"north": {"uv": [11.516, 11.516, 13.984, 11.984], "texture": "#0"},
				"east": {"uv": [1.516, 12.016, 3.984, 12.484], "texture": "#0"},
				"south": {"uv": [4.016, 12.016, 6.484, 12.484], "texture": "#0"},
				"west": {"uv": [11.516, 12.016, 13.984, 12.484], "texture": "#0"},
				"up": {"uv": [12.484, 2.484, 10.016, 0.016], "texture": "#0"},
				"down": {"uv": [12.484, 2.516, 10.016, 4.984], "texture": "#0"}
			}
		},
		{
			"from": [3.89001, 8, 5.75],
			"to": [12.10999, 9, 5.75],
			"rotation": {"angle": 0, "axis": "y", "origin": [4.29001, 8.5, 8.9197]},
			"faces": {
				"north": {"uv": [1.516, 11.516, 5.484, 11.984], "texture": "#0"},
				"east": {"uv": [0.016, 0.016, 0.016, 0.484], "texture": "#0"},
				"south": {"uv": [11.516, 11.016, 15.484, 11.484], "texture": "#0"},
				"west": {"uv": [0.016, 0.016, 0.016, 0.484], "texture": "#0"},
				"up": {"uv": [3.984, 0.016, 0.016, 0.016], "texture": "#0"},
				"down": {"uv": [3.984, 0.016, 0.016, 0.016], "texture": "#0"}
			}
		},
		{
			"from": [3.89001, 8, 5.75],
			"to": [3.89001, 9, 9.75],
			"rotation": {"angle": 0, "axis": "y", "origin": [4.39001, 8.5, 7.9197]},
			"faces": {
				"north": {"uv": [0.016, 0.016, 0.016, 0.484], "texture": "#0"},
				"east": {"uv": [5.516, 11.516, 7.484, 11.984], "texture": "#0"},
				"south": {"uv": [0.016, 0.016, 0.016, 0.484], "texture": "#0"},
				"west": {"uv": [12.516, 0.016, 14.484, 0.484], "texture": "#0"},
				"up": {"uv": [0.016, 1.984, 0.016, 0.016], "texture": "#0"},
				"down": {"uv": [0.016, 0.016, 0.016, 1.984], "texture": "#0"}
			}
		},
		{
			"from": [6.72208, 8, 8.98775],
			"to": [6.72208, 9, 12.98775],
			"rotation": {"angle": 22.5, "axis": "y", "origin": [7.22208, 8.5, 16.48775]},
			"faces": {
				"north": {"uv": [0.016, 0.016, 0.016, 0.484], "texture": "#0"},
				"east": {"uv": [12.516, 0.516, 14.484, 0.984], "texture": "#0"},
				"south": {"uv": [0.016, 0.016, 0.016, 0.484], "texture": "#0"},
				"west": {"uv": [12.516, 1.016, 14.484, 1.484], "texture": "#0"},
				"up": {"uv": [0.016, 1.984, 0.016, 0.016], "texture": "#0"},
				"down": {"uv": [0.016, 0.016, 0.016, 1.984], "texture": "#0"}
			}
		},
		{
			"from": [4.98221, 8, 12.33655],
			"to": [4.98221, 9, 14.33655],
			"rotation": {"angle": 0, "axis": "y", "origin": [8.48221, 8.5, 20.83655]},
			"faces": {
				"north": {"uv": [0.016, 0.016, 0.016, 0.484], "texture": "#0"},
				"east": {"uv": [6.516, 12.016, 7.484, 12.484], "texture": "#0"},
				"south": {"uv": [0.016, 0.016, 0.016, 0.484], "texture": "#0"},
				"west": {"uv": [12.516, 3.016, 13.484, 3.484], "texture": "#0"},
				"up": {"uv": [0.016, 0.984, 0.016, 0.016], "texture": "#0"},
				"down": {"uv": [0.016, 0.016, 0.016, 0.984], "texture": "#0"}
			}
		},
		{
			"from": [11.01779, 8, 12.33655],
			"to": [11.01779, 9, 14.33655],
			"rotation": {"angle": 0, "axis": "y", "origin": [7.51779, 8.5, 20.83655]},
			"faces": {
				"north": {"uv": [0.016, 0.016, 0.016, 0.484], "texture": "#0"},
				"east": {"uv": [3.516, 12.516, 4.484, 12.984], "texture": "#0"},
				"south": {"uv": [0.016, 0.016, 0.016, 0.484], "texture": "#0"},
				"west": {"uv": [12.516, 3.516, 13.484, 3.984], "texture": "#0"},
				"up": {"uv": [0.016, 0.984, 0.016, 0.016], "texture": "#0"},
				"down": {"uv": [0.016, 0.016, 0.016, 0.984], "texture": "#0"}
			}
		},
		{
			"from": [12.10999, 8, 5.75],
			"to": [12.10999, 9, 9.75],
			"rotation": {"angle": 0, "axis": "y", "origin": [11.60999, 8.5, 7.9197]},
			"faces": {
				"north": {"uv": [0.016, 0.016, 0.016, 0.484], "texture": "#0"},
				"east": {"uv": [1.516, 12.516, 3.484, 12.984], "texture": "#0"},
				"south": {"uv": [0.016, 0.016, 0.016, 0.484], "texture": "#0"},
				"west": {"uv": [12.516, 1.516, 14.484, 1.984], "texture": "#0"},
				"up": {"uv": [0.016, 1.984, 0.016, 0.016], "texture": "#0"},
				"down": {"uv": [0.016, 0.016, 0.016, 1.984], "texture": "#0"}
			}
		},
		{
			"from": [9.27792, 8, 8.98775],
			"to": [9.27792, 9, 12.98775],
			"rotation": {"angle": -22.5, "axis": "y", "origin": [8.77792, 8.5, 16.48775]},
			"faces": {
				"north": {"uv": [0.016, 0.016, 0.016, 0.484], "texture": "#0"},
				"east": {"uv": [12.516, 2.016, 14.484, 2.484], "texture": "#0"},
				"south": {"uv": [0.016, 0.016, 0.016, 0.484], "texture": "#0"},
				"west": {"uv": [12.516, 2.516, 14.484, 2.984], "texture": "#0"},
				"up": {"uv": [0.016, 1.984, 0.016, 0.016], "texture": "#0"},
				"down": {"uv": [0.016, 0.016, 0.016, 1.984], "texture": "#0"}
			}
		}
	],
	"display": {
		"gui": {
			"rotation": [30, 45, 0],
			"translation": [-2.25, 0.75, 0],
			"scale": [0.91, 0.91, 0.91]
		}
	},
	"groups": [
		{
			"name": "group",
			"origin": [8, 8, 8],
			"color": 0,
			"children": []
		},
		{
			"name": "group",
			"origin": [8, 8, 8],
			"color": 0,
			"children": [
				{
					"name": "group",
					"origin": [-0.5, 2, 0],
					"color": 0,
					"children": [0, 1, 2, 3]
				},
				{
					"name": "group",
					"origin": [-0.5, 2, 0],
					"color": 0,
					"children": [
						4,
						5,
						{
							"name": "group",
							"origin": [4.39001, 7.5, 7.9197],
							"color": 0,
							"children": [6, 7, 8, 9]
						},
						{
							"name": "group",
							"origin": [4.39001, 7.5, 7.9197],
							"color": 0,
							"children": [10, 11]
						}
					]
				}
			]
		}
	]
}