{
	"credit": "Made with Blockbench",
	"parent": "hideaway:display_parents/back",
	"texture_size": [32, 32],
	"textures": {
		"0": "hideaway:back/fairy_wings",
		"particle": "hideaway:back/fairy_wings"
	},
	"elements": [
		{
			"from": [15.64715, -1, 10.63102],
			"to": [15.64715, 23, 26.63102],
			"rotation": {"angle": 45, "axis": "y", "origin": [11.64715, 2, 18.13102]},
			"faces": {
				"north": {"uv": [0, 0, 0, 12], "texture": "#0", "tintindex": 0},
				"east": {"uv": [0, 0, 8, 12], "texture": "#0", "tintindex": 0},
				"south": {"uv": [0, 0, 0, 12], "texture": "#0"},
				"west": {"uv": [8, 0, 0, 12], "texture": "#0", "tintindex": 0},
				"up": {"uv": [0, 8, 0, 0], "texture": "#0"},
				"down": {"uv": [0, 0, 0, 8], "texture": "#0"}
			}
		},
		{
			"from": [0.35285, -1, 10.63102],
			"to": [0.35285, 23, 26.63102],
			"rotation": {"angle": -45, "axis": "y", "origin": [4.35285, 2, 18.13102]},
			"faces": {
				"north": {"uv": [0, 0, 0, 12], "texture": "#0", "tintindex": 0},
				"east": {"uv": [0, 0, 8, 12], "texture": "#0", "tintindex": 0},
				"south": {"uv": [0, 0, 0, 12], "texture": "#0"},
				"west": {"uv": [8, 0, 0, 12], "texture": "#0", "tintindex": 0},
				"up": {"uv": [0, 8, 0, 0], "texture": "#0"},
				"down": {"uv": [0, 0, 0, 8], "texture": "#0"}
			}
		}
	],
	"display": {
		"gui": {
			"rotation": [-180, -20, -180],
			"translation": [2.5, -2.25, 0],
			"scale": [0.6, 0.6, 0.6]
		}
	}
}