{
	"credit": "Made with Blockbench",
	"parent": "hideaway:display_parents/back",
	"texture_size": [64, 64],
	"textures": {
		"2": "hideaway:back/fall_nymph_wings",
		"particle": "hideaway:back/fall_nymph_wings"
	},
	"elements": [
		{
			"from": [9.495, 9.995, 10.995],
			"to": [23.005, 12.005, 13.505],
			"rotation": {"angle": -22.5, "axis": "y", "origin": [13.5, 11, 12]},
			"faces": {
				"north": {"uv": [9.258, 7.008, 12.742, 7.492], "texture": "#2"},
				"east": {"uv": [7.508, 5.508, 8.242, 5.992], "texture": "#2"},
				"south": {"uv": [9.258, 7.508, 12.742, 7.992], "texture": "#2"},
				"west": {"uv": [5.258, 8.008, 5.992, 8.492], "texture": "#2"},
				"up": {"uv": [12.742, 6.242, 9.258, 5.508], "texture": "#2"},
				"down": {"uv": [12.742, 6.258, 9.258, 6.992], "texture": "#2"}
			}
		},
		{
			"from": [12, 11.5, 10],
			"to": [23, 13.5, 12],
			"rotation": {"angle": 45, "axis": "z", "origin": [13.5, 11, 12]},
			"faces": {
				"north": {"uv": [9.258, 8.008, 11.992, 8.492], "texture": "#2"},
				"east": {"uv": [6.008, 8.008, 6.492, 8.492], "texture": "#2"},
				"south": {"uv": [9.258, 8.508, 11.992, 8.992], "texture": "#2"},
				"west": {"uv": [8.258, 5.508, 8.742, 5.992], "texture": "#2"},
				"up": {"uv": [11.992, 9.492, 9.258, 9.008], "texture": "#2"},
				"down": {"uv": [7.992, 9.508, 5.258, 9.992], "texture": "#2"}
			}
		},
		{
			"from": [14.5, 13, 11],
			"to": [15.5, 14, 17],
			"rotation": {"angle": 22.5, "axis": "y", "origin": [13.24301, 11, 14.31931]},
			"faces": {
				"north": {"uv": [8.758, 5.508, 8.992, 5.742], "texture": "#2"},
				"east": {"uv": [8.008, 1.758, 9.492, 1.992], "texture": "#2"},
				"south": {"uv": [8.758, 5.758, 8.992, 5.992], "texture": "#2"},
				"west": {"uv": [5.258, 8.508, 6.742, 8.742], "texture": "#2"},
				"up": {"uv": [6.992, 9.492, 6.758, 8.008], "texture": "#2"},
				"down": {"uv": [8.242, 9.508, 8.008, 10.992], "texture": "#2"}
			}
		},
		{
			"from": [14.5, 15.5, 8.5],
			"to": [19.5, 16.5, 9.5],
			"rotation": {"angle": 45, "axis": "y", "origin": [18.44975, 17.36396, 8.5]},
			"faces": {
				"north": {"uv": [5.258, 8.758, 6.492, 8.992], "texture": "#2"},
				"east": {"uv": [6.508, 8.008, 6.742, 8.242], "texture": "#2"},
				"south": {"uv": [5.258, 9.008, 6.492, 9.242], "texture": "#2"},
				"west": {"uv": [6.508, 8.258, 6.742, 8.492], "texture": "#2"},
				"up": {"uv": [6.492, 9.492, 5.258, 9.258], "texture": "#2"},
				"down": {"uv": [10.742, 1.758, 9.508, 1.992], "texture": "#2"}
			}
		},
		{
			"from": [-7.005, 9.995, 10.995],
			"to": [6.505, 12.005, 13.505],
			"rotation": {"angle": 22.5, "axis": "y", "origin": [2.5, 11, 12]},
			"faces": {
				"north": {"uv": [12.742, 7.008, 9.258, 7.492], "texture": "#2"},
				"east": {"uv": [5.992, 8.008, 5.258, 8.492], "texture": "#2"},
				"south": {"uv": [12.742, 7.508, 9.258, 7.992], "texture": "#2"},
				"west": {"uv": [8.242, 5.508, 7.508, 5.992], "texture": "#2"},
				"up": {"uv": [9.258, 6.242, 12.742, 5.508], "texture": "#2"},
				"down": {"uv": [9.258, 6.258, 12.742, 6.992], "texture": "#2"}
			}
		},
		{
			"from": [-3.5, 15.5, 8.5],
			"to": [1.5, 16.5, 9.5],
			"rotation": {"angle": -45, "axis": "y", "origin": [-2.44975, 17.36396, 8.5]},
			"faces": {
				"north": {"uv": [6.492, 8.758, 5.258, 8.992], "texture": "#2"},
				"east": {"uv": [6.742, 8.258, 6.508, 8.492], "texture": "#2"},
				"south": {"uv": [6.492, 9.008, 5.258, 9.242], "texture": "#2"},
				"west": {"uv": [6.742, 8.008, 6.508, 8.242], "texture": "#2"},
				"up": {"uv": [5.258, 9.492, 6.492, 9.258], "texture": "#2"},
				"down": {"uv": [9.508, 1.758, 10.742, 1.992], "texture": "#2"}
			}
		},
		{
			"from": [0.5, 13, 11],
			"to": [1.5, 14, 17],
			"rotation": {"angle": -22.5, "axis": "y", "origin": [2.75699, 11, 14.31931]},
			"faces": {
				"north": {"uv": [8.992, 5.508, 8.758, 5.742], "texture": "#2"},
				"east": {"uv": [6.742, 8.508, 5.258, 8.742], "texture": "#2"},
				"south": {"uv": [8.992, 5.758, 8.758, 5.992], "texture": "#2"},
				"west": {"uv": [9.492, 1.758, 8.008, 1.992], "texture": "#2"},
				"up": {"uv": [6.758, 9.492, 6.992, 8.008], "texture": "#2"},
				"down": {"uv": [8.008, 9.508, 8.242, 10.992], "texture": "#2"}
			}
		},
		{
			"from": [-7, 11.5, 10],
			"to": [4, 13.5, 12],
			"rotation": {"angle": -45, "axis": "z", "origin": [2.5, 11, 12]},
			"faces": {
				"north": {"uv": [11.992, 8.008, 9.258, 8.492], "texture": "#2"},
				"east": {"uv": [8.742, 5.508, 8.258, 5.992], "texture": "#2"},
				"south": {"uv": [11.992, 8.508, 9.258, 8.992], "texture": "#2"},
				"west": {"uv": [6.492, 8.008, 6.008, 8.492], "texture": "#2"},
				"up": {"uv": [9.258, 9.492, 11.992, 9.008], "texture": "#2"},
				"down": {"uv": [5.258, 9.508, 7.992, 9.992], "texture": "#2"}
			}
		},
		{
			"from": [-16, 8.5, 11],
			"to": [0, 16.5, 11],
			"rotation": {"angle": -45, "axis": "z", "origin": [2.5, 11, 12]},
			"faces": {
				"north": {"uv": [3.992, 0.008, 0.008, 1.992], "texture": "#2"},
				"east": {"uv": [0.008, 0.008, 0.008, 1.992], "texture": "#2"},
				"south": {"uv": [3.992, 2.008, 0.008, 3.992], "texture": "#2"},
				"west": {"uv": [0.008, 0.008, 0.008, 1.992], "texture": "#2"},
				"up": {"uv": [0.008, 0.008, 3.992, 0.008], "texture": "#2"},
				"down": {"uv": [0.008, 0.008, 3.992, 0.008], "texture": "#2"}
			}
		},
		{
			"from": [1.75, 10, 16],
			"to": [1.75, 17, 25],
			"rotation": {"angle": -22.5, "axis": "y", "origin": [13.24301, 11, 14.31931]},
			"faces": {
				"north": {"uv": [0.008, 0.008, -0.008, 1.742], "texture": "#2"},
				"east": {"uv": [9.742, 2.008, 7.508, 3.742], "texture": "#2"},
				"south": {"uv": [0.008, 0.008, -0.008, 1.742], "texture": "#2"},
				"west": {"uv": [9.242, 6.008, 7.008, 7.742], "texture": "#2"},
				"up": {"uv": [0.008, 2.242, -0.008, 0.008], "texture": "#2"},
				"down": {"uv": [0.008, 0.008, -0.008, 2.242], "texture": "#2"}
			}
		},
		{
			"from": [-3, 12.5, 2.5],
			"to": [-3, 19.5, 9.5],
			"rotation": {"angle": 45, "axis": "y", "origin": [-2.44975, 17.36396, 8.5]},
			"faces": {
				"north": {"uv": [0.008, 0.008, 0.008, 1.742], "texture": "#2"},
				"east": {"uv": [9.742, 0.008, 8.008, 1.742], "texture": "#2"},
				"south": {"uv": [0.008, 0.008, 0.008, 1.742], "texture": "#2"},
				"west": {"uv": [1.742, 8.008, 0.008, 9.742], "texture": "#2"},
				"up": {"uv": [0.008, 1.742, 0.008, 0.008], "texture": "#2"},
				"down": {"uv": [0.008, 0.008, 0.008, 1.742], "texture": "#2"}
			}
		},
		{
			"from": [-14, 7, 12.25],
			"to": [0, 15, 12.25],
			"rotation": {"angle": 22.5, "axis": "y", "origin": [2.5, 11, 12]},
			"faces": {
				"north": {"uv": [7.492, 2.008, 4.008, 3.992], "texture": "#2"},
				"east": {"uv": [0.008, 0.008, 0.008, 1.992], "texture": "#2"},
				"south": {"uv": [7.492, 4.008, 4.008, 5.992], "texture": "#2"},
				"west": {"uv": [0.008, 0.008, 0.008, 1.992], "texture": "#2"},
				"up": {"uv": [0.008, 0.008, 3.492, 0.008], "texture": "#2"},
				"down": {"uv": [0.008, 0.008, 3.492, 0.008], "texture": "#2"}
			}
		},
		{
			"from": [14.25, 10, 16],
			"to": [14.25, 17, 25],
			"rotation": {"angle": 22.5, "axis": "y", "origin": [2.75699, 11, 14.31931]},
			"faces": {
				"north": {"uv": [0.008, 0.008, -0.008, 1.742], "texture": "#2"},
				"east": {"uv": [7.008, 6.008, 9.242, 7.742], "texture": "#2"},
				"south": {"uv": [0.008, 0.008, -0.008, 1.742], "texture": "#2"},
				"west": {"uv": [7.508, 2.008, 9.742, 3.742], "texture": "#2"},
				"up": {"uv": [0.008, 2.242, -0.008, 0.008], "texture": "#2"},
				"down": {"uv": [0.008, 0.008, -0.008, 2.242], "texture": "#2"}
			}
		},
		{
			"from": [19, 12.5, 2.5],
			"to": [19, 19.5, 9.5],
			"rotation": {"angle": -45, "axis": "y", "origin": [18.44975, 17.36396, 8.5]},
			"faces": {
				"north": {"uv": [0.008, 0.008, -0.008, 1.742], "texture": "#2"},
				"east": {"uv": [0.008, 8.008, 1.742, 9.742], "texture": "#2"},
				"south": {"uv": [0.008, 0.008, -0.008, 1.742], "texture": "#2"},
				"west": {"uv": [8.008, 0.008, 9.742, 1.742], "texture": "#2"},
				"up": {"uv": [0.008, 1.742, -0.008, 0.008], "texture": "#2"},
				"down": {"uv": [0.008, 0.008, -0.008, 1.742], "texture": "#2"}
			}
		},
		{
			"from": [16, 7, 12.25],
			"to": [30, 15, 12.25],
			"rotation": {"angle": -22.5, "axis": "y", "origin": [13.5, 11, 12]},
			"faces": {
				"north": {"uv": [4.008, 2.008, 7.492, 3.992], "texture": "#2"},
				"east": {"uv": [0.008, 0.008, -0.008, 1.992], "texture": "#2"},
				"south": {"uv": [4.008, 4.008, 7.492, 5.992], "texture": "#2"},
				"west": {"uv": [0.008, 0.008, -0.008, 1.992], "texture": "#2"},
				"up": {"uv": [3.492, 0.008, 0.008, -0.008], "texture": "#2"},
				"down": {"uv": [3.492, 0.008, 0.008, -0.008], "texture": "#2"}
			}
		},
		{
			"from": [16, 8.5, 11],
			"to": [32, 16.5, 11],
			"rotation": {"angle": 45, "axis": "z", "origin": [13.5, 11, 12]},
			"faces": {
				"north": {"uv": [0.008, 0.008, 3.992, 1.992], "texture": "#2"},
				"east": {"uv": [0.008, 0.008, -0.008, 1.992], "texture": "#2"},
				"south": {"uv": [0.008, 2.008, 3.992, 3.992], "texture": "#2"},
				"west": {"uv": [0.008, 0.008, -0.008, 1.992], "texture": "#2"},
				"up": {"uv": [3.992, 0.008, 0.008, -0.008], "texture": "#2"},
				"down": {"uv": [3.992, 0.008, 0.008, -0.008], "texture": "#2"}
			}
		},
		{
			"name": "flower",
			"from": [-16, 8.5, 11],
			"to": [0, 16.5, 11],
			"rotation": {"angle": -45, "axis": "z", "origin": [2.5, 11, 12]},
			"faces": {
				"north": {"uv": [3.992, 4.008, 0.008, 5.992], "texture": "#2", "tintindex": 0},
				"east": {"uv": [-0.008, 0.008, -0.258, 1.992], "texture": "#2", "tintindex": 0},
				"south": {"uv": [7.992, 0.008, 4.008, 1.992], "texture": "#2", "tintindex": 0},
				"west": {"uv": [-0.008, 0.008, -0.258, 1.992], "texture": "#2", "tintindex": 0},
				"up": {"uv": [0.008, -0.008, 3.992, -0.258], "texture": "#2", "tintindex": 0},
				"down": {"uv": [0.008, -0.008, 3.992, -0.258], "texture": "#2", "tintindex": 0}
			}
		},
		{
			"name": "flower",
			"from": [16, 7, 12.25],
			"to": [30, 15, 12.25],
			"rotation": {"angle": -22.5, "axis": "y", "origin": [13.5, 11, 12]},
			"faces": {
				"north": {"uv": [0.008, 6.008, 3.492, 7.992], "texture": "#2", "tintindex": 0},
				"east": {"uv": [0.008, 0.008, -0.008, 1.992], "texture": "#2", "tintindex": 0},
				"south": {"uv": [3.508, 6.008, 6.992, 7.992], "texture": "#2", "tintindex": 0},
				"west": {"uv": [0.008, 0.008, -0.008, 1.992], "texture": "#2", "tintindex": 0},
				"up": {"uv": [3.492, 0.008, 0.008, -0.008], "texture": "#2", "tintindex": 0},
				"down": {"uv": [3.492, 0.008, 0.008, -0.008], "texture": "#2", "tintindex": 0}
			}
		},
		{
			"name": "flower",
			"from": [-3, 12.5, 2.5],
			"to": [-3, 19.5, 9.5],
			"rotation": {"angle": 45, "axis": "y", "origin": [-2.44975, 17.36396, 8.5]},
			"faces": {
				"north": {"uv": [-0.008, 0.008, -0.258, 1.742], "texture": "#2", "tintindex": 0},
				"east": {"uv": [5.242, 8.008, 3.508, 9.742], "texture": "#2", "tintindex": 0},
				"south": {"uv": [-0.008, 0.008, -0.258, 1.742], "texture": "#2", "tintindex": 0},
				"west": {"uv": [3.492, 8.008, 1.758, 9.742], "texture": "#2", "tintindex": 0},
				"up": {"uv": [-0.008, 1.742, -0.258, 0.008], "texture": "#2", "tintindex": 0},
				"down": {"uv": [-0.008, 0.008, -0.258, 1.742], "texture": "#2", "tintindex": 0}
			}
		},
		{
			"name": "flower",
			"from": [1.75, 10, 18],
			"to": [1.75, 17, 27],
			"rotation": {"angle": -22.5, "axis": "y", "origin": [13.24301, 11, 14.31931]},
			"faces": {
				"north": {"uv": [-0.008, 0.008, -0.258, 1.742], "texture": "#2", "tintindex": 0},
				"east": {"uv": [9.242, 7.758, 7.008, 9.492], "texture": "#2", "tintindex": 0},
				"south": {"uv": [-0.008, 0.008, -0.258, 1.742], "texture": "#2", "tintindex": 0},
				"west": {"uv": [9.742, 3.758, 7.508, 5.492], "texture": "#2", "tintindex": 0},
				"up": {"uv": [-0.008, 2.242, -0.258, 0.008], "texture": "#2", "tintindex": 0},
				"down": {"uv": [-0.008, 0.008, -0.258, 2.242], "texture": "#2", "tintindex": 0}
			}
		},
		{
			"name": "flower",
			"from": [-14, 7, 12.25],
			"to": [0, 15, 12.25],
			"rotation": {"angle": 22.5, "axis": "y", "origin": [2.5, 11, 12]},
			"faces": {
				"north": {"uv": [3.492, 6.008, 0.008, 7.992], "texture": "#2", "tintindex": 0},
				"east": {"uv": [-0.008, 0.008, -0.258, 1.992], "texture": "#2", "tintindex": 0},
				"south": {"uv": [6.992, 6.008, 3.508, 7.992], "texture": "#2", "tintindex": 0},
				"west": {"uv": [-0.008, 0.008, -0.258, 1.992], "texture": "#2", "tintindex": 0},
				"up": {"uv": [0.008, -0.008, 3.492, -0.258], "texture": "#2", "tintindex": 0},
				"down": {"uv": [0.008, -0.008, 3.492, -0.258], "texture": "#2", "tintindex": 0}
			}
		},
		{
			"name": "flower",
			"from": [16, 8.5, 11],
			"to": [32, 16.5, 11],
			"rotation": {"angle": 45, "axis": "z", "origin": [13.5, 11, 12]},
			"faces": {
				"north": {"uv": [0.008, 4.008, 3.992, 5.992], "texture": "#2", "tintindex": 0},
				"east": {"uv": [0.008, 0.008, -0.008, 1.992], "texture": "#2", "tintindex": 0},
				"south": {"uv": [4.008, 0.008, 7.992, 1.992], "texture": "#2", "tintindex": 0},
				"west": {"uv": [0.008, 0.008, -0.008, 1.992], "texture": "#2", "tintindex": 0},
				"up": {"uv": [3.992, 0.008, 0.008, -0.008], "texture": "#2", "tintindex": 0},
				"down": {"uv": [3.992, 0.008, 0.008, -0.008], "texture": "#2", "tintindex": 0}
			}
		},
		{
			"name": "flower",
			"from": [14.25, 10, 18],
			"to": [14.25, 17, 27],
			"rotation": {"angle": 22.5, "axis": "y", "origin": [2.75699, 11, 14.31931]},
			"faces": {
				"north": {"uv": [0.008, 0.008, -0.008, 1.742], "texture": "#2", "tintindex": 0},
				"east": {"uv": [7.508, 3.758, 9.742, 5.492], "texture": "#2", "tintindex": 0},
				"south": {"uv": [0.008, 0.008, -0.008, 1.742], "texture": "#2", "tintindex": 0},
				"west": {"uv": [7.008, 7.758, 9.242, 9.492], "texture": "#2", "tintindex": 0},
				"up": {"uv": [0.008, 2.242, -0.008, 0.008], "texture": "#2", "tintindex": 0},
				"down": {"uv": [0.008, 0.008, -0.008, 2.242], "texture": "#2", "tintindex": 0}
			}
		},
		{
			"name": "flower",
			"from": [19, 12.5, 2.5],
			"to": [19, 19.5, 9.5],
			"rotation": {"angle": -45, "axis": "y", "origin": [18.44975, 17.36396, 8.5]},
			"faces": {
				"north": {"uv": [0.008, 0.008, -0.008, 1.742], "texture": "#2", "tintindex": 0},
				"east": {"uv": [1.758, 8.008, 3.492, 9.742], "texture": "#2", "tintindex": 0},
				"south": {"uv": [0.008, 0.008, -0.008, 1.742], "texture": "#2", "tintindex": 0},
				"west": {"uv": [3.508, 8.008, 5.242, 9.742], "texture": "#2", "tintindex": 0},
				"up": {"uv": [0.008, 1.742, -0.008, 0.008], "texture": "#2", "tintindex": 0},
				"down": {"uv": [0.008, 0.008, -0.008, 1.742], "texture": "#2", "tintindex": 0}
			}
		}
	],
	"display": {
		"gui": {
			"rotation": [30, 45, 0],
			"translation": [-2.25, -1.75, 0],
			"scale": [0.44, 0.44, 0.44]
		}
	},
	"groups": [
		0,
		1,
		2,
		3,
		4,
		5,
		6,
		7,
		{
			"name": "group",
			"origin": [13.5, 8, 12],
			"color": 0,
			"nbt": "{}",
			"armAnimationEnabled": false,
			"children": [8, 9, 10, 11, 12, 13, 14, 15]
		},
		{
			"name": "group",
			"origin": [18.44975, 14.36396, 8.5],
			"color": 0,
			"nbt": "{}",
			"armAnimationEnabled": false,
			"children": [16, 17, 18, 19, 20, 21, 22, 23]
		}
	]
}