{
	"credit": "Made with Blockbench",
	"parent": "hideaway:display_parents/back",
	"texture_size": [64, 64],
	"textures": {
		"1": "hideaway:back/fancy_bag_animation",
		"2": "hideaway:back/fancy_bag",
		"particle": "hideaway:back/fancy_bag_animation"
	},
	"elements": [
		{
			"from": [3, 2.25, 5],
			"to": [13, 14.25, 10],
			"rotation": {"angle": 0, "axis": "y", "origin": [8, 12, 8]},
			"faces": {
				"north": {"uv": [2.492, 1.258, 0.008, 4.242], "texture": "#2", "tintindex": 0},
				"east": {"uv": [3.742, 1.258, 2.508, 4.242], "texture": "#2", "tintindex": 0},
				"west": {"uv": [2.508, 1.258, 3.742, 4.242], "texture": "#2", "tintindex": 0},
				"up": {"uv": [0.008, 1.242, 2.492, 0.008], "texture": "#2", "tintindex": 0},
				"down": {"uv": [4.992, 0.008, 2.508, 1.242], "texture": "#2", "tintindex": 0}
			}
		},
		{
			"name": "cube inverted",
			"from": [13, 14.25, 10],
			"to": [3, 2.25, 5],
			"rotation": {"angle": 0, "axis": "y", "origin": [8, 12, 8]},
			"faces": {
				"east": {"uv": [2.508, 4.242, 3.8125, 1.258], "texture": "#2", "tintindex": 0},
				"south": {"uv": [2.492, 4.242, 0.008, 1.258], "texture": "#2", "tintindex": 0},
				"west": {"uv": [3.8125, 4.242, 2.508, 1.258], "texture": "#2", "tintindex": 0},
				"up": {"uv": [2.508, 0.008, 4.992, 1.242], "texture": "#2", "tintindex": 0},
				"down": {"uv": [2.492, 1.242, 0.008, 0.008], "texture": "#2", "tintindex": 0}
			}
		},
		{
			"name": "cube inverted",
			"from": [11, 17.75, 12.25],
			"to": [5, 14.75, 10.25],
			"rotation": {"angle": 22.5, "axis": "x", "origin": [8, 15.5, 11]},
			"faces": {
				"east": {"uv": [4.492, 1.758, 3.758, 2.242], "rotation": 90, "texture": "#2", "tintindex": 0},
				"west": {"uv": [4.492, 2.242, 3.758, 1.758], "rotation": 90, "texture": "#2", "tintindex": 0},
				"down": {"uv": [5.242, 1.258, 3.758, 1.742], "texture": "#2", "tintindex": 0}
			}
		},
		{
			"from": [5, 14.75, 10.25],
			"to": [11, 17.75, 12.25],
			"rotation": {"angle": 22.5, "axis": "x", "origin": [8, 15.5, 11]},
			"faces": {
				"east": {"uv": [3.758, 2.242, 4.492, 1.758], "rotation": 90, "texture": "#2", "tintindex": 0},
				"west": {"uv": [3.758, 1.758, 4.492, 2.242], "rotation": 90, "texture": "#2", "tintindex": 0},
				"up": {"uv": [3.758, 1.258, 5.242, 1.742], "texture": "#2", "tintindex": 0}
			}
		},
		{
			"from": [12, 3.25, 19],
			"to": [13, 5.25, 19],
			"rotation": {"angle": -22.5, "axis": "x", "origin": [12.5, 5.25, 19]},
			"faces": {
				"north": {"uv": [4.992, 1.758, 4.758, 2.242], "texture": "#2", "tintindex": 0},
				"south": {"uv": [4.992, 1.758, 4.758, 2.242], "texture": "#2", "tintindex": 0}
			}
		},
		{
			"from": [14, 3.25, 13],
			"to": [14, 5.25, 14],
			"rotation": {"angle": 22.5, "axis": "z", "origin": [14, 5.25, 13.5]},
			"faces": {
				"east": {"uv": [4.992, 1.758, 4.758, 2.242], "texture": "#2", "tintindex": 0},
				"west": {"uv": [4.992, 1.758, 4.758, 2.242], "texture": "#2", "tintindex": 0}
			}
		},
		{
			"from": [14, 0.75, 12.25],
			"to": [17, 3.75, 15.25],
			"rotation": {"angle": 22.5, "axis": "z", "origin": [15.5, 2, 13.75]},
			"faces": {
				"north": {"uv": [4.508, 2.258, 5.242, 2.992], "rotation": 270, "texture": "#2", "tintindex": 0},
				"east": {"uv": [4.492, 2.258, 3.758, 2.992], "rotation": 180, "texture": "#2", "tintindex": 0},
				"south": {"uv": [5.242, 2.258, 4.508, 2.992], "rotation": 90, "texture": "#2", "tintindex": 0},
				"west": {"uv": [4.508, 3.742, 5.242, 3.008], "rotation": 90, "texture": "#2", "tintindex": 0},
				"up": {"uv": [4.508, 3.008, 5.242, 3.742], "rotation": 90, "texture": "#2", "tintindex": 0},
				"down": {"uv": [4.242, 2.258, 3.758, 2.992], "rotation": 90, "texture": "#2", "tintindex": 0}
			}
		},
		{
			"from": [2, 2.25, 10],
			"to": [14, 15.25, 16],
			"rotation": {"angle": 0, "axis": "y", "origin": [0, 0, 16]},
			"faces": {
				"north": {"uv": [2.992, 9.008, 0.008, 12.242], "texture": "#2"},
				"east": {"uv": [3.008, 4.258, 4.492, 7.492], "texture": "#2"},
				"south": {"uv": [2.992, 4.258, 0.008, 7.492], "texture": "#2"},
				"west": {"uv": [4.492, 4.258, 3.008, 7.492], "texture": "#2"},
				"up": {"uv": [0.008, 7.508, 2.992, 8.992], "texture": "#2"},
				"down": {"uv": [4.492, 7.508, 3.008, 10.492], "rotation": 90, "texture": "#2"}
			}
		},
		{
			"from": [2, 2.25, 16],
			"to": [14, 9.25, 19],
			"rotation": {"angle": 0, "axis": "y", "origin": [0, 0, 16]},
			"faces": {
				"east": {"uv": [3.008, 10.508, 3.742, 12.242], "texture": "#2"},
				"south": {"uv": [7.492, 5.008, 4.508, 6.742], "texture": "#2"},
				"west": {"uv": [3.742, 10.508, 3.008, 12.242], "texture": "#2"},
				"up": {"uv": [4.508, 4.258, 7.492, 4.992], "texture": "#2"},
				"down": {"uv": [4.508, 6.758, 7.492, 7.492], "texture": "#2"}
			}
		},
		{
			"from": [-2.25, 3.05, 10.5],
			"to": [2.25, 8.55, 15],
			"rotation": {"angle": 0, "axis": "y", "origin": [0, 8, 12.75]},
			"faces": {
				"north": {"uv": [2.992, 13.508, 2.008, 14.742], "texture": "#2"},
				"south": {"uv": [2.008, 13.508, 2.992, 14.742], "texture": "#2"},
				"west": {"uv": [0.992, 13.508, 0.008, 14.742], "texture": "#2"},
				"up": {"uv": [0, 0, 0, 0], "texture": "#2"},
				"down": {"uv": [1.992, 14.242, 1.008, 13.258], "texture": "#2"}
			}
		},
		{
			"from": [-0.68414, 0.25, 19.65901],
			"to": [4.31586, 5.25, 19.65901],
			"rotation": {"angle": -45, "axis": "y", "origin": [2.56586, 2.75, 19.40901]},
			"faces": {
				"north": {"uv": [0, 10, 5, 15], "texture": "#1"},
				"south": {"uv": [0, 10, 5, 15], "texture": "#1"}
			}
		},
		{
			"from": [-2.54899, 7.25, 7.15685],
			"to": [-2.54899, 12.25, 12.15685],
			"rotation": {"angle": -45, "axis": "x", "origin": [-3.29899, 12.75, 12.65685]},
			"faces": {
				"east": {"uv": [0, 5, 5, 10], "texture": "#1"},
				"west": {"uv": [0, 5, 5, 10], "texture": "#1"}
			}
		},
		{
			"from": [14.16609, 11.93925, 13.65685],
			"to": [14.16609, 16.93925, 18.65685],
			"rotation": {"angle": -22.5, "axis": "y", "origin": [14.16609, 14.43925, 16.65685]},
			"faces": {
				"east": {"uv": [0, 0, 5, 5], "texture": "#1"},
				"west": {"uv": [0, 0, 5, 5], "texture": "#1"}
			}
		},
		{
			"from": [-2, 8, 10.75],
			"to": [2, 13, 14.75],
			"rotation": {"angle": 0, "axis": "y", "origin": [0, 8, 12.75]},
			"faces": {
				"north": {"uv": [5.992, 12.258, 5.008, 13.492], "texture": "#2", "tintindex": 0},
				"south": {"uv": [5.008, 12.258, 5.992, 13.492], "texture": "#2", "tintindex": 0},
				"west": {"uv": [3.992, 12.258, 3.008, 13.492], "texture": "#2", "tintindex": 0},
				"up": {"uv": [4.008, 13.242, 4.992, 12.258], "rotation": 90, "texture": "#2", "tintindex": 0},
				"down": {"uv": [4.008, 14.242, 4.992, 13.258], "texture": "#2", "tintindex": 0}
			}
		},
		{
			"from": [-2, 8, 10.75],
			"to": [2, 13, 14.75],
			"rotation": {"angle": 0, "axis": "y", "origin": [0, 8, 12.75]},
			"faces": {
				"north": {"uv": [2.992, 12.258, 2.008, 13.492], "texture": "#2", "tintindex": 0},
				"south": {"uv": [2.008, 12.258, 2.992, 13.492], "texture": "#2", "tintindex": 0},
				"west": {"uv": [0.992, 12.258, 0.008, 13.492], "texture": "#2", "tintindex": 0},
				"up": {"uv": [1.008, 13.242, 1.992, 12.258], "rotation": 90, "texture": "#2", "tintindex": 0},
				"down": {"uv": [1.008, 14.242, 1.992, 13.258], "texture": "#2", "tintindex": 0}
			}
		}
	],
	"display": {
		"gui": {
			"rotation": [0, 46.5, 0],
			"translation": [-2, 0, 0],
			"scale": [0.6, 0.6, 0.6]
		}
	},
	"groups": [
		{
			"name": "group",
			"origin": [8, 8, 8],
			"color": 0,
			"nbt": "{}",
			"children": [
				{
					"name": "group",
					"origin": [8, 15.5, 5],
					"color": 0,
					"nbt": "{}",
					"children": [0, 1, 2, 3, 4, 5, 6]
				},
				{
					"name": "group",
					"origin": [0, 0, 0],
					"color": 0,
					"nbt": "{}",
					"children": [7, 8, 9, 10, 11, 12]
				}
			]
		},
		13,
		14
	],
	"__credit": "Generated using Animated Java (https://animated-java.dev/)"
}