{
	"credit": "Made by Ziqqy using Blockbench",
	"parent": "hideaway:display_parents/back",
	"texture_size": [32, 32],
	"textures": {
		"1": "hideaway:back/fancy_ghosts_back",
		"particle": "hideaway:back/fancy_ghosts_back"
	},
	"elements": [
		{
			"from": [-7, 5, 14.1],
			"to": [19, 28, 14.1],
			"rotation": {"angle": 0, "axis": "y", "origin": [7, 16, 14.1]},
			"faces": {
				"north": {"uv": [2.5, 2, 15.5, 13.5], "texture": "#1"},
				"south": {"uv": [15.5, 2, 2.5, 13.5], "texture": "#1"}
			}
		}
	],
	"display": {
		"gui": {
			"rotation": [30, -135, 0],
			"translation": [2.25, -6.75, 0],
			"scale": [0.6, 0.6, 0.6]
		}
	},
	"groups": [
		{
			"name": "group",
			"origin": [8, 8, 8],
			"color": 0,
			"children": [0]
		}
	],
	"__credit": "Generated using Animated Java (https://animated-java.dev/)"
}