{
	"credit": "Made with Blockbench",
	"parent": "hideaway:display_parents/back",
	"texture_size": [32, 32],
	"textures": {
		"1": "hideaway:back/fancy_ribbon"
	},
	"elements": [
		{
			"from": [1, 8, 12],
			"to": [8, 14, 14],
			"rotation": {"angle": 45, "axis": "y", "origin": [4.5, 11, 14]},
			"faces": {
				"north": {"uv": [4.484, 4.016, 1.016, 6.984], "texture": "#1"},
				"east": {"uv": [7.016, 2.516, 9.984, 3.484], "rotation": 90, "texture": "#1"},
				"south": {"uv": [1.016, 1.016, 4.484, 3.984], "texture": "#1"},
				"west": {"uv": [0.016, 1.016, 0.984, 3.984], "texture": "#1"},
				"up": {"uv": [1.016, 0.016, 4.484, 0.984], "texture": "#1"},
				"down": {"uv": [0.984, 4.016, 0.016, 7.484], "rotation": 90, "texture": "#1"}
			}
		},
		{
			"from": [11.75, 8, 11.1],
			"to": [16.75, 12, 13.1],
			"rotation": {"angle": -45, "axis": "z", "origin": [11.5, 12, 14.25]},
			"faces": {
				"north": {"uv": [10.016, 0.016, 12.484, 1.984], "texture": "#1"},
				"east": {"uv": [8.984, 4.516, 8.016, 6.484], "texture": "#1"},
				"south": {"uv": [7.984, 7.484, 5.516, 5.516], "texture": "#1"},
				"west": {"uv": [5.484, 4.516, 4.516, 6.484], "texture": "#1"},
				"up": {"uv": [7.984, 4.516, 5.516, 5.484], "texture": "#1"},
				"down": {"uv": [5.984, 7.484, 5.016, 5.016], "rotation": 90, "texture": "#1"}
			}
		},
		{
			"from": [-0.75, 8, 11.1],
			"to": [4.25, 12, 13.1],
			"rotation": {"angle": 45, "axis": "z", "origin": [4.5, 12, 14.25]},
			"faces": {
				"north": {"uv": [12.484, 0.016, 10.016, 1.984], "texture": "#1"},
				"east": {"uv": [4.516, 4.516, 5.484, 6.484], "texture": "#1"},
				"south": {"uv": [5.516, 5.516, 7.984, 7.484], "texture": "#1"},
				"west": {"uv": [8.016, 4.516, 8.984, 6.484], "texture": "#1"},
				"up": {"uv": [5.516, 4.516, 7.984, 5.484], "texture": "#1"},
				"down": {"uv": [5.984, 5.016, 5.016, 7.484], "rotation": 90, "texture": "#1"}
			}
		},
		{
			"from": [-0.75, 10, 11.1],
			"to": [4.25, 14, 13.1],
			"rotation": {"angle": -45, "axis": "z", "origin": [4.5, 10, 14.25]},
			"faces": {
				"north": {"uv": [12.484, 1.984, 10.016, 0.016], "texture": "#1"},
				"east": {"uv": [4.516, 6.484, 5.484, 4.516], "texture": "#1"},
				"south": {"uv": [5.516, 7.484, 7.984, 5.516], "texture": "#1"},
				"west": {"uv": [8.016, 6.484, 8.984, 4.516], "texture": "#1"},
				"up": {"uv": [5.016, 5.016, 5.984, 7.484], "rotation": 90, "texture": "#1"},
				"down": {"uv": [5.516, 5.484, 7.984, 4.516], "texture": "#1"}
			}
		},
		{
			"from": [11.75, 10, 11.1],
			"to": [16.75, 14, 13.1],
			"rotation": {"angle": 45, "axis": "z", "origin": [11.5, 10, 14.25]},
			"faces": {
				"north": {"uv": [10.016, 1.984, 12.484, 0.016], "texture": "#1"},
				"east": {"uv": [8.984, 6.484, 8.016, 4.516], "texture": "#1"},
				"south": {"uv": [7.984, 5.516, 5.516, 7.484], "texture": "#1"},
				"west": {"uv": [5.484, 6.484, 4.516, 4.516], "texture": "#1"},
				"up": {"uv": [5.016, 7.484, 5.984, 5.016], "rotation": 90, "texture": "#1"},
				"down": {"uv": [7.984, 5.484, 5.516, 4.516], "texture": "#1"}
			}
		},
		{
			"from": [-9.69239, 0.49264, 11.35],
			"to": [6.30761, 12.49264, 11.35],
			"rotation": {"angle": 22.5, "axis": "z", "origin": [-0.69239, 6.49264, 12.6]},
			"faces": {
				"north": {"uv": [7.984, 9.016, 0.016, 14.984], "rotation": 180, "texture": "#1"},
				"south": {"uv": [0.016, 9.016, 7.984, 14.984], "rotation": 180, "texture": "#1"}
			}
		},
		{
			"from": [-3, -8.25, 11.6],
			"to": [9, 7.75, 11.6],
			"rotation": {"angle": -45, "axis": "z", "origin": [8.5, 2.25, 13.35]},
			"faces": {
				"north": {"uv": [7.984, 9.016, 0.016, 14.984], "rotation": 270, "texture": "#1"},
				"south": {"uv": [0.016, 9.016, 7.984, 14.984], "rotation": 90, "texture": "#1"}
			}
		},
		{
			"from": [8, 8, 12],
			"to": [15, 14, 14],
			"rotation": {"angle": -45, "axis": "y", "origin": [11.5, 11, 14]},
			"faces": {
				"north": {"uv": [1.016, 4.016, 4.484, 6.984], "texture": "#1"},
				"east": {"uv": [0.984, 1.016, 0.016, 3.984], "texture": "#1"},
				"south": {"uv": [4.484, 1.016, 1.016, 3.984], "texture": "#1"},
				"west": {"uv": [7.016, 3.484, 9.984, 2.516], "rotation": 90, "texture": "#1"},
				"up": {"uv": [4.484, 0.016, 1.016, 0.984], "texture": "#1"},
				"down": {"uv": [0.984, 7.484, 0.016, 4.016], "rotation": 90, "texture": "#1"}
			}
		},
		{
			"from": [5.5, 8.4, 10],
			"to": [10.5, 13.4, 14],
			"rotation": {"angle": 0, "axis": "y", "origin": [0, 3, 3]},
			"faces": {
				"north": {"uv": [4.516, 0.016, 6.984, 2.484], "texture": "#1"},
				"east": {"uv": [7.016, 0.016, 8.984, 2.484], "texture": "#1"},
				"south": {"uv": [4.516, 0.016, 6.984, 2.484], "texture": "#1"},
				"west": {"uv": [8.984, 0.016, 7.016, 2.484], "texture": "#1"},
				"up": {"uv": [4.516, 2.516, 6.984, 4.484], "texture": "#1"},
				"down": {"uv": [7.016, 4.484, 9.484, 2.516], "texture": "#1"}
			}
		}
	],
	"display": {
		"gui": {
			"rotation": [30, 45, 0],
			"translation": [0, 2, 0],
			"scale": [0.72, 0.72, 0.72]
		}
	},
	"groups": [
		{
			"name": "group",
			"origin": [0, 0, 0],
			"color": 0,
			"nbt": "{}",
			"armAnimationEnabled": false,
			"children": [0, 1, 2, 3, 4, 5, 6, 7, 8]
		}
	]
}