{
	"credit": "Made by CookiesNom with Blockbench",
	"parent": "hideaway:display_parents/back",
	"texture_size": [32, 32],
	"textures": {
		"0": "hideaway:back/fanny_pack",
		"particle": "hideaway:back/fanny_pack"
	},
	"elements": [
		{
			"from": [3.5, 1.5, 5.5],
			"to": [12.5, 4.5, 10.5],
			"rotation": {"angle": 0, "axis": "y", "origin": [4.5, 1.5, 6.5]},
			"faces": {
				"north": {"uv": [4.516, 0.016, 8.984, 1.484], "texture": "#0"},
				"east": {"uv": [3.016, 5.016, 5.484, 6.484], "texture": "#0"},
				"south": {"uv": [4.516, 1.516, 8.984, 2.984], "texture": "#0"},
				"west": {"uv": [5.516, 5.016, 7.984, 6.484], "texture": "#0"},
				"up": {"uv": [4.484, 2.484, 0.016, 0.016], "texture": "#0"},
				"down": {"uv": [4.484, 2.516, 0.016, 4.984], "texture": "#0"}
			}
		},
		{
			"from": [4, 0, 4],
			"to": [10, 4, 6],
			"rotation": {"angle": 0, "axis": "y", "origin": [4, 2, 3]},
			"faces": {
				"north": {"uv": [4.516, 3.016, 7.484, 4.984], "texture": "#0", "tintindex": 0},
				"east": {"uv": [0.016, 7.016, 0.984, 8.984], "texture": "#0", "tintindex": 0},
				"south": {"uv": [0.016, 5.016, 2.984, 6.984], "texture": "#0", "tintindex": 0},
				"west": {"uv": [1.016, 7.016, 1.984, 8.984], "texture": "#0", "tintindex": 0},
				"up": {"uv": [5.984, 7.484, 3.016, 6.516], "texture": "#0", "tintindex": 0},
				"down": {"uv": [8.984, 6.516, 6.016, 7.484], "texture": "#0", "tintindex": 0}
			}
		},
		{
			"from": [4, 2, 3.99],
			"to": [10, 3, 3.99],
			"rotation": {"angle": 0, "axis": "y", "origin": [4, 2, 3]},
			"faces": {
				"north": {"uv": [2.016, 7.516, 4.984, 7.984], "texture": "#0"},
				"east": {"uv": [0.016, 0.016, 0.016, 0.484], "texture": "#0"},
				"south": {"uv": [7.516, 3.016, 10.484, 3.484], "texture": "#0"},
				"west": {"uv": [0.016, 0.016, 0.016, 0.484], "texture": "#0"},
				"up": {"uv": [2.984, 0.016, 0.016, 0.016], "texture": "#0"},
				"down": {"uv": [2.984, 0.016, 0.016, 0.016], "texture": "#0"}
			}
		}
	],
	"display": {
		"gui": {
			"rotation": [30, 225, 0],
			"translation": [-0.25, 6.75, 0],
			"scale": [1.34, 1.34, 1.34]
		}
	}
}