{
	"credit": "Made with Blockbench",
	"parent": "hideaway:display_parents/back",
	"texture_size": [64, 64],
	"textures": {
		"2": "hideaway:back/festive_bow"
	},
	"elements": [
		{
			"name": "color",
			"from": [-2, 1.5, 12],
			"to": [18, 11.5, 12],
			"rotation": {"angle": 0, "axis": "y", "origin": [0, -1, 0]},
			"faces": {
				"north": {"uv": [0, 3.75, 5, 6.25], "texture": "#2", "tintindex": 0},
				"east": {"uv": [0, 0, 0, 2.5], "texture": "#2", "tintindex": 0},
				"south": {"uv": [0, 3.75, 5, 6.25], "texture": "#2", "tintindex": 0},
				"west": {"uv": [0, 0, 0, 2.5], "texture": "#2", "tintindex": 0},
				"up": {"uv": [5, 0, 0, 0], "texture": "#2", "tintindex": 0},
				"down": {"uv": [5, 0, 0, 0], "texture": "#2", "tintindex": 0}
			}
		},
		{
			"name": "color",
			"from": [-2, 1.5, 11.25],
			"to": [18, 11.5, 11.25],
			"rotation": {"angle": -45, "axis": "z", "origin": [8, 7, 12]},
			"faces": {
				"north": {"uv": [9, 0, 14, 2.5], "texture": "#2", "tintindex": 0},
				"east": {"uv": [0, 0, 0, 2.5], "texture": "#2", "tintindex": 0},
				"south": {"uv": [9, 0, 14, 2.5], "texture": "#2", "tintindex": 0},
				"west": {"uv": [0, 0, 0, 2.5], "texture": "#2", "tintindex": 0},
				"up": {"uv": [5, 0, 0, 0], "texture": "#2", "tintindex": 0},
				"down": {"uv": [5, 0, 0, 0], "texture": "#2", "tintindex": 0}
			}
		},
		{
			"name": "color",
			"from": [-2, 1.5, 11.5],
			"to": [18, 11.5, 11.5],
			"rotation": {"angle": 45, "axis": "z", "origin": [8, 7, 12]},
			"faces": {
				"north": {"uv": [9, 0, 14, 2.5], "texture": "#2", "tintindex": 0},
				"east": {"uv": [0, 0, 0, 2.5], "texture": "#2", "tintindex": 0},
				"south": {"uv": [9, 0, 14, 2.5], "texture": "#2", "tintindex": 0},
				"west": {"uv": [0, 0, 0, 2.5], "texture": "#2", "tintindex": 0},
				"up": {"uv": [5, 0, 0, 0], "texture": "#2", "tintindex": 0},
				"down": {"uv": [5, 0, 0, 0], "texture": "#2", "tintindex": 0}
			}
		},
		{
			"name": "color",
			"from": [6, 4.5, 10],
			"to": [10, 9.5, 13],
			"rotation": {"angle": 0, "axis": "y", "origin": [0, -1, 0]},
			"faces": {
				"north": {"uv": [6, 4.5, 7, 5.75], "texture": "#2", "tintindex": 0},
				"east": {"uv": [7.75, 4.5, 8.5, 5.75], "texture": "#2", "tintindex": 0},
				"south": {"uv": [0, 14, 1, 15.25], "texture": "#2", "tintindex": 0},
				"west": {"uv": [2, 14, 2.75, 15.25], "texture": "#2", "tintindex": 0},
				"up": {"uv": [4.5, 14.75, 3.5, 14], "texture": "#2", "tintindex": 0},
				"down": {"uv": [10.25, 4.75, 9.25, 5.5], "texture": "#2", "tintindex": 0}
			}
		},
		{
			"name": "color",
			"from": [-1, -6.25, 11],
			"to": [17, 6.75, 11],
			"rotation": {"angle": -22.5, "axis": "x", "origin": [8, 7, 15]},
			"faces": {
				"north": {"uv": [0, 0, 4.5, 3.25], "texture": "#2", "tintindex": 0},
				"east": {"uv": [0, 0, 0, 3.25], "texture": "#2", "tintindex": 0},
				"south": {"uv": [0, 0, 4.5, 3.25], "texture": "#2", "tintindex": 0},
				"west": {"uv": [0, 0, 0, 3.25], "texture": "#2", "tintindex": 0},
				"up": {"uv": [4.5, 0, 0, 0], "texture": "#2", "tintindex": 0},
				"down": {"uv": [4.5, 0, 0, 0], "texture": "#2", "tintindex": 0}
			}
		},
		{
			"name": "white",
			"from": [-2, 1.5, 11.25],
			"to": [18, 11.5, 11.25],
			"rotation": {"angle": -45, "axis": "z", "origin": [8, 7, 12]},
			"faces": {
				"north": {"uv": [0, 8.75, 5, 11.25], "texture": "#2"},
				"east": {"uv": [0, 0, 0, 2.5], "texture": "#2"},
				"south": {"uv": [0, 8.75, 5, 11.25], "texture": "#2"},
				"west": {"uv": [0, 0, 0, 2.5], "texture": "#2"},
				"up": {"uv": [5, 0, 0, 0], "texture": "#2"},
				"down": {"uv": [5, 0, 0, 0], "texture": "#2"}
			}
		},
		{
			"name": "white",
			"from": [-2, 1.5, 12],
			"to": [18, 11.5, 12],
			"rotation": {"angle": 0, "axis": "y", "origin": [0, -1, 0]},
			"faces": {
				"north": {"uv": [0, 6.25, 5, 8.75], "texture": "#2"},
				"east": {"uv": [0, 0, 0, 2.5], "texture": "#2"},
				"south": {"uv": [0, 6.25, 5, 8.75], "texture": "#2"},
				"west": {"uv": [0, 0, 0, 2.5], "texture": "#2"},
				"up": {"uv": [5, 0, 0, 0], "texture": "#2"},
				"down": {"uv": [5, 0, 0, 0], "texture": "#2"}
			}
		},
		{
			"name": "white",
			"from": [-2, 1.5, 11.5],
			"to": [18, 11.5, 11.5],
			"rotation": {"angle": 45, "axis": "z", "origin": [8, 7, 12]},
			"faces": {
				"north": {"uv": [0, 8.75, 5, 11.25], "texture": "#2"},
				"east": {"uv": [0, 0, 0, 2.5], "texture": "#2"},
				"south": {"uv": [0, 8.75, 5, 11.25], "texture": "#2"},
				"west": {"uv": [0, 0, 0, 2.5], "texture": "#2"},
				"up": {"uv": [5, 0, 0, 0], "texture": "#2"},
				"down": {"uv": [5, 0, 0, 0], "texture": "#2"}
			}
		},
		{
			"name": "white",
			"from": [6, 4.5, 10],
			"to": [10, 9.5, 13],
			"rotation": {"angle": 0, "axis": "y", "origin": [0, -1, 0]},
			"faces": {
				"north": {"uv": [12.5, 4.5, 13.5, 5.75], "texture": "#2"},
				"east": {"uv": [11, 4.5, 11.75, 5.75], "texture": "#2"},
				"south": {"uv": [6.25, 7, 7.25, 8.25], "texture": "#2"},
				"west": {"uv": [8, 7, 8.75, 8.25], "texture": "#2"},
				"up": {"uv": [10.75, 7.75, 9.75, 7], "texture": "#2"},
				"down": {"uv": [11.75, 7, 10.75, 7.75], "texture": "#2"}
			}
		},
		{
			"name": "white",
			"from": [-1, -6.25, 11],
			"to": [17, 6.75, 11],
			"rotation": {"angle": -22.5, "axis": "x", "origin": [8, 7, 15]},
			"faces": {
				"north": {"uv": [4.5, 0, 9, 3.25], "texture": "#2"},
				"east": {"uv": [0, 0, 0, 3.25], "texture": "#2"},
				"south": {"uv": [4.5, 0, 9, 3.25], "texture": "#2"},
				"west": {"uv": [0, 0, 0, 3.25], "texture": "#2"},
				"up": {"uv": [4.5, 0, 0, 0], "texture": "#2"},
				"down": {"uv": [4.5, 0, 0, 0], "texture": "#2"}
			}
		}
	],
	"display": {
		"gui": {
			"rotation": [18, -41.5, 0],
			"translation": [1.75, 2.5, 0],
			"scale": [0.6, 0.6, 0.6]
		}
	}
}