{
	"credit": "Made with Blockbench",
	"parent": "hideaway:display_parents/back",
	"texture_size": [64, 64],
	"textures": {
		"1": "hideaway:back/festive_backhorns"
	},
	"elements": [
		{
			"from": [17.01694, 10.25, 11.57093],
			"to": [18.01694, 11.25, 12.57093],
			"rotation": {"angle": 22.5, "axis": "y", "origin": [18.26694, 10.75, 12.82093]},
			"faces": {
				"north": {"uv": [0.242, 15.258, 0.008, 15.492], "rotation": 180, "texture": "#1"},
				"east": {"uv": [0.008, 15.492, 0.242, 15.258], "rotation": 270, "texture": "#1"},
				"south": {"uv": [0.242, 15.258, 0.008, 15.492], "texture": "#1"},
				"west": {"uv": [0.008, 15.492, 0.242, 15.258], "rotation": 90, "texture": "#1"},
				"up": {"uv": [0.242, 15.258, 0.008, 15.492], "texture": "#1"},
				"down": {"uv": [0.242, 15.258, 0.008, 15.492], "rotation": 180, "texture": "#1"}
			}
		},
		{
			"name": "cube inverted",
			"from": [18.11694, 11.35, 12.67093],
			"to": [16.91694, 10.15, 11.47093],
			"rotation": {"angle": 22.5, "axis": "y", "origin": [18.26694, 10.75, 12.82093]},
			"faces": {
				"north": {"uv": [0.008, 15.008, 0.242, 15.242], "rotation": 180, "texture": "#1"},
				"east": {"uv": [0.008, 15.008, 0.242, 15.242], "rotation": 270, "texture": "#1"},
				"south": {"uv": [0.008, 15.008, 0.242, 15.242], "texture": "#1"},
				"west": {"uv": [0.008, 15.008, 0.242, 15.242], "rotation": 90, "texture": "#1"},
				"up": {"uv": [0.242, 15.242, 0.008, 15.008], "texture": "#1"},
				"down": {"uv": [0.242, 15.242, 0.008, 15.008], "rotation": 180, "texture": "#1"}
			}
		},
		{
			"from": [27.71664, 2.25, 19.85114],
			"to": [28.71664, 3.25, 20.85114],
			"rotation": {"angle": 22.5, "axis": "y", "origin": [22.21664, 6.75, 16.35114]},
			"faces": {
				"north": {"uv": [0.242, 15.258, 0.008, 15.492], "rotation": 180, "texture": "#1"},
				"east": {"uv": [0.008, 15.492, 0.242, 15.258], "rotation": 270, "texture": "#1"},
				"south": {"uv": [0.242, 15.258, 0.008, 15.492], "texture": "#1"},
				"west": {"uv": [0.008, 15.492, 0.242, 15.258], "rotation": 90, "texture": "#1"},
				"up": {"uv": [0.242, 15.258, 0.008, 15.492], "texture": "#1"},
				"down": {"uv": [0.242, 15.258, 0.008, 15.492], "rotation": 180, "texture": "#1"}
			}
		},
		{
			"name": "cube inverted",
			"from": [28.81664, 3.35, 20.95114],
			"to": [27.61664, 2.15, 19.75114],
			"rotation": {"angle": 22.5, "axis": "y", "origin": [22.21664, 6.75, 16.35114]},
			"faces": {
				"north": {"uv": [0.008, 15.008, 0.242, 15.242], "rotation": 180, "texture": "#1"},
				"east": {"uv": [0.008, 15.008, 0.242, 15.242], "rotation": 270, "texture": "#1"},
				"south": {"uv": [0.008, 15.008, 0.242, 15.242], "texture": "#1"},
				"west": {"uv": [0.008, 15.008, 0.242, 15.242], "rotation": 90, "texture": "#1"},
				"up": {"uv": [0.242, 15.242, 0.008, 15.008], "texture": "#1"},
				"down": {"uv": [0.242, 15.242, 0.008, 15.008], "rotation": 180, "texture": "#1"}
			}
		},
		{
			"from": [18.38478, 2.5, 13.4922],
			"to": [19.38478, 3.5, 14.4922],
			"rotation": {"angle": -22.5, "axis": "y", "origin": [18.88478, 3, 13.9922]},
			"faces": {
				"north": {"uv": [0.008, 14.992, 0.242, 14.758], "rotation": 270, "texture": "#1"},
				"east": {"uv": [0.242, 14.758, 0.008, 14.992], "texture": "#1"},
				"south": {"uv": [0.008, 14.992, 0.242, 14.758], "rotation": 90, "texture": "#1"},
				"west": {"uv": [0.242, 14.758, 0.008, 14.992], "rotation": 180, "texture": "#1"},
				"up": {"uv": [0.242, 14.758, 0.008, 14.992], "rotation": 270, "texture": "#1"},
				"down": {"uv": [0.242, 14.758, 0.008, 14.992], "rotation": 270, "texture": "#1"}
			}
		},
		{
			"name": "cube inverted",
			"from": [19.48478, 3.6, 14.5922],
			"to": [18.28478, 2.4, 13.3922],
			"rotation": {"angle": -22.5, "axis": "y", "origin": [18.88478, 3, 13.9922]},
			"faces": {
				"north": {"uv": [0.008, 14.508, 0.242, 14.742], "rotation": 270, "texture": "#1"},
				"east": {"uv": [0.008, 14.508, 0.242, 14.742], "texture": "#1"},
				"south": {"uv": [0.008, 14.508, 0.242, 14.742], "rotation": 90, "texture": "#1"},
				"west": {"uv": [0.008, 14.508, 0.242, 14.742], "rotation": 180, "texture": "#1"},
				"up": {"uv": [0.242, 14.742, 0.008, 14.508], "rotation": 270, "texture": "#1"},
				"down": {"uv": [0.242, 14.742, 0.008, 14.508], "rotation": 270, "texture": "#1"}
			}
		},
		{
			"from": [24.34724, -3.25, 18.68092],
			"to": [25.34724, -2.25, 19.68092],
			"rotation": {"angle": 22.5, "axis": "y", "origin": [20.59724, -0.75, 14.43092]},
			"faces": {
				"north": {"uv": [0.242, 14.758, 0.008, 14.992], "rotation": 180, "texture": "#1"},
				"east": {"uv": [0.008, 14.992, 0.242, 14.758], "rotation": 270, "texture": "#1"},
				"south": {"uv": [0.242, 14.758, 0.008, 14.992], "texture": "#1"},
				"west": {"uv": [0.008, 14.992, 0.242, 14.758], "rotation": 90, "texture": "#1"},
				"up": {"uv": [0.242, 14.758, 0.008, 14.992], "texture": "#1"},
				"down": {"uv": [0.242, 14.758, 0.008, 14.992], "rotation": 180, "texture": "#1"}
			}
		},
		{
			"name": "cube inverted",
			"from": [25.44724, -2.15, 19.78092],
			"to": [24.24724, -3.35, 18.58092],
			"rotation": {"angle": 22.5, "axis": "y", "origin": [20.59724, -0.75, 14.43092]},
			"faces": {
				"north": {"uv": [0.008, 14.508, 0.242, 14.742], "rotation": 180, "texture": "#1"},
				"east": {"uv": [0.008, 14.508, 0.242, 14.742], "rotation": 270, "texture": "#1"},
				"south": {"uv": [0.008, 14.508, 0.242, 14.742], "texture": "#1"},
				"west": {"uv": [0.008, 14.508, 0.242, 14.742], "rotation": 90, "texture": "#1"},
				"up": {"uv": [0.242, 14.742, 0.008, 14.508], "texture": "#1"},
				"down": {"uv": [0.242, 14.742, 0.008, 14.508], "rotation": 180, "texture": "#1"}
			}
		},
		{
			"from": [13.76694, 5.25, 11.07093],
			"to": [14.76694, 6.25, 12.07093],
			"rotation": {"angle": 0, "axis": "y", "origin": [7.88731, 14, 7.86658]},
			"faces": {
				"north": {"uv": [0.242, 14.258, 0.008, 14.492], "rotation": 180, "texture": "#1"},
				"east": {"uv": [0.008, 14.492, 0.242, 14.258], "rotation": 270, "texture": "#1"},
				"south": {"uv": [0.242, 14.258, 0.008, 14.492], "texture": "#1"},
				"west": {"uv": [0.008, 14.492, 0.242, 14.258], "rotation": 90, "texture": "#1"},
				"up": {"uv": [0.242, 14.258, 0.008, 14.492], "texture": "#1"},
				"down": {"uv": [0.242, 14.258, 0.008, 14.492], "rotation": 180, "texture": "#1"}
			}
		},
		{
			"name": "cube inverted",
			"from": [14.86694, 6.35, 12.17093],
			"to": [13.66694, 5.15, 10.97093],
			"rotation": {"angle": 0, "axis": "y", "origin": [7.88731, 14, 7.86658]},
			"faces": {
				"north": {"uv": [0.008, 14.008, 0.242, 14.242], "rotation": 180, "texture": "#1"},
				"east": {"uv": [0.008, 14.008, 0.242, 14.242], "rotation": 270, "texture": "#1"},
				"south": {"uv": [0.008, 14.008, 0.242, 14.242], "texture": "#1"},
				"west": {"uv": [0.008, 14.008, 0.242, 14.242], "rotation": 90, "texture": "#1"},
				"up": {"uv": [0.242, 14.242, 0.008, 14.008], "texture": "#1"},
				"down": {"uv": [0.242, 14.242, 0.008, 14.008], "rotation": 180, "texture": "#1"}
			}
		},
		{
			"from": [27.07508, 10.5, 16.78549],
			"to": [28.07508, 11.5, 17.78549],
			"rotation": {"angle": -22.5, "axis": "z", "origin": [27.07508, 12.75, 17.28549]},
			"faces": {
				"north": {"uv": [0.242, 14.258, 0.008, 14.492], "rotation": 180, "texture": "#1"},
				"east": {"uv": [0.008, 14.492, 0.242, 14.258], "rotation": 270, "texture": "#1"},
				"south": {"uv": [0.242, 14.258, 0.008, 14.492], "texture": "#1"},
				"west": {"uv": [0.008, 14.492, 0.242, 14.258], "rotation": 90, "texture": "#1"},
				"up": {"uv": [0.242, 14.258, 0.008, 14.492], "texture": "#1"},
				"down": {"uv": [0.242, 14.258, 0.008, 14.492], "rotation": 180, "texture": "#1"}
			}
		},
		{
			"name": "cube inverted",
			"from": [28.17508, 11.6, 17.88549],
			"to": [26.97508, 10.4, 16.68549],
			"rotation": {"angle": -22.5, "axis": "z", "origin": [27.07508, 12.75, 17.28549]},
			"faces": {
				"north": {"uv": [0.008, 14.008, 0.242, 14.242], "rotation": 180, "texture": "#1"},
				"east": {"uv": [0.008, 14.008, 0.242, 14.242], "rotation": 270, "texture": "#1"},
				"south": {"uv": [0.008, 14.008, 0.242, 14.242], "texture": "#1"},
				"west": {"uv": [0.008, 14.008, 0.242, 14.242], "rotation": 90, "texture": "#1"},
				"up": {"uv": [0.242, 14.242, 0.008, 14.008], "texture": "#1"},
				"down": {"uv": [0.242, 14.242, 0.008, 14.008], "rotation": 180, "texture": "#1"}
			}
		},
		{
			"from": [-2.76694, 10.25, 12.32093],
			"to": [-1.76694, 11.25, 13.32093],
			"rotation": {"angle": 22.5, "axis": "y", "origin": [-2.26694, 7.75, 12.82093]},
			"faces": {
				"north": {"uv": [0.008, 15.258, 0.242, 15.492], "rotation": 180, "texture": "#1"},
				"east": {"uv": [0.008, 15.258, 0.242, 15.492], "rotation": 90, "texture": "#1"},
				"south": {"uv": [0.008, 15.258, 0.242, 15.492], "texture": "#1"},
				"west": {"uv": [0.008, 15.258, 0.242, 15.492], "rotation": 270, "texture": "#1"},
				"up": {"uv": [0.008, 15.258, 0.242, 15.492], "texture": "#1"},
				"down": {"uv": [0.008, 15.258, 0.242, 15.492], "rotation": 180, "texture": "#1"}
			}
		},
		{
			"name": "cube inverted",
			"from": [-1.66694, 11.35, 13.42093],
			"to": [-2.86694, 10.15, 12.22093],
			"rotation": {"angle": 22.5, "axis": "y", "origin": [-2.26694, 7.75, 12.82093]},
			"faces": {
				"north": {"uv": [0.242, 15.008, 0.008, 15.242], "rotation": 180, "texture": "#1"},
				"east": {"uv": [0.008, 15.242, 0.242, 15.008], "rotation": 90, "texture": "#1"},
				"south": {"uv": [0.242, 15.008, 0.008, 15.242], "texture": "#1"},
				"west": {"uv": [0.008, 15.242, 0.242, 15.008], "rotation": 270, "texture": "#1"},
				"up": {"uv": [0.008, 15.242, 0.242, 15.008], "texture": "#1"},
				"down": {"uv": [0.008, 15.242, 0.242, 15.008], "rotation": 180, "texture": "#1"}
			}
		},
		{
			"from": [-11.21664, 2.25, 19.10114],
			"to": [-10.21664, 3.25, 20.10114],
			"rotation": {"angle": -22.5, "axis": "y", "origin": [-6.21664, 6.75, 16.35114]},
			"faces": {
				"north": {"uv": [0.008, 15.258, 0.242, 15.492], "rotation": 180, "texture": "#1"},
				"east": {"uv": [0.008, 15.258, 0.242, 15.492], "rotation": 90, "texture": "#1"},
				"south": {"uv": [0.008, 15.258, 0.242, 15.492], "texture": "#1"},
				"west": {"uv": [0.008, 15.258, 0.242, 15.492], "rotation": 270, "texture": "#1"},
				"up": {"uv": [0.008, 15.258, 0.242, 15.492], "texture": "#1"},
				"down": {"uv": [0.008, 15.258, 0.242, 15.492], "rotation": 180, "texture": "#1"}
			}
		},
		{
			"name": "cube inverted",
			"from": [-10.11664, 3.35, 20.20114],
			"to": [-11.31664, 2.15, 19.00114],
			"rotation": {"angle": -22.5, "axis": "y", "origin": [-6.21664, 6.75, 16.35114]},
			"faces": {
				"north": {"uv": [0.242, 15.008, 0.008, 15.242], "rotation": 180, "texture": "#1"},
				"east": {"uv": [0.008, 15.242, 0.242, 15.008], "rotation": 90, "texture": "#1"},
				"south": {"uv": [0.242, 15.008, 0.008, 15.242], "texture": "#1"},
				"west": {"uv": [0.008, 15.242, 0.242, 15.008], "rotation": 270, "texture": "#1"},
				"up": {"uv": [0.008, 15.242, 0.242, 15.008], "texture": "#1"},
				"down": {"uv": [0.008, 15.242, 0.242, 15.008], "rotation": 180, "texture": "#1"}
			}
		},
		{
			"from": [-2.51694, 2, 13.82093],
			"to": [-1.51694, 3, 14.82093],
			"rotation": {"angle": 22.5, "axis": "y", "origin": [-2.01694, 2.5, 12.82093]},
			"faces": {
				"north": {"uv": [0.008, 14.758, 0.242, 14.992], "rotation": 180, "texture": "#1"},
				"east": {"uv": [0.008, 14.758, 0.242, 14.992], "rotation": 90, "texture": "#1"},
				"south": {"uv": [0.008, 14.758, 0.242, 14.992], "texture": "#1"},
				"west": {"uv": [0.008, 14.758, 0.242, 14.992], "rotation": 270, "texture": "#1"},
				"up": {"uv": [0.008, 14.758, 0.242, 14.992], "texture": "#1"},
				"down": {"uv": [0.008, 14.758, 0.242, 14.992], "rotation": 180, "texture": "#1"}
			}
		},
		{
			"name": "cube inverted",
			"from": [-1.41694, 3.1, 14.92093],
			"to": [-2.61694, 1.9, 13.72093],
			"rotation": {"angle": 22.5, "axis": "y", "origin": [-2.01694, 2.5, 12.82093]},
			"faces": {
				"north": {"uv": [0.242, 14.508, 0.008, 14.742], "rotation": 180, "texture": "#1"},
				"east": {"uv": [0.008, 14.742, 0.242, 14.508], "rotation": 90, "texture": "#1"},
				"south": {"uv": [0.242, 14.508, 0.008, 14.742], "texture": "#1"},
				"west": {"uv": [0.008, 14.742, 0.242, 14.508], "rotation": 270, "texture": "#1"},
				"up": {"uv": [0.008, 14.742, 0.242, 14.508], "texture": "#1"},
				"down": {"uv": [0.008, 14.742, 0.242, 14.508], "rotation": 180, "texture": "#1"}
			}
		},
		{
			"from": [-5.51694, -3.25, 12.32093],
			"to": [-4.51694, -2.25, 13.32093],
			"rotation": {"angle": 22.5, "axis": "y", "origin": [-2.01694, 2.5, 12.82093]},
			"faces": {
				"north": {"uv": [0.008, 14.758, 0.242, 14.992], "rotation": 180, "texture": "#1"},
				"east": {"uv": [0.008, 14.758, 0.242, 14.992], "rotation": 90, "texture": "#1"},
				"south": {"uv": [0.008, 14.758, 0.242, 14.992], "texture": "#1"},
				"west": {"uv": [0.008, 14.758, 0.242, 14.992], "rotation": 270, "texture": "#1"},
				"up": {"uv": [0.008, 14.758, 0.242, 14.992], "texture": "#1"},
				"down": {"uv": [0.008, 14.758, 0.242, 14.992], "rotation": 180, "texture": "#1"}
			}
		},
		{
			"name": "cube inverted",
			"from": [-4.41694, -2.15, 13.42093],
			"to": [-5.61694, -3.35, 12.22093],
			"rotation": {"angle": 22.5, "axis": "y", "origin": [-2.01694, 2.5, 12.82093]},
			"faces": {
				"north": {"uv": [0.242, 14.508, 0.008, 14.742], "rotation": 180, "texture": "#1"},
				"east": {"uv": [0.008, 14.742, 0.242, 14.508], "rotation": 90, "texture": "#1"},
				"south": {"uv": [0.242, 14.508, 0.008, 14.742], "texture": "#1"},
				"west": {"uv": [0.008, 14.742, 0.242, 14.508], "rotation": 270, "texture": "#1"},
				"up": {"uv": [0.008, 14.742, 0.242, 14.508], "texture": "#1"},
				"down": {"uv": [0.008, 14.742, 0.242, 14.508], "rotation": 180, "texture": "#1"}
			}
		},
		{
			"from": [1.23306, 5.25, 11.07093],
			"to": [2.23306, 6.25, 12.07093],
			"rotation": {"angle": 0, "axis": "y", "origin": [8.11269, 14, 7.86658]},
			"faces": {
				"north": {"uv": [0.008, 14.258, 0.242, 14.492], "rotation": 180, "texture": "#1"},
				"east": {"uv": [0.008, 14.258, 0.242, 14.492], "rotation": 90, "texture": "#1"},
				"south": {"uv": [0.008, 14.258, 0.242, 14.492], "texture": "#1"},
				"west": {"uv": [0.008, 14.258, 0.242, 14.492], "rotation": 270, "texture": "#1"},
				"up": {"uv": [0.008, 14.258, 0.242, 14.492], "texture": "#1"},
				"down": {"uv": [0.008, 14.258, 0.242, 14.492], "rotation": 180, "texture": "#1"}
			}
		},
		{
			"name": "cube inverted",
			"from": [2.33306, 6.35, 12.17093],
			"to": [1.13306, 5.15, 10.97093],
			"rotation": {"angle": 0, "axis": "y", "origin": [8.11269, 14, 7.86658]},
			"faces": {
				"north": {"uv": [0.242, 14.008, 0.008, 14.242], "rotation": 180, "texture": "#1"},
				"east": {"uv": [0.008, 14.242, 0.242, 14.008], "rotation": 90, "texture": "#1"},
				"south": {"uv": [0.242, 14.008, 0.008, 14.242], "texture": "#1"},
				"west": {"uv": [0.008, 14.242, 0.242, 14.008], "rotation": 270, "texture": "#1"},
				"up": {"uv": [0.008, 14.242, 0.242, 14.008], "texture": "#1"},
				"down": {"uv": [0.008, 14.242, 0.242, 14.008], "rotation": 180, "texture": "#1"}
			}
		},
		{
			"from": [-11.57508, 12.25, 16.78549],
			"to": [-10.57508, 13.25, 17.78549],
			"rotation": {"angle": 22.5, "axis": "z", "origin": [-11.07508, 12.75, 17.28549]},
			"faces": {
				"north": {"uv": [0.008, 14.258, 0.242, 14.492], "rotation": 180, "texture": "#1"},
				"east": {"uv": [0.008, 14.258, 0.242, 14.492], "rotation": 90, "texture": "#1"},
				"south": {"uv": [0.008, 14.258, 0.242, 14.492], "texture": "#1"},
				"west": {"uv": [0.008, 14.258, 0.242, 14.492], "rotation": 270, "texture": "#1"},
				"up": {"uv": [0.008, 14.258, 0.242, 14.492], "texture": "#1"},
				"down": {"uv": [0.008, 14.258, 0.242, 14.492], "rotation": 180, "texture": "#1"}
			}
		},
		{
			"name": "cube inverted",
			"from": [-10.47508, 13.35, 17.88549],
			"to": [-11.67508, 12.15, 16.68549],
			"rotation": {"angle": 22.5, "axis": "z", "origin": [-11.07508, 12.75, 17.28549]},
			"faces": {
				"north": {"uv": [0.242, 14.008, 0.008, 14.242], "rotation": 180, "texture": "#1"},
				"east": {"uv": [0.008, 14.242, 0.242, 14.008], "rotation": 90, "texture": "#1"},
				"south": {"uv": [0.242, 14.008, 0.008, 14.242], "texture": "#1"},
				"west": {"uv": [0.008, 14.242, 0.242, 14.008], "rotation": 270, "texture": "#1"},
				"up": {"uv": [0.008, 14.242, 0.242, 14.008], "texture": "#1"},
				"down": {"uv": [0.008, 14.242, 0.242, 14.008], "rotation": 180, "texture": "#1"}
			}
		},
		{
			"from": [-15.74784, 3, 14.0585],
			"to": [9.25216, 22, 14.0585],
			"rotation": {"angle": 22.5, "axis": "y", "origin": [-2.24784, 1, 17.8085]},
			"faces": {
				"north": {"uv": [0, 0, 6.25, 4.5], "texture": "#1"},
				"south": {"uv": [6.25, 0, 0, 4.5], "texture": "#1"}
			}
		},
		{
			"from": [3, 2.75, 11.45],
			"to": [13, 11.75, 11.45],
			"rotation": {"angle": 22.5, "axis": "x", "origin": [8, 5.5, 11.7]},
			"faces": {
				"north": {"uv": [0, 4.5, 2.5, 6.75], "texture": "#1"},
				"south": {"uv": [2.5, 4.5, 0, 6.75], "texture": "#1"}
			}
		},
		{
			"from": [6.74784, 3, 14.0585],
			"to": [31.74784, 22, 14.0585],
			"rotation": {"angle": -22.5, "axis": "y", "origin": [18.24784, 1, 17.8085]},
			"faces": {
				"north": {"uv": [6.25, 0, 0, 4.5], "texture": "#1"},
				"south": {"uv": [0, 0, 6.25, 4.5], "texture": "#1"}
			}
		},
		{
			"from": [6.69784, -2.05, 14.0085],
			"to": [31.79784, 13.05, 14.1085],
			"rotation": {"angle": -22.5, "axis": "y", "origin": [18.24784, 1, 17.8085]},
			"faces": {
				"north": {"uv": [6.25, 6.75, 0, 10.5], "texture": "#1"},
				"south": {"uv": [0, 6.75, 6.25, 10.5], "texture": "#1"}
			}
		},
		{
			"from": [-15.79784, -2.55, 14.0085],
			"to": [9.30216, 14.55, 14.1085],
			"rotation": {"angle": 22.5, "axis": "y", "origin": [-2.24784, 1, 17.8085]},
			"faces": {
				"north": {"uv": [6.5, 0, 12.75, 4.25], "texture": "#1"},
				"south": {"uv": [12.75, 0, 6.5, 4.25], "texture": "#1"}
			}
		},
		{
			"from": [-7.9, -7.6, 14.05],
			"to": [-4.9, -4.6, 17.05],
			"rotation": {"angle": 22.5, "axis": "y", "origin": [-6.4, -4.35, 15.55]},
			"faces": {
				"north": {"uv": [2.234, 11.758, 1.5, 12.492], "texture": "#1"},
				"east": {"uv": [1.5, 11.758, 2.234, 12.492], "texture": "#1"},
				"south": {"uv": [2.234, 11.758, 1.5, 12.492], "texture": "#1"},
				"west": {"uv": [1.5, 11.758, 2.234, 12.492], "texture": "#1"},
				"up": {"uv": [1.5, 12.508, 2.234, 13.242], "texture": "#1"},
				"down": {"uv": [1.5, 13.258, 2.234, 13.992], "rotation": 180, "texture": "#1"}
			}
		},
		{
			"from": [-7.9, -4.6, 15.55],
			"to": [-4.9, -0.6, 15.55],
			"rotation": {"angle": -45, "axis": "y", "origin": [-6.4, -4.35, 15.55]},
			"faces": {
				"north": {"uv": [0.008, 10.758, 0.742, 11.742], "texture": "#1"},
				"south": {"uv": [0.008, 10.758, 0.742, 11.742], "texture": "#1"}
			}
		},
		{
			"from": [-0.9, -3.6, 11.05],
			"to": [2.1, -0.6, 14.05],
			"rotation": {"angle": 0, "axis": "y", "origin": [0.6, -0.35, 12.55]},
			"faces": {
				"north": {"uv": [1.484, 11.758, 0.75, 12.492], "texture": "#1"},
				"east": {"uv": [0.75, 11.758, 1.484, 12.492], "texture": "#1"},
				"south": {"uv": [1.484, 11.758, 0.75, 12.492], "texture": "#1"},
				"west": {"uv": [0.75, 11.758, 1.484, 12.492], "texture": "#1"},
				"up": {"uv": [0.75, 12.508, 1.484, 13.242], "texture": "#1"},
				"down": {"uv": [0.75, 13.258, 1.484, 13.992], "rotation": 180, "texture": "#1"}
			}
		},
		{
			"from": [-0.9, -0.6, 12.55],
			"to": [2.1, 3.4, 12.55],
			"rotation": {"angle": 0, "axis": "y", "origin": [0.6, -0.35, 12.55]},
			"faces": {
				"north": {"uv": [0.008, 10.758, 0.742, 11.742], "texture": "#1"},
				"south": {"uv": [0.008, 10.758, 0.742, 11.742], "texture": "#1"}
			}
		},
		{
			"from": [21.9, -7.1, 14.3],
			"to": [24.9, -4.1, 17.3],
			"rotation": {"angle": 0, "axis": "y", "origin": [15.4, -0.35, 12.55]},
			"faces": {
				"north": {"uv": [2.25, 11.758, 2.984, 12.492], "texture": "#1"},
				"east": {"uv": [2.984, 11.758, 2.25, 12.492], "texture": "#1"},
				"south": {"uv": [2.25, 11.758, 2.984, 12.492], "texture": "#1"},
				"west": {"uv": [2.984, 11.758, 2.25, 12.492], "texture": "#1"},
				"up": {"uv": [2.984, 12.508, 2.25, 13.242], "texture": "#1"},
				"down": {"uv": [2.984, 13.258, 2.25, 13.992], "rotation": 180, "texture": "#1"}
			}
		},
		{
			"from": [23.4, -4.1, 14.3],
			"to": [23.4, -0.1, 17.3],
			"rotation": {"angle": 22.5, "axis": "y", "origin": [23.4, -4.1, 15.8]},
			"faces": {
				"east": {"uv": [0.742, 10.758, 0.008, 11.742], "texture": "#1"},
				"west": {"uv": [0.742, 10.758, 0.008, 11.742], "texture": "#1"}
			}
		},
		{
			"from": [13.9, -0.1, 11.05],
			"to": [16.9, 2.9, 14.05],
			"rotation": {"angle": 0, "axis": "y", "origin": [15.4, -0.35, 12.55]},
			"faces": {
				"north": {"uv": [0, 11.758, 0.734, 12.492], "texture": "#1"},
				"east": {"uv": [0.734, 11.758, 0, 12.492], "texture": "#1"},
				"south": {"uv": [0, 11.758, 0.734, 12.492], "texture": "#1"},
				"west": {"uv": [0.734, 11.758, 0, 12.492], "texture": "#1"},
				"up": {"uv": [0.734, 12.508, 0, 13.242], "texture": "#1"},
				"down": {"uv": [0.734, 13.258, 0, 13.992], "rotation": 180, "texture": "#1"}
			}
		},
		{
			"from": [13.9, 2.9, 12.55],
			"to": [16.9, 6.9, 12.55],
			"rotation": {"angle": 45, "axis": "y", "origin": [15.4, -0.35, 12.55]},
			"faces": {
				"north": {"uv": [0.742, 10.758, 0.008, 11.742], "texture": "#1"},
				"south": {"uv": [0.742, 10.758, 0.008, 11.742], "texture": "#1"}
			}
		}
	],
	"display": {
		"gui": {
			"rotation": [0, -25.25, 0],
			"translation": [1.5, 0, 0],
			"scale": [0.3, 0.3, 0.3]
		}
	},
	"groups": [
		{
			"name": "group",
			"origin": [8, 8, 8],
			"color": 0,
			"nbt": "{}",
			"armAnimationEnabled": false,
			"children": [
				{
					"name": "group",
					"origin": [8, 8, 8],
					"color": 0,
					"nbt": "{}",
					"armAnimationEnabled": false,
					"children": [
						{
							"name": "y",
							"origin": [8, 8, 8],
							"color": 0,
							"nbt": "{}",
							"armAnimationEnabled": false,
							"children": [
								{
									"name": "group",
									"origin": [8, 8, 8],
									"color": 0,
									"nbt": "{}",
									"armAnimationEnabled": false,
									"children": [0, 1]
								},
								{
									"name": "group",
									"origin": [8, 8, 8],
									"color": 0,
									"nbt": "{}",
									"armAnimationEnabled": false,
									"children": [2, 3]
								}
							]
						},
						{
							"name": "red",
							"origin": [8, 8, 8],
							"color": 0,
							"nbt": "{}",
							"armAnimationEnabled": false,
							"children": [
								{
									"name": "group",
									"origin": [8, 8, 8],
									"color": 0,
									"nbt": "{}",
									"armAnimationEnabled": false,
									"children": [4, 5]
								},
								{
									"name": "group",
									"origin": [8, 8, 8],
									"color": 0,
									"nbt": "{}",
									"armAnimationEnabled": false,
									"children": [6, 7]
								}
							]
						},
						{
							"name": "b",
							"origin": [8, 8, 8],
							"color": 0,
							"nbt": "{}",
							"armAnimationEnabled": false,
							"children": [
								{
									"name": "group",
									"origin": [8, 8, 8],
									"color": 0,
									"nbt": "{}",
									"armAnimationEnabled": false,
									"children": [8, 9]
								},
								{
									"name": "group",
									"origin": [8, 8, 8],
									"color": 0,
									"nbt": "{}",
									"armAnimationEnabled": false,
									"children": [10, 11]
								}
							]
						}
					]
				},
				{
					"name": "group",
					"origin": [8, 8, 8],
					"color": 0,
					"nbt": "{}",
					"armAnimationEnabled": false,
					"children": [
						{
							"name": "y",
							"origin": [8, 8, 8],
							"color": 0,
							"nbt": "{}",
							"armAnimationEnabled": false,
							"children": [
								{
									"name": "group",
									"origin": [8, 8, 8],
									"color": 0,
									"nbt": "{}",
									"armAnimationEnabled": false,
									"children": [12, 13]
								},
								{
									"name": "group",
									"origin": [8, 8, 8],
									"color": 0,
									"nbt": "{}",
									"armAnimationEnabled": false,
									"children": [14, 15]
								}
							]
						},
						{
							"name": "red",
							"origin": [8, 8, 8],
							"color": 0,
							"nbt": "{}",
							"armAnimationEnabled": false,
							"children": [
								{
									"name": "group",
									"origin": [8, 8, 8],
									"color": 0,
									"nbt": "{}",
									"armAnimationEnabled": false,
									"children": [16, 17]
								},
								{
									"name": "group",
									"origin": [8, 8, 8],
									"color": 0,
									"nbt": "{}",
									"armAnimationEnabled": false,
									"children": [18, 19]
								}
							]
						},
						{
							"name": "b",
							"origin": [8, 8, 8],
							"color": 0,
							"nbt": "{}",
							"armAnimationEnabled": false,
							"children": [
								{
									"name": "group",
									"origin": [8, 8, 8],
									"color": 0,
									"nbt": "{}",
									"armAnimationEnabled": false,
									"children": [20, 21]
								},
								{
									"name": "group",
									"origin": [8, 8, 8],
									"color": 0,
									"nbt": "{}",
									"armAnimationEnabled": false,
									"children": [22, 23]
								}
							]
						}
					]
				},
				{
					"name": "group",
					"origin": [8, 8, 8],
					"color": 0,
					"nbt": "{}",
					"armAnimationEnabled": false,
					"children": [
						24,
						25,
						26,
						27,
						28,
						{
							"name": "group",
							"origin": [8, 8, 8],
							"color": 0,
							"nbt": "{}",
							"armAnimationEnabled": false,
							"children": [
								{
									"name": "group",
									"origin": [8, 8, 8],
									"color": 0,
									"nbt": "{}",
									"armAnimationEnabled": false,
									"children": [29, 30]
								},
								{
									"name": "group",
									"origin": [8, 8, 8],
									"color": 0,
									"nbt": "{}",
									"armAnimationEnabled": false,
									"children": [31, 32]
								},
								{
									"name": "group",
									"origin": [8, 8, 8],
									"color": 0,
									"nbt": "{}",
									"armAnimationEnabled": false,
									"children": [33, 34]
								},
								{
									"name": "group",
									"origin": [8, 8, 8],
									"color": 0,
									"nbt": "{}",
									"armAnimationEnabled": false,
									"children": [35, 36]
								}
							]
						}
					]
				}
			]
		}
	]
}