{
 "credit": "Made by Ziqqy using Blockbench",
 "parent": "hideaway:display_parents/back",
 "texture_size": [
  32,
  32
 ],
 "textures": {
  "0": "hideaway:back/fireworks_back_launcher",
  "particle": "hideaway:back/fireworks_back_launcher"
 },
 "elements": [
  {
   "from": [
    5,
    6.5,
    10
   ],
   "to": [
    11,
    16.5,
    16
   ],
   "rotation": {
    "angle": 0,
    "axis": "y",
    "origin": [
     0,
     6.5,
     16
    ]
   },
   "faces": {
    "north": {
     "uv": [
      3,
      0,
      0,
      5
     ],
     "texture": "#0"
    },
    "east": {
     "uv": [
      3,
      0,
      0,
      5
     ],
     "texture": "#0"
    },
    "south": {
     "uv": [
      3,
      0,
      0,
      5
     ],
     "texture": "#0"
    },
    "west": {
     "uv": [
      3,
      0,
      0,
      5
     ],
     "texture": "#0"
    },
    "up": {
     "uv": [
      3,
      5,
      0,
      8
     ],
     "texture": "#0"
    },
    "down": {
     "uv": [
      6,
      8,
      3,
      5
     ],
     "texture": "#0"
    }
   }
  },
  {
   "from": [
    5.25,
    19.25,
    12.75
   ],
   "to": [
    8.75,
    20.75,
    16.25
   ],
   "rotation": {
    "angle": 22.5,
    "axis": "z",
    "origin": [
     8.5,
     16.5,
     14.5
    ]
   },
   "faces": {
    "north": {
     "uv": [
      9.5,
      2,
      7.5,
      2.5
     ],
     "texture": "#0"
    },
    "east": {
     "uv": [
      9.5,
      2,
      7.5,
      2.5
     ],
     "texture": "#0"
    },
    "south": {
     "uv": [
      9.5,
      2,
      7.5,
      2.5
     ],
     "texture": "#0"
    },
    "west": {
     "uv": [
      9.5,
      2,
      7.5,
      2.5
     ],
     "texture": "#0"
    },
    "up": {
     "uv": [
      9.5,
      0,
      7.5,
      2
     ],
     "texture": "#0"
    },
    "down": {
     "uv": [
      9.5,
      0,
      7.5,
      2
     ],
     "texture": "#0"
    }
   }
  },
  {
   "from": [
    5.5,
    16.5,
    13
   ],
   "to": [
    8.5,
    20.5,
    16
   ],
   "rotation": {
    "angle": 22.5,
    "axis": "z",
    "origin": [
     8.5,
     16.5,
     14.5
    ]
   },
   "faces": {
    "north": {
     "uv": [
      7.5,
      1.5,
      6,
      3.5
     ],
     "texture": "#0"
    },
    "east": {
     "uv": [
      7.5,
      1.5,
      6,
      3.5
     ],
     "texture": "#0"
    },
    "south": {
     "uv": [
      7.5,
      1.5,
      6,
      3.5
     ],
     "texture": "#0"
    },
    "west": {
     "uv": [
      7.5,
      1.5,
      6,
      3.5
     ],
     "texture": "#0"
    },
    "up": {
     "uv": [
      7.5,
      0,
      6,
      1.5
     ],
     "texture": "#0"
    }
   }
  },
  {
   "from": [
    7.5,
    16.5,
    12
   ],
   "to": [
    10.5,
    20.5,
    15
   ],
   "rotation": {
    "angle": -22.5,
    "axis": "z",
    "origin": [
     7.5,
     16.5,
     13.5
    ]
   },
   "faces": {
    "north": {
     "uv": [
      13.5,
      8,
      12,
      10
     ],
     "texture": "#0"
    },
    "east": {
     "uv": [
      9,
      12,
      7.5,
      14
     ],
     "texture": "#0"
    },
    "south": {
     "uv": [
      13.5,
      6,
      12,
      8
     ],
     "texture": "#0"
    },
    "west": {
     "uv": [
      10.5,
      12,
      9,
      14
     ],
     "texture": "#0"
    },
    "up": {
     "uv": [
      13,
      14,
      11.5,
      15.5
     ],
     "texture": "#0"
    },
    "down": {
     "uv": [
      14.5,
      15.5,
      13,
      14
     ],
     "texture": "#0"
    }
   }
  },
  {
   "from": [
    6.5,
    16.5,
    10.5
   ],
   "to": [
    9.5,
    20.5,
    13.5
   ],
   "rotation": {
    "angle": 45,
    "axis": "y",
    "origin": [
     8,
     18.5,
     12
    ]
   },
   "faces": {
    "north": {
     "uv": [
      13.5,
      12,
      12,
      14
     ],
     "texture": "#0"
    },
    "east": {
     "uv": [
      12,
      12,
      10.5,
      14
     ],
     "texture": "#0"
    },
    "south": {
     "uv": [
      13.5,
      10,
      12,
      12
     ],
     "texture": "#0"
    },
    "west": {
     "uv": [
      1.5,
      12.5,
      0,
      14.5
     ],
     "texture": "#0"
    },
    "up": {
     "uv": [
      1.5,
      14.5,
      0,
      16
     ],
     "texture": "#0"
    },
    "down": {
     "uv": [
      3,
      16,
      1.5,
      14.5
     ],
     "texture": "#0"
    }
   }
  },
  {
   "from": [
    4.75,
    14.25,
    9.75
   ],
   "to": [
    11.25,
    16.75,
    16.25
   ],
   "rotation": {
    "angle": 0,
    "axis": "y",
    "origin": [
     0,
     6.5,
     16
    ]
   },
   "faces": {
    "north": {
     "uv": [
      6,
      0,
      3,
      1
     ],
     "texture": "#0"
    },
    "east": {
     "uv": [
      6,
      0,
      3,
      1
     ],
     "texture": "#0"
    },
    "south": {
     "uv": [
      6,
      0,
      3,
      1
     ],
     "texture": "#0"
    },
    "west": {
     "uv": [
      6,
      0,
      3,
      1
     ],
     "texture": "#0"
    },
    "up": {
     "uv": [
      6,
      1,
      3,
      4
     ],
     "texture": "#0"
    },
    "down": {
     "uv": [
      6,
      4,
      3,
      1
     ],
     "texture": "#0"
    }
   }
  },
  {
   "from": [
    4,
    8.5,
    4
   ],
   "to": [
    6,
    14.5,
    10
   ],
   "rotation": {
    "angle": 22.5,
    "axis": "y",
    "origin": [
     5,
     10.5,
     10
    ]
   },
   "faces": {
    "north": {
     "uv": [
      4,
      9,
      3,
      12
     ],
     "texture": "#0"
    },
    "east": {
     "uv": [
      0,
      9,
      3,
      12
     ],
     "texture": "#0"
    },
    "south": {
     "uv": [
      5,
      9,
      4,
      12
     ],
     "texture": "#0"
    },
    "west": {
     "uv": [
      3,
      9,
      0,
      12
     ],
     "texture": "#0"
    },
    "up": {
     "uv": [
      0,
      9,
      3,
      8
     ],
     "rotation": 270,
     "texture": "#0"
    },
    "down": {
     "uv": [
      3,
      9,
      0,
      8
     ],
     "rotation": 270,
     "texture": "#0"
    }
   }
  },
  {
   "from": [
    10,
    8.5,
    4
   ],
   "to": [
    12,
    14.5,
    10
   ],
   "rotation": {
    "angle": -22.5,
    "axis": "y",
    "origin": [
     11,
     10.5,
     10
    ]
   },
   "faces": {
    "north": {
     "uv": [
      3,
      9,
      4,
      12
     ],
     "texture": "#0"
    },
    "east": {
     "uv": [
      0,
      9,
      3,
      12
     ],
     "texture": "#0"
    },
    "south": {
     "uv": [
      5,
      9,
      4,
      12
     ],
     "texture": "#0"
    },
    "west": {
     "uv": [
      3,
      9,
      0,
      12
     ],
     "texture": "#0"
    },
    "up": {
     "uv": [
      0,
      8,
      3,
      9
     ],
     "rotation": 270,
     "texture": "#0"
    },
    "down": {
     "uv": [
      3,
      8,
      0,
      9
     ],
     "rotation": 270,
     "texture": "#0"
    }
   }
  },
  {
   "from": [
    4,
    18.5,
    13
   ],
   "to": [
    12,
    24.5,
    13
   ],
   "rotation": {
    "angle": -45,
    "axis": "y",
    "origin": [
     8,
     21,
     13
    ]
   },
   "faces": {
    "south": {
     "uv": [
      11.5,
      4,
      7.5,
      7
     ],
     "texture": "#0"
    },
    "north": {
     "uv": [
      11.5,
      4,
      7.5,
      7
     ],
     "texture": "#0"
    }
   }
  },
  {
   "from": [
    8,
    18.5,
    9
   ],
   "to": [
    8,
    24.5,
    17
   ],
   "rotation": {
    "angle": -45,
    "axis": "y",
    "origin": [
     8,
     21,
     13
    ]
   },
   "faces": {
    "east": {
     "uv": [
      11.5,
      4,
      7.5,
      7
     ],
     "texture": "#0"
    },
    "west": {
     "uv": [
      11.5,
      4,
      7.5,
      7
     ],
     "texture": "#0"
    }
   }
  },
  {
   "from": [
    6,
    0.5,
    14
   ],
   "to": [
    10,
    6.5,
    14
   ],
   "rotation": {
    "angle": -22.5,
    "axis": "x",
    "origin": [
     8,
     6.5,
     14
    ]
   },
   "faces": {
    "south": {
     "uv": [
      11.5,
      0,
      9.5,
      3
     ],
     "texture": "#0"
    },
    "north": {
     "uv": [
      11.5,
      0,
      9.5,
      3
     ],
     "texture": "#0"
    }
   }
  },
  {
   "from": [
    7,
    -1.5,
    12
   ],
   "to": [
    9,
    6.5,
    14
   ],
   "rotation": {
    "angle": 0,
    "axis": "y",
    "origin": [
     7,
     4.5,
     14
    ]
   },
   "faces": {
    "north": {
     "uv": [
      7.5,
      3.5,
      6.5,
      7.5
     ],
     "texture": "#0"
    },
    "east": {
     "uv": [
      7.5,
      3.5,
      6.5,
      7.5
     ],
     "texture": "#0"
    },
    "south": {
     "uv": [
      7.5,
      3.5,
      6.5,
      7.5
     ],
     "texture": "#0"
    },
    "west": {
     "uv": [
      7.5,
      3.5,
      6.5,
      7.5
     ],
     "texture": "#0"
    },
    "down": {
     "uv": [
      6.5,
      7.5,
      7.5,
      6.5
     ],
     "texture": "#0"
    }
   }
  },
  {
   "from": [
    6,
    15.5,
    11
   ],
   "to": [
    10,
    19.5,
    15
   ],
   "rotation": {
    "angle": 45,
    "axis": "y",
    "origin": [
     8,
     17.5,
     13
    ]
   },
   "faces": {
    "north": {
     "uv": [
      9.5,
      0,
      7.5,
      2
     ],
     "texture": "#0"
    },
    "east": {
     "uv": [
      9.5,
      0,
      7.5,
      2
     ],
     "texture": "#0"
    },
    "south": {
     "uv": [
      9.5,
      0,
      7.5,
      2
     ],
     "texture": "#0"
    },
    "west": {
     "uv": [
      9.5,
      0,
      7.5,
      2
     ],
     "texture": "#0"
    },
    "up": {
     "uv": [
      7.5,
      4,
      9.5,
      2
     ],
     "texture": "#0"
    }
   }
  }
 ],
 "display": {
  "gui": {
   "rotation": [
    30,
    -135,
    0
   ],
   "translation": [
    -1.25,
    -0.5,
    0
   ],
   "scale": [
    0.64,
    0.64,
    0.64
   ]
  }
 },
 "groups": [
  0,
  {
   "name": "group",
   "origin": [
    8,
    12,
    4
   ],
   "color": 0,
   "nbt": "{}",
   "children": [
    1,
    2,
    3,
    4
   ]
  },
  5,
  6,
  7,
  8,
  9,
  10,
  11,
  12
 ]
}