{
	"credit": "Made with Blockbench",
	"parent": "hideaway:display_parents/back",
	"texture_size": [32, 32],
	"textures": {
		"0": "hideaway:back/flowing_scarf",
		"particle": "hideaway:back/flowing_scarf"
	},
	"elements": [
		{
			"from": [3, 17, 24],
			"to": [13, 24, 24.02],
			"rotation": {"angle": 0, "axis": "x", "origin": [8, 17, 16.22023]},
			"faces": {
				"north": {"uv": [11, 0, 16, 3.5], "texture": "#0", "tintindex": 0},
				"south": {"uv": [16, 0, 11, 3.5], "texture": "#0", "tintindex": 0}
			}
		},
		{
			"from": [2.9663, 17, 25.2566],
			"to": [9.9663, 24, 25.2766],
			"rotation": {"angle": -45, "axis": "y", "origin": [8, 17, 16.22023]},
			"faces": {
				"north": {"uv": [12.5, 3.5, 16, 7], "texture": "#0", "tintindex": 0},
				"south": {"uv": [16, 3.5, 12.5, 7], "texture": "#0", "tintindex": 0}
			}
		},
		{
			"from": [-0.10898, 3, 5.64336],
			"to": [-0.08898, 24, 26.64336],
			"rotation": {"angle": -22.5, "axis": "y", "origin": [8, 17, 16.22023]},
			"faces": {
				"east": {"uv": [10.5, 0, 0, 10.5], "texture": "#0", "tintindex": 0},
				"west": {"uv": [0, 0, 10.5, 10.5], "texture": "#0", "tintindex": 0}
			}
		},
		{
			"from": [-0.10898, 6, 5.64336],
			"to": [-0.08898, 23, 16.64336],
			"rotation": {"angle": -22.5, "axis": "y", "origin": [8, 17, 16.22023]},
			"faces": {
				"east": {"uv": [16, 7.5, 10.5, 16], "texture": "#0"},
				"west": {"uv": [10.5, 7.5, 16, 16], "texture": "#0"}
			}
		},
		{
			"from": [16.08898, 6, 5.64336],
			"to": [16.10898, 23, 16.64336],
			"rotation": {"angle": 22.5, "axis": "y", "origin": [8, 17, 16.22023]},
			"faces": {
				"east": {"uv": [16, 7.5, 10.5, 16], "texture": "#0"},
				"west": {"uv": [10.5, 7.5, 16, 16], "texture": "#0"}
			}
		},
		{
			"from": [16.05898, 3, 5.64336],
			"to": [16.07898, 24, 26.64336],
			"rotation": {"angle": 22.5, "axis": "y", "origin": [8, 17, 16.22023]},
			"faces": {
				"east": {"uv": [10.5, 0, 0, 10.5], "texture": "#0", "tintindex": 0},
				"west": {"uv": [0, 0, 10.5, 10.5], "texture": "#0", "tintindex": 0}
			}
		},
		{
			"from": [6.0337, 17, 25.2566],
			"to": [13.0337, 24, 25.2766],
			"rotation": {"angle": 45, "axis": "y", "origin": [8, 17, 16.22023]},
			"faces": {
				"north": {"uv": [16, 3.5, 12.5, 7], "texture": "#0", "tintindex": 0},
				"south": {"uv": [12.5, 3.5, 16, 7], "texture": "#0", "tintindex": 0}
			}
		}
	],
	"display": {
		"gui": {
			"rotation": [30, -139, 0],
			"translation": [3.25, -4.25, 0],
			"scale": [0.5, 0.5, 0.5]
		}
	}
}