{
	"credit": "Made by Ziqqy using Blockbench",
	"parent": "hideaway:display_parents/back",
	"texture_size": [32, 32],
	"textures": {
		"2": "hideaway:back/gameboy",
		"particle": "hideaway:back/gameboy"
	},
	"elements": [
		{
			"from": [4, 3, 10],
			"to": [12, 14, 13],
			"rotation": {"angle": 0, "axis": "y", "origin": [0, 2, 0]},
			"faces": {
				"north": {"uv": [0.016, 0.016, 3.984, 5.484], "texture": "#2"},
				"east": {"uv": [8.016, 0.016, 9.484, 5.484], "texture": "#2", "tintindex": 0},
				"south": {"uv": [4.016, 0.016, 7.984, 5.484], "texture": "#2"},
				"west": {"uv": [8.016, 5.516, 9.484, 10.984], "texture": "#2", "tintindex": 0},
				"up": {"uv": [3.984, 12.484, 0.016, 11.016], "texture": "#2", "tintindex": 0},
				"down": {"uv": [14.984, 0.016, 11.016, 1.484], "texture": "#2"}
			}
		},
		{
			"from": [3.75, 3, 10],
			"to": [3.75, 8, 13],
			"rotation": {"angle": 0, "axis": "y", "origin": [0, 2, 0]},
			"faces": {
				"north": {"uv": [0.016, 0.016, 0.016, 2.484], "texture": "#2"},
				"east": {"uv": [4.016, 11.016, 5.484, 13.484], "texture": "#2"},
				"south": {"uv": [0.016, 0.016, 0.016, 2.484], "texture": "#2"},
				"west": {"uv": [11.016, 4.516, 12.484, 6.984], "texture": "#2"},
				"up": {"uv": [0.016, 1.484, 0.016, 0.016], "texture": "#2"},
				"down": {"uv": [0.016, 0.016, 0.016, 1.484], "texture": "#2"}
			}
		},
		{
			"from": [12.25, 3, 10],
			"to": [12.25, 8, 13],
			"rotation": {"angle": 0, "axis": "y", "origin": [16, 2, 0]},
			"faces": {
				"north": {"uv": [0.016, 0.016, 0.016, 2.484], "texture": "#2"},
				"east": {"uv": [12.484, 4.516, 11.016, 6.984], "texture": "#2"},
				"south": {"uv": [0.016, 0.016, 0.016, 2.484], "texture": "#2"},
				"west": {"uv": [5.484, 11.016, 4.016, 13.484], "texture": "#2"},
				"up": {"uv": [0.016, 1.484, 0.016, 0.016], "texture": "#2"},
				"down": {"uv": [0.016, 0.016, 0.016, 1.484], "texture": "#2"}
			}
		},
		{
			"from": [3.7, 2.7, 9.7],
			"to": [12.3, 14.3, 13.3],
			"rotation": {"angle": 0, "axis": "y", "origin": [0, 2, 0]},
			"faces": {
				"north": {"uv": [0.016, 5.516, 3.984, 10.984], "texture": "#2", "tintindex": 0},
				"east": {"uv": [9.516, 0.016, 10.984, 5.484], "texture": "#2", "tintindex": 0},
				"south": {"uv": [4.016, 5.516, 7.984, 10.984], "texture": "#2", "tintindex": 0},
				"west": {"uv": [9.516, 5.516, 10.984, 10.984], "texture": "#2", "tintindex": 0},
				"up": {"uv": [14.984, 2.984, 11.016, 1.516], "texture": "#2", "tintindex": 0},
				"down": {"uv": [14.984, 3.016, 11.016, 4.484], "texture": "#2", "tintindex": 0}
			}
		},
		{
			"from": [3.25, 8, 11],
			"to": [3.25, 10, 12],
			"rotation": {"angle": -22.5, "axis": "z", "origin": [3, 8, 11.5]},
			"faces": {
				"north": {"uv": [0.016, 0.016, 0.016, 0.984], "texture": "#2"},
				"east": {"uv": [12.516, 6.016, 12.984, 6.984], "texture": "#2"},
				"south": {"uv": [0.016, 0.016, 0.016, 0.984], "texture": "#2"},
				"west": {"uv": [12.516, 7.016, 12.984, 7.984], "texture": "#2"},
				"up": {"uv": [0.016, 0.484, 0.016, 0.016], "texture": "#2"},
				"down": {"uv": [0.016, 0.016, 0.016, 0.484], "texture": "#2"}
			}
		},
		{
			"from": [5, 4, 13.5],
			"to": [8, 7, 13.5],
			"rotation": {"angle": 0, "axis": "y", "origin": [0, 2, 0]},
			"faces": {
				"north": {"uv": [11.016, 7.016, 12.484, 8.484], "texture": "#2"},
				"east": {"uv": [0.016, 0.016, 0.016, 1.484], "texture": "#2"},
				"south": {"uv": [7.516, 11.016, 8.984, 12.484], "texture": "#2"},
				"west": {"uv": [0.016, 0.016, 0.016, 1.484], "texture": "#2"},
				"up": {"uv": [1.484, 0.016, 0.016, 0.016], "texture": "#2"},
				"down": {"uv": [1.484, 0.016, 0.016, 0.016], "texture": "#2"}
			}
		},
		{
			"from": [9, 4.5, 13.5],
			"to": [11, 6.5, 13.5],
			"rotation": {"angle": 0, "axis": "y", "origin": [0, 2, 0]},
			"faces": {
				"north": {"uv": [0.016, 12.516, 0.984, 13.484], "texture": "#2"},
				"east": {"uv": [0.016, 0.016, 0.016, 0.984], "texture": "#2"},
				"south": {"uv": [1.016, 12.516, 1.984, 13.484], "texture": "#2"},
				"west": {"uv": [0.016, 0.016, 0.016, 0.984], "texture": "#2"},
				"up": {"uv": [0.984, 0.016, 0.016, 0.016], "texture": "#2"},
				"down": {"uv": [0.984, 0.016, 0.016, 0.016], "texture": "#2"}
			}
		},
		{
			"from": [4, 7, 5],
			"to": [6, 14, 6],
			"rotation": {"angle": 0, "axis": "y", "origin": [0, 2, 0]},
			"faces": {
				"north": {"uv": [5.516, 11.016, 6.484, 14.484], "texture": "#2"},
				"east": {"uv": [12.016, 8.516, 12.484, 11.984], "texture": "#2"},
				"south": {"uv": [6.516, 11.016, 7.484, 14.484], "texture": "#2"},
				"west": {"uv": [12.016, 12.016, 12.484, 15.484], "texture": "#2"},
				"up": {"uv": [8.484, 12.984, 7.516, 12.516], "texture": "#2"},
				"down": {"uv": [13.484, 8.016, 12.516, 8.484], "texture": "#2"}
			}
		},
		{
			"from": [10, 7, 5],
			"to": [12, 14, 6],
			"rotation": {"angle": 0, "axis": "y", "origin": [16, 2, 0]},
			"faces": {
				"north": {"uv": [6.484, 11.016, 5.516, 14.484], "texture": "#2"},
				"east": {"uv": [12.484, 12.016, 12.016, 15.484], "texture": "#2"},
				"south": {"uv": [7.484, 11.016, 6.516, 14.484], "texture": "#2"},
				"west": {"uv": [12.484, 8.516, 12.016, 11.984], "texture": "#2"},
				"up": {"uv": [7.516, 12.984, 8.484, 12.516], "texture": "#2"},
				"down": {"uv": [12.516, 8.016, 13.484, 8.484], "texture": "#2"}
			}
		},
		{
			"from": [3.99, 6.99, 5.99],
			"to": [6.01, 8.01, 10.01],
			"rotation": {"angle": 0, "axis": "y", "origin": [0, 2, 0]},
			"faces": {
				"north": {"uv": [12.516, 8.516, 13.484, 8.984], "texture": "#2"},
				"east": {"uv": [2.016, 12.516, 3.984, 12.984], "texture": "#2"},
				"south": {"uv": [12.516, 9.016, 13.484, 9.484], "texture": "#2"},
				"west": {"uv": [12.516, 4.516, 14.484, 4.984], "texture": "#2"},
				"up": {"uv": [11.984, 10.484, 11.016, 8.516], "texture": "#2"},
				"down": {"uv": [9.984, 11.016, 9.016, 12.984], "texture": "#2"}
			}
		},
		{
			"from": [9.99, 6.99, 5.99],
			"to": [12.01, 8.01, 10.01],
			"rotation": {"angle": 0, "axis": "y", "origin": [16, 2, 0]},
			"faces": {
				"north": {"uv": [13.484, 8.516, 12.516, 8.984], "texture": "#2"},
				"east": {"uv": [14.484, 4.516, 12.516, 4.984], "texture": "#2"},
				"south": {"uv": [13.484, 9.016, 12.516, 9.484], "texture": "#2"},
				"west": {"uv": [3.984, 12.516, 2.016, 12.984], "texture": "#2"},
				"up": {"uv": [11.016, 10.484, 11.984, 8.516], "texture": "#2"},
				"down": {"uv": [9.016, 11.016, 9.984, 12.984], "texture": "#2"}
			}
		},
		{
			"from": [3.99, 12.99, 5.99],
			"to": [6.01, 14.01, 10.01],
			"rotation": {"angle": 0, "axis": "y", "origin": [0, 2, 0]},
			"faces": {
				"north": {"uv": [12.516, 9.516, 13.484, 9.984], "texture": "#2"},
				"east": {"uv": [12.516, 5.016, 14.484, 5.484], "texture": "#2"},
				"south": {"uv": [12.516, 10.016, 13.484, 10.484], "texture": "#2"},
				"west": {"uv": [12.516, 5.516, 14.484, 5.984], "texture": "#2"},
				"up": {"uv": [10.984, 12.984, 10.016, 11.016], "texture": "#2"},
				"down": {"uv": [11.984, 10.516, 11.016, 12.484], "texture": "#2"}
			}
		},
		{
			"from": [9.99, 12.99, 5.99],
			"to": [12.01, 14.01, 10.01],
			"rotation": {"angle": 0, "axis": "y", "origin": [16, 2, 0]},
			"faces": {
				"north": {"uv": [13.484, 9.516, 12.516, 9.984], "texture": "#2"},
				"east": {"uv": [14.484, 5.516, 12.516, 5.984], "texture": "#2"},
				"south": {"uv": [13.484, 10.016, 12.516, 10.484], "texture": "#2"},
				"west": {"uv": [14.484, 5.016, 12.516, 5.484], "texture": "#2"},
				"up": {"uv": [10.016, 12.984, 10.984, 11.016], "texture": "#2"},
				"down": {"uv": [11.016, 10.516, 11.984, 12.484], "texture": "#2"}
			}
		}
	],
	"display": {
		"gui": {
			"rotation": [30, 45, 0],
			"translation": [-1, 0.25, 0]
		}
	},
	"groups": [
		{
			"name": "group",
			"origin": [8, 8, 8],
			"color": 0,
			"children": [
				{
					"name": "group",
					"origin": [8, 8, 8],
					"color": 0,
					"children": [0, 1, 2, 3, 4, 5, 6]
				},
				{
					"name": "group",
					"origin": [8, 8, 8],
					"color": 0,
					"children": [7, 8]
				},
				{
					"name": "group",
					"origin": [8, 8, 8],
					"color": 0,
					"children": [9, 10]
				},
				{
					"name": "group",
					"origin": [8, 8, 8],
					"color": 0,
					"children": [11, 12]
				}
			]
		}
	]
}