{
	"credit": "by w11shes",
	"parent": "hideaway:display_parents/back",
	"texture_size": [32, 32],
	"textures": {
		"1": "hideaway:back/ghosthunter_backpack",
		"particle": "hideaway:back/ghosthunter_backpack"
	},
	"elements": [
		{
			"from": [2, 0, 10],
			"to": [14, 14, 16],
			"rotation": {"angle": 0, "axis": "y", "origin": [0, 0, 16]},
			"faces": {
				"north": {"uv": [0.016, 0.016, 5.984, 6.984], "texture": "#1"},
				"east": {"uv": [0.016, 7.016, 2.984, 13.984], "texture": "#1"},
				"south": {"uv": [6.016, 0.016, 11.984, 6.984], "texture": "#1"},
				"west": {"uv": [2.984, 7.016, 0.016, 13.984], "texture": "#1"},
				"up": {"uv": [11.484, 9.984, 5.516, 7.016], "texture": "#1"},
				"down": {"uv": [11.484, 10.016, 5.516, 12.984], "texture": "#1"}
			}
		},
		{
			"from": [4, 0, 16],
			"to": [12, 8, 18],
			"rotation": {"angle": 0, "axis": "y", "origin": [0, 0, 16]},
			"faces": {
				"east": {"uv": [7.484, 15.484, 3.516, 14.516], "rotation": 90, "texture": "#1"},
				"south": {"uv": [11.516, 7.016, 15.484, 10.984], "texture": "#1"},
				"west": {"uv": [7.484, 14.516, 3.516, 15.484], "rotation": 90, "texture": "#1"},
				"up": {"uv": [15.984, 6.984, 12.016, 6.016], "texture": "#1"},
				"down": {"uv": [11.484, 13.016, 7.516, 13.984], "texture": "#1"}
			}
		},
		{
			"from": [6, 9, 16],
			"to": [10, 13, 18],
			"rotation": {"angle": 0, "axis": "y", "origin": [0, 0, 16]},
			"faces": {
				"east": {"uv": [2.016, 14.016, 2.984, 15.984], "texture": "#1"},
				"south": {"uv": [11.516, 13.016, 13.484, 14.984], "texture": "#1"},
				"west": {"uv": [2.984, 14.016, 2.016, 15.984], "texture": "#1"},
				"up": {"uv": [15.984, 3.984, 14.016, 3.016], "texture": "#1"},
				"down": {"uv": [15.984, 4.016, 14.016, 4.984], "texture": "#1"}
			}
		},
		{
			"from": [0.5, 5, 9],
			"to": [2.5, 17, 11],
			"rotation": {"angle": 0, "axis": "y", "origin": [0, 0, 16]},
			"faces": {
				"north": {"uv": [12.016, 0.016, 12.984, 5.984], "texture": "#1"},
				"east": {"uv": [14.984, 15.016, 9.016, 15.984], "rotation": 90, "texture": "#1"},
				"south": {"uv": [13.016, 0.016, 13.984, 5.984], "texture": "#1"},
				"west": {"uv": [14.984, 15.984, 9.016, 15.016], "rotation": 90, "texture": "#1"},
				"up": {"uv": [14.984, 5.984, 14.016, 5.016], "texture": "#1"},
				"down": {"uv": [14.984, 5.984, 14.016, 5.016], "texture": "#1"}
			}
		},
		{
			"from": [1.5, 4, 10],
			"to": [1.5, 19, 15],
			"rotation": {"angle": 0, "axis": "y", "origin": [0, 0, 16]},
			"faces": {
				"east": {"uv": [5.484, 7.016, 3.016, 14.484], "texture": "#1"},
				"west": {"uv": [3.016, 7.016, 5.484, 14.484], "texture": "#1"}
			}
		},
		{
			"from": [1, 1, 13],
			"to": [2, 4, 16],
			"rotation": {"angle": 0, "axis": "y", "origin": [0, 0, 16]},
			"faces": {
				"north": {"uv": [7.516, 14.016, 7.984, 15.484], "texture": "#1"},
				"south": {"uv": [7.516, 14.016, 7.984, 15.484], "texture": "#1"},
				"west": {"uv": [14.016, 1.516, 15.484, 2.984], "texture": "#1"},
				"up": {"uv": [8.484, 15.484, 8.016, 14.016], "texture": "#1"},
				"down": {"uv": [8.984, 14.016, 8.516, 15.484], "texture": "#1"}
			}
		},
		{
			"from": [4, 8, 16.95],
			"to": [12, 12, 17],
			"rotation": {"angle": 0, "axis": "y", "origin": [0, 0, 16]},
			"faces": {
				"north": {"uv": [15.484, 11.016, 11.516, 12.984], "texture": "#1"},
				"south": {"uv": [11.516, 11.016, 15.484, 12.984], "texture": "#1"}
			}
		},
		{
			"from": [6, 13, 14],
			"to": [10, 16, 17],
			"rotation": {"angle": 0, "axis": "y", "origin": [0, 0, 16]},
			"faces": {
				"north": {"uv": [13.516, 13.016, 15.484, 14.484], "texture": "#1"},
				"south": {"uv": [0.016, 14.016, 1.984, 15.484], "texture": "#1"},
				"up": {"uv": [15.984, 1.484, 14.016, 0.016], "texture": "#1"}
			}
		},
		{
			"name": "cube inverted",
			"from": [10, 16, 17],
			"to": [6, 13, 14],
			"rotation": {"angle": 0, "axis": "y", "origin": [0, 0, 16]},
			"faces": {
				"north": {"uv": [0.016, 15.484, 1.984, 14.016], "texture": "#1"},
				"south": {"uv": [13.516, 14.484, 15.484, 13.016], "texture": "#1"},
				"down": {"uv": [14.016, 1.484, 15.984, 0.016], "texture": "#1"}
			}
		}
	],
	"display": {
		"gui": {
			"rotation": [30, -45, 0],
			"translation": [2.25, 0.25, 0],
			"scale": [0.64, 0.64, 0.64]
		}
	},
	"__credit": "Generated using Animated Java (https://animated-java.dev/)"
}