{
	"credit": "Made with Blockbench",
	"parent": "hideaway:display_parents/back",
	"texture_size": [64, 64],
	"textures": {
		"1": "hideaway:back/gingerbread_house_cape",
		"particle": "hideaway:back/gingerbread_house_cape"
	},
	"elements": [
		{
			"from": [11.9, 13.9, 5.9],
			"to": [16.1, 15.1, 10.1],
			"rotation": {"angle": 0, "axis": "y", "origin": [15, 14, 8]},
			"faces": {
				"north": {"uv": [8.5, 3.5, 9.5, 3.75], "texture": "#1"},
				"east": {"uv": [8.5, 3.5, 9.5, 3.75], "texture": "#1"},
				"south": {"uv": [8.5, 3.5, 9.5, 3.75], "texture": "#1"},
				"west": {"uv": [8.5, 3.5, 9.5, 3.75], "texture": "#1"},
				"up": {"uv": [9.5, 1.5, 8.5, 2.5], "texture": "#1"},
				"down": {"uv": [9.5, 1.5, 8.5, 2.5], "texture": "#1"}
			}
		},
		{
			"from": [12, 15, 6],
			"to": [16, 16, 10],
			"rotation": {"angle": 0, "axis": "y", "origin": [15, 15, 8]},
			"faces": {
				"north": {"uv": [8.5, 3.75, 9.5, 4], "texture": "#1"},
				"east": {"uv": [8.5, 4, 9.5, 4.25], "texture": "#1"},
				"south": {"uv": [8.5, 4, 9.5, 4.25], "texture": "#1"},
				"west": {"uv": [8.5, 4, 9.5, 4.25], "texture": "#1"},
				"up": {"uv": [9.5, 3.5, 8.5, 2.5], "texture": "#1"}
			}
		},
		{
			"from": [-0.1, 13.9, 5.9],
			"to": [4.1, 15.1, 10.1],
			"rotation": {"angle": 0, "axis": "y", "origin": [1, 14, 8]},
			"faces": {
				"north": {"uv": [9.5, 3.5, 8.5, 3.75], "texture": "#1"},
				"east": {"uv": [9.5, 3.5, 8.5, 3.75], "texture": "#1"},
				"south": {"uv": [9.5, 3.5, 8.5, 3.75], "texture": "#1"},
				"west": {"uv": [9.5, 3.5, 8.5, 3.75], "texture": "#1"},
				"up": {"uv": [8.5, 1.5, 9.5, 2.5], "texture": "#1"},
				"down": {"uv": [8.5, 1.5, 9.5, 2.5], "texture": "#1"}
			}
		},
		{
			"from": [0, 15, 6],
			"to": [4, 16, 10],
			"rotation": {"angle": 0, "axis": "y", "origin": [1, 15, 8]},
			"faces": {
				"north": {"uv": [9.5, 3.75, 8.5, 4], "texture": "#1"},
				"east": {"uv": [9.5, 4, 8.5, 4.25], "texture": "#1"},
				"south": {"uv": [9.5, 4, 8.5, 4.25], "texture": "#1"},
				"west": {"uv": [9.5, 4, 8.5, 4.25], "texture": "#1"},
				"up": {"uv": [8.5, 3.5, 9.5, 2.5], "texture": "#1"}
			}
		},
		{
			"from": [0, -10, 9],
			"to": [16, 14, 11],
			"rotation": {"angle": -22.5, "axis": "x", "origin": [7, 14, 10]},
			"faces": {
				"north": {"uv": [0, 0, 4, 6], "texture": "#1"},
				"east": {"uv": [8, 0, 8.5, 6], "texture": "#1"},
				"south": {"uv": [4, 0, 8, 6], "texture": "#1"},
				"up": {"uv": [12.5, 0.5, 8.5, 0], "texture": "#1"}
			}
		},
		{
			"from": [-0.1, -10.1, 8.9],
			"to": [16.1, 14.1, 11.1],
			"rotation": {"angle": -22.5, "axis": "x", "origin": [7, 14, 10]},
			"faces": {
				"north": {"uv": [0, 6, 4, 12], "texture": "#1"},
				"east": {"uv": [8, 6, 8.5, 12], "texture": "#1"},
				"south": {"uv": [4, 6, 8, 12], "texture": "#1"},
				"west": {"uv": [8.5, 6, 8, 12], "texture": "#1"},
				"up": {"uv": [12.5, 1, 8.5, 0.5], "texture": "#1"},
				"down": {"uv": [12.5, 1, 8.5, 1.5], "texture": "#1"}
			}
		}
	],
	"display": {
		"thirdperson_righthand": {
			"rotation": [58.35, -170, 4.91],
			"scale": [0.5, 0.5, 0.5]
		},
		"thirdperson_lefthand": {
			"rotation": [58.35, -170, 4.91],
			"scale": [0.5, 0.5, 0.5]
		},
		"firstperson_righthand": {
			"rotation": [-26.09, -38.75, -38.09],
			"translation": [3, 1, 0],
			"scale": [0.5, 0.5, 0.5]
		},
		"firstperson_lefthand": {
			"rotation": [-26.09, -38.75, -38.09],
			"translation": [3, 1, 0],
			"scale": [0.5, 0.5, 0.5]
		},
		"gui": {
			"rotation": [30, 45, 0],
			"translation": [-2, 2.5, 0],
			"scale": [0.5, 0.5, 0.5]
		}
	},
	"groups": [
		{
			"name": "group",
			"origin": [8, 8, 8],
			"color": 0,
			"nbt": "{}",
			"children": [
				{
					"name": "group",
					"origin": [15, 15, 8],
					"color": 0,
					"nbt": "{}",
					"children": [0, 1]
				},
				{
					"name": "group",
					"origin": [15, 15, 8],
					"color": 0,
					"nbt": "{}",
					"children": [2, 3]
				}
			]
		},
		{
			"name": "group",
			"origin": [8, 8, 8],
			"color": 0,
			"nbt": "{}",
			"children": [
				4,
				5,
				{
					"name": "group",
					"origin": [7, 14, 10],
					"color": 0,
					"nbt": "{}",
					"children": []
				}
			]
		}
	]
}