{
	"credit": "Made with Blockbench",
	"parent": "hideaway:display_parents/back",
	"texture_size": [64, 64],
	"textures": {
		"0": "hideaway:back/goose_back",
		"1": "hideaway:back/goose_wings",
		"particle": "hideaway:back/goose_back"
	},
	"elements": [
		{
			"from": [5, 6, 10],
			"to": [11, 12, 18],
			"rotation": {"angle": -22.5, "axis": "x", "origin": [8, 9, 14]},
			"faces": {
				"north": {"uv": [0, 5, 1.5, 6.5], "texture": "#0", "tintindex": 0},
				"east": {"uv": [2.5, 4, 4.5, 5.5], "texture": "#0", "tintindex": 0},
				"south": {"uv": [1.5, 5.5, 3, 7], "texture": "#0", "tintindex": 0},
				"west": {"uv": [4.5, 0, 6.5, 1.5], "texture": "#0", "tintindex": 0},
				"up": {"uv": [6, 3.5, 4.5, 1.5], "texture": "#0", "tintindex": 0},
				"down": {"uv": [6, 3.5, 4.5, 5.5], "texture": "#0", "tintindex": 0}
			}
		},
		{
			"from": [7, 10, 16],
			"to": [9, 17, 18],
			"rotation": {"angle": 22.5, "axis": "x", "origin": [8, 9, 14]},
			"faces": {
				"north": {"uv": [4, 7.5, 4.5, 9.25], "texture": "#0", "tintindex": 0},
				"east": {"uv": [7.5, 7.25, 8, 9], "texture": "#0", "tintindex": 0},
				"south": {"uv": [8, 3, 8.5, 4.75], "texture": "#0", "tintindex": 0},
				"west": {"uv": [8, 7.25, 8.5, 9], "texture": "#0", "tintindex": 0},
				"up": {"uv": [2, 5.5, 1.5, 5], "texture": "#0", "tintindex": 0},
				"down": {"uv": [2.5, 5, 2, 5.5], "texture": "#0", "tintindex": 0}
			}
		},
		{
			"from": [7, 11.84962, 21.75603],
			"to": [9, 13.84962, 21.75603],
			"rotation": {"angle": -22.5, "axis": "x", "origin": [8, 14.53806, 21.5]},
			"faces": {
				"north": {"uv": [5, 8.25, 5.5, 8.75], "texture": "#0"},
				"east": {"uv": [0, 0, 0, 0.5], "texture": "#0"},
				"south": {"uv": [5.5, 8.25, 6, 8.75], "texture": "#0"},
				"west": {"uv": [0, 0, 0, 0.5], "texture": "#0"},
				"up": {"uv": [0.5, 0, 0, 0], "texture": "#0"},
				"down": {"uv": [0.5, 0, 0, 0], "texture": "#0"}
			}
		},
		{
			"from": [11.25, 7.75, 9],
			"to": [13.25, 7.75, 19],
			"rotation": {"angle": 45, "axis": "z", "origin": [12, 7, 14]},
			"faces": {
				"north": {"uv": [0, 0, 0.5, 0], "texture": "#0"},
				"east": {"uv": [0, 0, 2.5, 0], "texture": "#0"},
				"south": {"uv": [0, 0, 0.5, 0], "texture": "#0"},
				"west": {"uv": [0, 0, 2.5, 0], "texture": "#0"},
				"up": {"uv": [1, 9, 0.5, 6.5], "texture": "#0"},
				"down": {"uv": [1, 6.5, 0.5, 9], "texture": "#0"}
			}
		},
		{
			"from": [3, 4, 9],
			"to": [13, 7, 19],
			"faces": {
				"north": {"uv": [6, 1.5, 8.5, 2.25], "texture": "#0"},
				"east": {"uv": [6, 1.5, 8.5, 2.25], "texture": "#0"},
				"south": {"uv": [6, 1.5, 8.5, 2.25], "texture": "#0"},
				"west": {"uv": [6, 1.5, 8.5, 2.25], "texture": "#0"},
				"up": {"uv": [2.5, 2.5, 0, 0], "texture": "#0"},
				"down": {"uv": [2.5, 2.5, 0, 5], "texture": "#0"}
			}
		},
		{
			"from": [2.75, 7.75, 9],
			"to": [4.75, 7.75, 19],
			"rotation": {"angle": -45, "axis": "z", "origin": [4, 7, 14]},
			"faces": {
				"north": {"uv": [0, 0, 0.5, 0], "texture": "#0"},
				"east": {"uv": [0, 0, 2.5, 0], "texture": "#0"},
				"south": {"uv": [0, 0, 0.5, 0], "texture": "#0"},
				"west": {"uv": [0, 0, 2.5, 0], "texture": "#0"},
				"up": {"uv": [0.5, 9, 1, 6.5], "texture": "#0"},
				"down": {"uv": [0.5, 6.5, 1, 9], "texture": "#0"}
			}
		},
		{
			"from": [3, 7.75, 8.5],
			"to": [13, 7.75, 10.5],
			"rotation": {"angle": 45, "axis": "x", "origin": [8, 7, 9.75]},
			"faces": {
				"north": {"uv": [0, 0, 2.5, 0], "texture": "#0"},
				"east": {"uv": [0, 0, 0.5, 0], "texture": "#0"},
				"south": {"uv": [0, 0, 2.5, 0], "texture": "#0"},
				"west": {"uv": [0, 0, 0.5, 0], "texture": "#0"},
				"up": {"uv": [9, 1, 6.5, 0.5], "texture": "#0"},
				"down": {"uv": [9, 0.5, 6.5, 1], "texture": "#0"}
			}
		},
		{
			"from": [3, 7.75, 17.5],
			"to": [13, 7.75, 19.5],
			"rotation": {"angle": -45, "axis": "x", "origin": [8, 7, 18.25]},
			"faces": {
				"north": {"uv": [0, 0, 2.5, 0], "texture": "#0"},
				"east": {"uv": [0, 0, 0.5, 0], "texture": "#0"},
				"south": {"uv": [0, 0, 2.5, 0], "texture": "#0"},
				"west": {"uv": [0, 0, 0.5, 0], "texture": "#0"},
				"up": {"uv": [9, 0.5, 6.5, 1], "texture": "#0"},
				"down": {"uv": [9, 1, 6.5, 0.5], "texture": "#0"}
			}
		},
		{
			"from": [6, 14, 18],
			"to": [10, 18, 22],
			"rotation": {"angle": 0, "axis": "y", "origin": [8, 14.53806, 21.5]},
			"faces": {
				"north": {"uv": [5.5, 7.25, 4.5, 8.25], "texture": "#0", "tintindex": 0},
				"east": {"uv": [3, 7.5, 2, 8.5], "texture": "#0", "tintindex": 0},
				"south": {"uv": [7.5, 7.25, 6.5, 8.25], "texture": "#0", "tintindex": 0},
				"west": {"uv": [6.5, 7.25, 5.5, 8.25], "texture": "#0", "tintindex": 0},
				"up": {"uv": [3, 8.5, 4, 7.5], "texture": "#0", "tintindex": 0},
				"down": {"uv": [7.5, 6.25, 8.5, 7.25], "texture": "#0", "tintindex": 0}
			}
		},
		{
			"from": [5.5, 15, 22.25],
			"to": [10.5, 19, 22.25],
			"rotation": {"angle": 0, "axis": "y", "origin": [8.5, 14.53806, 21.75]},
			"faces": {
				"north": {"uv": [6.25, 6.25, 5, 7.25], "texture": "#0"},
				"east": {"uv": [0, 0, 0, 1], "texture": "#0"},
				"south": {"uv": [7.5, 6.25, 6.25, 7.25], "texture": "#0"},
				"west": {"uv": [0, 0, 0, 1], "texture": "#0"},
				"up": {"uv": [0, 0, 1.25, 0], "texture": "#0"},
				"down": {"uv": [0, 0, 1.25, 0], "texture": "#0"}
			}
		},
		{
			"from": [5.5, 15, 22.25],
			"to": [10.5, 19, 22.25],
			"rotation": {"angle": 0, "axis": "y", "origin": [8.5, 14.53806, 21.75]},
			"faces": {
				"north": {"uv": [6.25, 6.25, 5, 7.25], "texture": "#0"},
				"east": {"uv": [0, 0, 0, 1], "texture": "#0"},
				"south": {"uv": [7.5, 6.25, 6.25, 7.25], "texture": "#0"},
				"west": {"uv": [0, 0, 0, 1], "texture": "#0"},
				"up": {"uv": [0, 0, 1.25, 0], "texture": "#0"},
				"down": {"uv": [0, 0, 1.25, 0], "texture": "#0"}
			}
		},
		{
			"from": [4, 1, 10],
			"to": [12, 4, 18],
			"rotation": {"angle": 0, "axis": "y", "origin": [16, 0, 0]},
			"faces": {
				"north": {"uv": [8, 4.5, 6, 5.25], "texture": "#0"},
				"east": {"uv": [8, 4.5, 6, 5.25], "texture": "#0"},
				"south": {"uv": [8, 4.5, 6, 5.25], "texture": "#0"},
				"west": {"uv": [8, 4.5, 6, 5.25], "texture": "#0"},
				"up": {"uv": [2.5, 2, 4.5, 0], "texture": "#0"},
				"down": {"uv": [2.5, 2, 4.5, 4], "texture": "#0"}
			}
		},
		{
			"from": [3.9, 1.9, 9.9],
			"to": [12.1, 4.1, 18.1],
			"rotation": {"angle": 0, "axis": "y", "origin": [16, 0, 0]},
			"faces": {
				"north": {"uv": [10.5, 7.5, 8.5, 8], "texture": "#0", "tintindex": 0},
				"east": {"uv": [10.5, 7.5, 8.5, 8], "texture": "#0", "tintindex": 0},
				"south": {"uv": [10.5, 7.5, 8.5, 8], "texture": "#0", "tintindex": 0},
				"west": {"uv": [10.5, 7.5, 8.5, 8], "texture": "#0", "tintindex": 0},
				"up": {"uv": [2.5, 2, 4.5, 0], "texture": "#0"},
				"down": {"uv": [2.5, 2, 4.5, 4], "texture": "#0"}
			}
		},
		{
			"from": [7, 14, 22],
			"to": [9, 15, 24],
			"rotation": {"angle": 0, "axis": "y", "origin": [8, 14.53806, 21.5]},
			"faces": {
				"north": {"uv": [6.5, 5.25, 6, 5.5], "texture": "#0"},
				"east": {"uv": [7.5, 5.25, 7, 5.5], "texture": "#0"},
				"south": {"uv": [5, 7, 4.5, 7.25], "texture": "#0"},
				"west": {"uv": [7, 5.25, 6.5, 5.5], "texture": "#0"},
				"up": {"uv": [8, 6.25, 8.5, 5.75], "texture": "#0"},
				"down": {"uv": [4.5, 8.25, 5, 8.75], "texture": "#0"}
			}
		},
		{
			"from": [9, -3, 18.5],
			"to": [11, 4, 18.5],
			"rotation": {"angle": 0, "axis": "y", "origin": [10, 3.53806, 18]},
			"faces": {
				"north": {"uv": [9, 5.75, 8.5, 7.5], "texture": "#0", "tintindex": 0},
				"east": {"uv": [7.5, 5.25, 7, 5.5], "texture": "#0", "tintindex": 0},
				"south": {"uv": [8.5, 5.75, 9, 7.5], "texture": "#0", "tintindex": 0},
				"west": {"uv": [7, 5.25, 6.5, 5.5], "texture": "#0", "tintindex": 0},
				"up": {"uv": [8, 6.25, 8.5, 5.75], "texture": "#0"},
				"down": {"uv": [4.5, 8.25, 5, 8.75], "texture": "#0"}
			}
		},
		{
			"from": [-16, 6, 15],
			"to": [4, 22, 15],
			"rotation": {"angle": 22.5, "axis": "z", "origin": [-3, 14.5, 15]},
			"faces": {
				"north": {"uv": [5, 0, 0, 4], "texture": "#1", "tintindex": 0},
				"east": {"uv": [0, 0, 0, 3.5], "texture": "#1", "tintindex": 0},
				"south": {"uv": [0, 0, 5, 4], "texture": "#1", "tintindex": 0},
				"west": {"uv": [0, 0, 0, 3.5], "texture": "#1", "tintindex": 0},
				"up": {"uv": [4.5, 0, 0, 0], "texture": "#1", "tintindex": 0},
				"down": {"uv": [4.5, 0, 0, 0], "texture": "#1", "tintindex": 0}
			}
		},
		{
			"from": [12, 6, 15],
			"to": [32, 22, 15],
			"rotation": {"angle": -22.5, "axis": "z", "origin": [19, 14.5, 15]},
			"faces": {
				"north": {"uv": [0, 0, 5, 4], "texture": "#1", "tintindex": 0},
				"east": {"uv": [0, 0, 0, 3.5], "texture": "#1", "tintindex": 0},
				"south": {"uv": [5, 0, 0, 4], "texture": "#1", "tintindex": 0},
				"west": {"uv": [0, 0, 0, 3.5], "texture": "#1", "tintindex": 0},
				"up": {"uv": [0, 0, 4.5, 0], "texture": "#1", "tintindex": 0},
				"down": {"uv": [0, 0, 4.5, 0], "texture": "#1", "tintindex": 0}
			}
		}
	],
	"display": {
		"gui": {
			"rotation": [30, 45, 0],
			"translation": [-2.5, 0.25, 0],
			"scale": [0.43, 0.43, 0.43]
		}
	},
	"groups": [
		{
			"name": "group",
			"origin": [8, 8, 8],
			"color": 0,
			"nbt": "{}",
			"children": [
				{
					"name": "group",
					"origin": [8, 8, 8],
					"color": 0,
					"nbt": "{}",
					"children": [0, 1]
				},
				{
					"name": "group",
					"origin": [0, 0, 0],
					"color": 0,
					"nbt": "{}",
					"children": [2]
				},
				{
					"name": "group",
					"origin": [0, 0, 0],
					"color": 0,
					"nbt": "{}",
					"children": [3, 4, 5, 6, 7]
				},
				{
					"name": "group",
					"origin": [16, 0, 0],
					"color": 0,
					"nbt": "{}",
					"children": [8, 9, 10, 11, 12, 13, 14]
				}
			]
		},
		{
			"name": "group",
			"origin": [16, 0, 0],
			"color": 0,
			"nbt": "{}",
			"children": [
				{
					"name": "group",
					"origin": [16, 0, 0],
					"color": 0,
					"nbt": "{}",
					"children": []
				},
				{
					"name": "group",
					"origin": [0, 0, 0],
					"color": 0,
					"nbt": "{}",
					"children": [15]
				}
			]
		},
		{
			"name": "group",
			"origin": [0, 0, 0],
			"color": 0,
			"nbt": "{}",
			"children": [
				{
					"name": "group",
					"origin": [16, 0, 0],
					"color": 0,
					"nbt": "{}",
					"children": [16]
				}
			]
		}
	],
	"__credit": "Generated using Animated Java (https://animated-java.dev/)"
}