{
	"credit": "Made with Blockbench",
	"parent": "hideaway:display_parents/back",
	"texture_size": [64, 64],
	"textures": {
		"1": "hideaway:back/gothic_gargoyle_wing",
		"particle": "hideaway:back/gothic_gargoyle_wing"
	},
	"elements": [
		{
			"from": [3.75, 2.65, 11.75],
			"to": [12.25, 10.15, 17.25],
			"rotation": {"angle": -22.5, "axis": "x", "origin": [8, 2.4, 12]},
			"faces": {
				"east": {"uv": [2.008, 0.008, 3.242, 1.742], "texture": "#1"},
				"south": {"uv": [0.008, 0.008, 1.992, 1.742], "texture": "#1"},
				"west": {"uv": [3.242, 0.008, 2.008, 1.742], "texture": "#1"},
				"up": {"uv": [5.242, 0.008, 3.258, 1.242], "texture": "#1"}
			}
		},
		{
			"from": [3.75, 2.65, 11.75],
			"to": [12.25, 10.15, 17.25],
			"rotation": {"angle": -22.5, "axis": "x", "origin": [8, 2.4, 12]},
			"faces": {
				"south": {"uv": [10.508, 0.258, 12.492, 1.992], "texture": "#1", "tintindex": 0}
			}
		},
		{
			"from": [4, 1.4, 10.5],
			"to": [12, 6.4, 14.5],
			"rotation": {"angle": -22.5, "axis": "x", "origin": [8, 0.9, 12]},
			"faces": {
				"east": {"uv": [3.242, 2.742, 2.008, 1.758], "rotation": 90, "texture": "#1"},
				"west": {"uv": [3.242, 1.758, 2.008, 2.742], "rotation": 90, "texture": "#1"},
				"down": {"uv": [0.008, 2.742, 1.992, 1.758], "rotation": 180, "texture": "#1"}
			}
		},
		{
			"name": "cube inverted",
			"from": [12.25, 10.15, 17.25],
			"to": [3.75, 2.65, 11.75],
			"rotation": {"angle": -22.5, "axis": "x", "origin": [8, 2.4, 12]},
			"faces": {
				"north": {"uv": [5.258, 1.742, 7.242, 0.008], "texture": "#1", "tintindex": 0},
				"east": {"uv": [8.492, 1.742, 7.258, 0.008], "texture": "#1", "tintindex": 0},
				"west": {"uv": [7.258, 1.742, 8.492, 0.008], "texture": "#1", "tintindex": 0},
				"down": {"uv": [8.508, 0.008, 10.492, 1.242], "texture": "#1", "tintindex": 0}
			}
		},
		{
			"name": "cube inverted",
			"from": [12, 6.4, 14.5],
			"to": [4, 1.4, 10.5],
			"rotation": {"angle": -22.5, "axis": "x", "origin": [8, 0.9, 12]},
			"faces": {
				"east": {"uv": [7.258, 1.758, 8.492, 2.742], "rotation": 90, "texture": "#1", "tintindex": 0},
				"west": {"uv": [7.258, 2.742, 8.492, 1.758], "rotation": 90, "texture": "#1", "tintindex": 0},
				"up": {"uv": [7.242, 2.742, 5.258, 1.758], "rotation": 180, "texture": "#1", "tintindex": 0}
			}
		},
		{
			"from": [5, 3.4, 8.8],
			"to": [11, 9.4, 14.8],
			"rotation": {"angle": -45, "axis": "x", "origin": [8, 6.4, 12.5]},
			"faces": {
				"north": {"uv": [0.008, 3.008, 1.242, 4.242], "rotation": 180, "texture": "#1", "tintindex": 0},
				"east": {"uv": [0.008, 3.008, 1.242, 4.242], "rotation": 270, "texture": "#1", "tintindex": 0},
				"south": {"uv": [0.008, 3.008, 1.242, 4.242], "texture": "#1", "tintindex": 0},
				"west": {"uv": [0.008, 3.008, 1.242, 4.242], "rotation": 90, "texture": "#1", "tintindex": 0},
				"up": {"uv": [0.008, 3.008, 1.242, 4.242], "rotation": 180, "texture": "#1", "tintindex": 0},
				"down": {"uv": [0.008, 3.008, 1.242, 4.242], "texture": "#1", "tintindex": 0}
			}
		},
		{
			"from": [-6, 4.27406, 12.24793],
			"to": [6, 15.27406, 12.24793],
			"rotation": {"angle": -22.5, "axis": "z", "origin": [-4, 9.52406, 11.74793]},
			"faces": {
				"north": {"uv": [6.508, 3.258, 9.242, 6.242], "rotation": 90, "texture": "#1"},
				"south": {"uv": [9.242, 3.258, 6.508, 6.242], "rotation": 270, "texture": "#1"}
			}
		},
		{
			"from": [10, 4.27406, 12.24793],
			"to": [22, 15.27406, 12.24793],
			"rotation": {"angle": 22.5, "axis": "z", "origin": [20, 9.52406, 11.74793]},
			"faces": {
				"north": {"uv": [6.508, 6.242, 9.242, 3.258], "rotation": 90, "texture": "#1"},
				"south": {"uv": [9.242, 6.242, 6.508, 3.258], "rotation": 270, "texture": "#1"}
			}
		},
		{
			"from": [9.5, -11.47594, 16.49793],
			"to": [30.5, 7.52406, 16.49793],
			"rotation": {"angle": -22.5, "axis": "x", "origin": [8, -1.97594, 16.49793]},
			"faces": {
				"north": {"uv": [6.492, 2.758, 1.258, 7.492], "texture": "#1", "tintindex": 0},
				"south": {"uv": [1.258, 2.758, 6.492, 7.492], "texture": "#1", "tintindex": 0}
			}
		},
		{
			"from": [-14.5, -11.47594, 16.49793],
			"to": [6.5, 7.52406, 16.49793],
			"rotation": {"angle": -22.5, "axis": "x", "origin": [8, -1.97594, 16.49793]},
			"faces": {
				"north": {"uv": [1.258, 2.758, 6.492, 7.492], "texture": "#1", "tintindex": 0},
				"south": {"uv": [6.492, 2.758, 1.258, 7.492], "texture": "#1", "tintindex": 0}
			}
		}
	],
	"display": {
		"gui": {
			"rotation": [30, 45, 0],
			"translation": [-3, 4.75, 0],
			"scale": [0.44, 0.44, 0.44]
		}
	},
	"groups": [
		{
			"name": "body",
			"origin": [8, 8, 8],
			"color": 0,
			"nbt": "{}",
			"children": [
				0,
				1,
				2,
				3,
				4,
				5,
				{
					"name": "group",
					"origin": [8, 8, 8],
					"color": 0,
					"nbt": "{}",
					"children": [6, 7, 8, 9]
				}
			]
		}
	],
	"__credit": "Generated using Animated Java (https://animated-java.dev/)"
}