{
	"credit": "Made with Blockbench",
	"parent": "hideaway:display_parents/back",
	"texture_size": [32, 32],
	"textures": {
		"1": "hideaway:back/graser_back",
		"particle": "hideaway:back/graser_back"
	},
	"elements": [
		{
			"from": [12.75, 7.68198, 15.42462],
			"to": [14.75, 9.68198, 19.42462],
			"rotation": {"angle": 45, "axis": "x", "origin": [12.75, 12.68198, 16.92462]},
			"faces": {
				"east": {"uv": [0.016, 3.016, 1.984, 3.984], "texture": "#1"},
				"south": {"uv": [4.016, 3.016, 4.984, 4], "texture": "#1"},
				"west": {"uv": [1.016, 3.016, 2.984, 4], "texture": "#1"},
				"up": {"uv": [4.016, 1.016, 4.984, 2.984], "texture": "#1"},
				"down": {"uv": [4.016, 3.984, 4.984, 2.016], "texture": "#1"}
			}
		},
		{
			"from": [12.75, 13.68198, 13.42462],
			"to": [14.75, 15.68198, 19.42462],
			"rotation": {"angle": 45, "axis": "x", "origin": [12.75, 12.68198, 16.92462]},
			"faces": {
				"north": {"uv": [3.016, 0.016, 3.984, 0.984], "texture": "#1"},
				"east": {"uv": [0.016, 0.016, 2.984, 0.984], "texture": "#1"},
				"south": {"uv": [3.016, 0.016, 3.984, 0.984], "texture": "#1"},
				"west": {"uv": [0.016, 0.016, 2.984, 0.984], "texture": "#1"},
				"up": {"uv": [0.016, 0.016, 2.984, 0.984], "rotation": 90, "texture": "#1"},
				"down": {"uv": [4.016, 4.016, 4.984, 6.984], "texture": "#1"}
			}
		},
		{
			"from": [12.75, 7.68198, 13.42462],
			"to": [14.75, 13.68198, 15.42462],
			"rotation": {"angle": 45, "axis": "x", "origin": [12.75, 12.68198, 16.92462]},
			"faces": {
				"north": {"uv": [4.016, 4.016, 4.984, 6.984], "texture": "#1"},
				"east": {"uv": [3.016, 0.516, 3.984, 3.484], "texture": "#1"},
				"south": {"uv": [4.016, 1.016, 4.984, 3.984], "texture": "#1"},
				"west": {"uv": [3.984, 0.516, 3.016, 3.5], "texture": "#1"},
				"down": {"uv": [4.016, 3.016, 4.984, 3.984], "texture": "#1"}
			}
		},
		{
			"from": [13.75, 4.68198, 13.42462],
			"to": [13.75, 29.68198, 24.42462],
			"rotation": {"angle": 45, "axis": "x", "origin": [12.75, 12.68198, 16.92462]},
			"faces": {
				"east": {"uv": [10.484, 0.016, 5.016, 12.484], "texture": "#1", "tintindex": 0},
				"west": {"uv": [5.016, 0.016, 10.484, 12.484], "texture": "#1", "tintindex": 0}
			}
		},
		{
			"from": [1.25, 7.68198, 15.42462],
			"to": [3.25, 9.68198, 19.42462],
			"rotation": {"angle": 45, "axis": "x", "origin": [3.25, 12.68198, 16.92462]},
			"faces": {
				"east": {"uv": [2.984, 3.016, 1.016, 4], "texture": "#1"},
				"south": {"uv": [4.984, 3.016, 4.016, 4], "texture": "#1"},
				"west": {"uv": [1.984, 3.016, 0.016, 3.984], "texture": "#1"},
				"up": {"uv": [4.984, 1.016, 4.016, 2.984], "texture": "#1"},
				"down": {"uv": [4.984, 3.984, 4.016, 2.016], "texture": "#1"}
			}
		},
		{
			"from": [1.25, 13.68198, 13.42462],
			"to": [3.25, 15.68198, 19.42462],
			"rotation": {"angle": 45, "axis": "x", "origin": [3.25, 12.68198, 16.92462]},
			"faces": {
				"north": {"uv": [3.984, 0.016, 3.016, 0.984], "texture": "#1"},
				"east": {"uv": [2.984, 0.016, 0.016, 0.984], "texture": "#1"},
				"south": {"uv": [3.984, 0.016, 3.016, 0.984], "texture": "#1"},
				"west": {"uv": [2.984, 0.016, 0.016, 0.984], "texture": "#1"},
				"up": {"uv": [0.016, 0.984, 2.984, 0.016], "rotation": 90, "texture": "#1"},
				"down": {"uv": [4.984, 4.016, 4.016, 6.984], "texture": "#1"}
			}
		},
		{
			"from": [1.25, 7.68198, 13.42462],
			"to": [3.25, 13.68198, 15.42462],
			"rotation": {"angle": 45, "axis": "x", "origin": [3.25, 12.68198, 16.92462]},
			"faces": {
				"north": {"uv": [4.984, 4.016, 4.016, 6.984], "texture": "#1"},
				"east": {"uv": [3.016, 0.516, 3.984, 3.5], "texture": "#1"},
				"south": {"uv": [4.984, 1.016, 4.016, 3.984], "texture": "#1"},
				"west": {"uv": [3.984, 0.516, 3.016, 3.484], "texture": "#1"},
				"down": {"uv": [4.984, 3.016, 4.016, 3.984], "texture": "#1"}
			}
		},
		{
			"from": [2.25, 4.68198, 13.42462],
			"to": [2.25, 29.68198, 24.42462],
			"rotation": {"angle": 45, "axis": "x", "origin": [3.25, 12.68198, 16.92462]},
			"faces": {
				"east": {"uv": [10.484, 0.016, 5.016, 12.484], "texture": "#1", "tintindex": 0},
				"west": {"uv": [5.016, 0.016, 10.484, 12.484], "texture": "#1", "tintindex": 0}
			}
		},
		{
			"from": [3.75, 5.75, 10.75],
			"to": [12.25, 9.25, 18.25],
			"rotation": {"angle": -22.5, "axis": "x", "origin": [8, 9.5, 13]},
			"faces": {
				"north": {"uv": [12.032, 14.532, 16, 16], "texture": "#1"},
				"east": {"uv": [0.016, 14.516, 3.484, 15.984], "texture": "#1"},
				"south": {"uv": [0.016, 14.516, 3.984, 15.984], "texture": "#1"},
				"west": {"uv": [0.016, 14.516, 3.484, 15.984], "texture": "#1"}
			}
		},
		{
			"from": [4, 6, 11],
			"to": [12, 13, 18],
			"rotation": {"angle": -22.5, "axis": "x", "origin": [8, 9.5, 13]},
			"faces": {
				"north": {"uv": [8.016, 12.532, 11.984, 16], "texture": "#1"},
				"east": {"uv": [4.016, 12.516, 7.984, 15.984], "texture": "#1"},
				"south": {"uv": [0.016, 4.016, 3.984, 7.484], "texture": "#1"},
				"west": {"uv": [7.984, 12.516, 4.016, 15.984], "texture": "#1"},
				"up": {"uv": [0.016, 11.016, 3.984, 14.484], "texture": "#1"},
				"down": {"uv": [0.016, 7.516, 3.984, 10.984], "texture": "#1"}
			}
		},
		{
			"name": "cube inverted",
			"from": [12.25, 9.25, 18.25],
			"to": [3.75, 5.75, 10.75],
			"rotation": {"angle": -22.5, "axis": "x", "origin": [8, 9.5, 13]},
			"faces": {
				"north": {"uv": [0.016, 15.984, 3.984, 14.516], "texture": "#1"},
				"east": {"uv": [0.016, 15.984, 3.484, 14.516], "texture": "#1"},
				"south": {"uv": [0.016, 15.984, 3.984, 14.516], "texture": "#1"},
				"west": {"uv": [0.016, 15.984, 3.484, 14.516], "texture": "#1"}
			}
		}
	],
	"display": {
		"gui": {
			"rotation": [30, -135, 0],
			"translation": [4.25, -4.75, 0],
			"scale": [0.5, 0.5, 0.5]
		}
	},
	"groups": [
		{
			"name": "group",
			"origin": [8, 8, 8],
			"color": 0,
			"children": [
				{
					"name": "group",
					"origin": [8, 8, 8],
					"color": 0,
					"children": [0, 1, 2, 3]
				},
				{
					"name": "group",
					"origin": [8, 8, 8],
					"color": 0,
					"children": [4, 5, 6, 7]
				},
				{
					"name": "group",
					"origin": [8, 8, 8],
					"color": 0,
					"children": [8, 9, 10]
				}
			]
		}
	],
	"__credit": "Generated using Animated Java (https://animated-java.dev/)"
}