{
	"credit": "Made by Ziqqy using Blockbench",
	"parent": "hideaway:display_parents/back",
	"texture_size": [48, 48],
	"textures": {
		"2": "hideaway:back/graserset_backgear_bolt"
	},
	"elements": [
		{
			"from": [7.5, 11.88773, 13.36006],
			"to": [8.5, 27.88773, 13.36006],
			"rotation": {"angle": 22.5, "axis": "x", "origin": [7.96967, 20.69454, 16.94607]},
			"faces": {
				"north": {"uv": [2.01067, 9.01067, 7.344, 9.344], "rotation": 90, "texture": "#2"},
				"south": {"uv": [2.01067, 9.01067, 7.344, 9.344], "rotation": 90, "texture": "#2"}
			}
		},
		{
			"from": [6, 19.72369, 18.55891],
			"to": [10, 27.72369, 18.55891],
			"rotation": {"angle": 0, "axis": "y", "origin": [7.96967, 20.69454, 16.94607]},
			"faces": {
				"north": {"uv": [4.01067, 9.344, 6.656, 10.656], "rotation": 90, "texture": "#2"},
				"south": {"uv": [4.01067, 10.656, 6.656, 9.344], "rotation": 90, "texture": "#2"}
			}
		},
		{
			"from": [7.5, 26.72369, 17.55891],
			"to": [8.5, 28.72369, 19.55891],
			"rotation": {"angle": 0, "axis": "y", "origin": [7.96967, 20.69454, 16.94607]},
			"faces": {
				"north": {"uv": [2.344, 8.32267, 2.656, 7.67733], "texture": "#2"},
				"south": {"uv": [2.344, 8.32267, 2.656, 7.67733], "texture": "#2"},
				"down": {"uv": [2.344, 8.344, 2.98933, 8.656], "rotation": 90, "texture": "#2"}
			}
		},
		{
			"from": [-6.98636, 28.75, 15.8592],
			"to": [9.01364, 29.75, 31.8592],
			"rotation": {"angle": 45, "axis": "y", "origin": [7.96967, 20.69454, 16.94607]},
			"faces": {
				"north": {"uv": [6.344, 0, 11.656, 0.312], "texture": "#2"},
				"east": {"uv": [6.344, 0, 11.656, 0.312], "texture": "#2"},
				"up": {"uv": [13.66667, 10.688, 8.35467, 16], "texture": "#2"},
				"down": {"uv": [11.656, 5.32267, 6.344, 0.01067], "texture": "#2"}
			}
		},
		{
			"from": [-6.48636, 29.5, 15.3592],
			"to": [9.51364, 29.5, 31.3592],
			"rotation": {"angle": 45, "axis": "y", "origin": [7.96967, 20.69454, 16.94607]},
			"faces": {
				"up": {"uv": [13.32267, 5.344, 8.01067, 10.656], "texture": "#2"},
				"down": {"uv": [13.32267, 10.656, 8.01067, 5.344], "texture": "#2"}
			}
		},
		{
			"name": "cube inverted",
			"from": [8.5, 28.72369, 19.55891],
			"to": [7.5, 26.72369, 17.55891],
			"rotation": {"angle": 0, "axis": "y", "origin": [7.96967, 20.69454, 16.94607]},
			"faces": {
				"north": {"uv": [2.344, 7.67733, 2.656, 8.32267], "texture": "#2"},
				"south": {"uv": [2.344, 7.67733, 2.656, 8.32267], "texture": "#2"},
				"up": {"uv": [2.344, 8.656, 2.98933, 8.344], "rotation": 90, "texture": "#2"}
			}
		},
		{
			"name": "cube inverted",
			"from": [9.01364, 29.75, 31.8592],
			"to": [-6.98636, 28.75, 15.8592],
			"rotation": {"angle": 45, "axis": "y", "origin": [7.96967, 20.69454, 16.94607]},
			"faces": {
				"south": {"uv": [6.344, 0.312, 11.656, 0], "texture": "#2"},
				"west": {"uv": [6.344, 0.312, 11.656, 0], "texture": "#2"},
				"up": {"uv": [6.344, 5.32267, 11.656, 0.01067], "texture": "#2"},
				"down": {"uv": [8.35467, 10.688, 13.66667, 16], "texture": "#2"}
			}
		},
		{
			"from": [-14.75, 10, 9],
			"to": [4.25, 26, 9],
			"rotation": {"angle": 22.5, "axis": "y", "origin": [6, 12, 10]},
			"faces": {
				"north": {"uv": [0.01067, 0.01067, 6.32267, 5.32267], "texture": "#2", "tintindex": 0},
				"south": {"uv": [6.32267, 0.01067, 0.01067, 5.32267], "texture": "#2", "tintindex": 0}
			}
		},
		{
			"from": [5, 6, 12],
			"to": [5, 11, 24],
			"rotation": {"angle": -45, "axis": "y", "origin": [6, 9, 10]},
			"faces": {
				"east": {"uv": [3.98933, 5.344, 0.01067, 6.98933], "texture": "#2", "tintindex": 0},
				"west": {"uv": [0.01067, 5.344, 3.98933, 6.98933], "texture": "#2", "tintindex": 0}
			}
		},
		{
			"from": [11.65685, 6, 10.89949],
			"to": [11.65685, 11, 22.89949],
			"rotation": {"angle": 45, "axis": "y", "origin": [11.65685, 8.5, 10.24264]},
			"faces": {
				"east": {"uv": [4, 5.344, 0.01067, 6.98933], "texture": "#2", "tintindex": 0},
				"west": {"uv": [0.01067, 5.344, 4, 6.98933], "texture": "#2", "tintindex": 0}
			}
		},
		{
			"from": [10.94522, 10, 12.29102],
			"to": [29.94522, 26, 12.29102],
			"rotation": {"angle": -22.5, "axis": "y", "origin": [17.87014, 13.25, 13.66847]},
			"faces": {
				"north": {"uv": [6.32267, 0.01067, 0.01067, 5.32267], "texture": "#2", "tintindex": 0},
				"south": {"uv": [0.01067, 0.01067, 6.32267, 5.32267], "texture": "#2", "tintindex": 0}
			}
		},
		{
			"from": [4, 8, 10],
			"to": [12, 14, 15],
			"faces": {
				"north": {"uv": [2.656, 7.01067, 0.01067, 8.98933], "texture": "#2"},
				"south": {"uv": [0.01067, 7.01067, 2.656, 8.98933], "texture": "#2"},
				"up": {"uv": [0.01067, 7.344, 2.656, 8.98933], "texture": "#2"},
				"down": {"uv": [0.01067, 8.98933, 2.656, 7.344], "texture": "#2"}
			}
		},
		{
			"from": [3.75, 7.75, 9.75],
			"to": [12.25, 14.25, 15.25],
			"faces": {
				"north": {"uv": [2.67733, 7.01067, 5.32267, 8.98933], "texture": "#2"},
				"east": {"uv": [0.01067, 10.656, 1.98933, 9.01067], "texture": "#2"},
				"south": {"uv": [2.67733, 7.01067, 5.32267, 8.98933], "texture": "#2"},
				"west": {"uv": [1.98933, 10.656, 0.01067, 9.01067], "texture": "#2"},
				"up": {"uv": [5.32267, 8.656, 2.67733, 7.01067], "texture": "#2"},
				"down": {"uv": [7.98933, 7.344, 5.344, 8.98933], "texture": "#2"}
			}
		}
	],
	"display": {
		"gui": {
			"rotation": [30, 225, 0],
			"translation": [2.25, -5.75, 0],
			"scale": [0.46, 0.46, 0.46]
		}
	},
	"groups": [
		{
			"name": "group",
			"origin": [8, 8, 8],
			"color": 0,
			"nbt": "{}",
			"children": [
				{
					"name": "group",
					"origin": [8, 8, 8],
					"color": 0,
					"nbt": "{}",
					"children": [0, 1, 2, 3, 4, 5, 6]
				},
				{
					"name": "group",
					"origin": [8, 8, 8],
					"color": 0,
					"nbt": "{}",
					"children": [
						7,
						8,
						9,
						10,
						{
							"name": "group",
							"origin": [8, 15.77817, 22.77817],
							"color": 0,
							"nbt": "{}",
							"children": [11, 12]
						}
					]
				}
			]
		}
	],
	"__credit": "Generated using Animated Java (https://animated-java.dev/)"
}