{
	"credit": "Made by Ziqqy using Blockbench",
	"parent": "hideaway:display_parents/back",
	"texture_size": [32, 32],
	"textures": {
		"1": "hideaway:back/headless_horseman_back",
		"particle": "hideaway:back/headless_horseman_back"
	},
	"elements": [
		{
			"from": [5, 5.38268, -6.07612],
			"to": [11, 10.38268, 3.92388],
			"rotation": {"angle": -45, "axis": "x", "origin": [8, 6.13268, 1.92388]},
			"faces": {
				"north": {"uv": [6, 2.5, 9, 5], "texture": "#1"},
				"east": {"uv": [5, 5, 0, 7.5], "texture": "#1"},
				"south": {"uv": [4.5, 7.5, 7.5, 10], "texture": "#1"},
				"west": {"uv": [0, 5, 5, 7.5], "texture": "#1"},
				"up": {"uv": [3, 5, 0, 0], "texture": "#1"},
				"down": {"uv": [6, 0, 3, 5], "texture": "#1"}
			}
		},
		{
			"from": [4.9, 1.38268, -4.07612],
			"to": [4.9, 6.38268, 2.92388],
			"rotation": {"angle": -45, "axis": "x", "origin": [8, 6.13268, 1.92388]},
			"faces": {
				"east": {"uv": [9.5, 5, 6, 7.5], "texture": "#1"},
				"west": {"uv": [6, 5, 9.5, 7.5], "texture": "#1"}
			}
		},
		{
			"from": [11.1, 1.38268, -4.07612],
			"to": [11.1, 6.38268, 2.92388],
			"rotation": {"angle": -45, "axis": "x", "origin": [8, 6.13268, 1.92388]},
			"faces": {
				"east": {"uv": [9.5, 5, 6, 7.5], "texture": "#1"},
				"west": {"uv": [6, 5, 9.5, 7.5], "texture": "#1"}
			}
		},
		{
			"from": [5, 10.38268, 1.92388],
			"to": [11, 13.38268, 3.92388],
			"rotation": {"angle": -45, "axis": "x", "origin": [8, 6.13268, 1.92388]},
			"faces": {
				"north": {"uv": [9, 2.5, 12, 4], "texture": "#1"},
				"east": {"uv": [13, 2, 12, 3.5], "texture": "#1"},
				"south": {"uv": [9.5, 4, 12.5, 5.5], "texture": "#1"},
				"west": {"uv": [12, 2, 13, 3.5], "texture": "#1"},
				"up": {"uv": [13.5, 1, 10.5, 0], "texture": "#1"},
				"down": {"uv": [13.5, 1, 10.5, 2], "texture": "#1"}
			}
		},
		{
			"from": [8, 10.38268, -1.07612],
			"to": [8, 13.38268, 3.92388],
			"rotation": {"angle": -45, "axis": "x", "origin": [8, 6.13268, 1.92388]},
			"faces": {
				"east": {"uv": [12, 5.5, 9.5, 7], "texture": "#1", "tintindex": 0},
				"west": {"uv": [9.5, 5.5, 12, 7], "texture": "#1", "tintindex": 0}
			}
		},
		{
			"from": [5, 6.38268, -1.07612],
			"to": [5, 11.38268, 7.92388],
			"rotation": {"angle": -45, "axis": "x", "origin": [8, 6.13268, 1.92388]},
			"faces": {
				"east": {"uv": [10.5, 0, 6, 2.5], "texture": "#1", "tintindex": 0},
				"west": {"uv": [6, 0, 10.5, 2.5], "texture": "#1", "tintindex": 0}
			}
		},
		{
			"from": [11, 6.38268, -1.07612],
			"to": [11, 11.38268, 7.92388],
			"rotation": {"angle": -45, "axis": "x", "origin": [8, 6.13268, 1.92388]},
			"faces": {
				"east": {"uv": [10.5, 0, 6, 2.5], "texture": "#1", "tintindex": 0},
				"west": {"uv": [6, 0, 10.5, 2.5], "texture": "#1", "tintindex": 0}
			}
		},
		{
			"from": [8, 2.38268, 3.92388],
			"to": [8, 13.38268, 5.92388],
			"rotation": {"angle": -45, "axis": "x", "origin": [8, 6.13268, 1.92388]},
			"faces": {
				"east": {"uv": [5.5, 10, 4.5, 15.5], "texture": "#1", "tintindex": 0},
				"west": {"uv": [4.5, 10, 5.5, 15.5], "texture": "#1", "tintindex": 0}
			}
		},
		{
			"from": [6.5, -8.61732, 0.92388],
			"to": [9.5, 5.38268, 3.92388],
			"rotation": {"angle": -45, "axis": "x", "origin": [8, 6.13268, 1.92388]},
			"faces": {
				"north": {"uv": [0, 7.5, 1.5, 14.5], "texture": "#1"},
				"east": {"uv": [4.5, 7.5, 3, 14.5], "texture": "#1"},
				"south": {"uv": [1.5, 7.5, 3, 14.5], "texture": "#1"},
				"west": {"uv": [3, 7.5, 4.5, 14.5], "texture": "#1"},
				"down": {"uv": [7, 10, 5.5, 11.5], "texture": "#1"}
			}
		},
		{
			"from": [6.5, -3.91742, 12.68736],
			"to": [9.5, -0.91742, 15.68736],
			"rotation": {"angle": -22.5, "axis": "x", "origin": [8, -3.91742, 14.68736]},
			"faces": {
				"north": {"uv": [10.5, 7, 12, 8.5], "texture": "#1", "tintindex": 0},
				"east": {"uv": [12, 10, 10.5, 11.5], "texture": "#1", "tintindex": 0},
				"south": {"uv": [10.5, 8.5, 12, 10], "texture": "#1", "tintindex": 0},
				"west": {"uv": [10.5, 10, 12, 11.5], "texture": "#1", "tintindex": 0},
				"up": {"uv": [7, 13, 5.5, 11.5], "texture": "#1", "tintindex": 0},
				"down": {"uv": [12, 11.5, 10.5, 13], "texture": "#1", "tintindex": 0}
			}
		},
		{
			"from": [6.49, -9.91742, 12.68736],
			"to": [6.49, -0.91742, 15.68736],
			"rotation": {"angle": -22.5, "axis": "x", "origin": [8, -3.91742, 14.68736]},
			"faces": {
				"east": {"uv": [7.5, 7.5, 9, 12], "texture": "#1", "tintindex": 0},
				"west": {"uv": [9, 7.5, 7.5, 12], "texture": "#1", "tintindex": 0}
			}
		},
		{
			"from": [9.51, -9.91742, 12.68736],
			"to": [9.51, -0.91742, 15.68736],
			"rotation": {"angle": -22.5, "axis": "x", "origin": [8, -3.91742, 14.68736]},
			"faces": {
				"east": {"uv": [7.5, 7.5, 9, 12], "texture": "#1", "tintindex": 0},
				"west": {"uv": [9, 7.5, 7.5, 12], "texture": "#1", "tintindex": 0}
			}
		},
		{
			"from": [6.5, -9.91742, 15.7],
			"to": [9.5, -0.91742, 15.7],
			"rotation": {"angle": -22.5, "axis": "x", "origin": [8, -3.91742, 14.68736]},
			"faces": {
				"north": {"uv": [10.5, 7.5, 9, 12], "texture": "#1", "tintindex": 0},
				"south": {"uv": [9, 7.5, 10.5, 12], "texture": "#1", "tintindex": 0}
			}
		}
	],
	"display": {
		"gui": {
			"rotation": [30, -135, 0],
			"translation": [-1, 3.5, 0],
			"scale": [0.69, 0.69, 0.69]
		}
	},
	"groups": [
		{
			"name": "group",
			"origin": [8, 8, 8],
			"color": 0,
			"nbt": "{}",
			"children": [0, 1, 2, 3, 4, 5, 6, 7, 8, 9, 10, 11, 12]
		}
	],
	"__credit": "Generated using Animated Java (https://animated-java.dev/)"
}