{
	"credit": "Made by CookiesNom with Blockbench",
	"parent": "hideaway:display_parents/back",
	"texture_size": [64, 64],
	"textures": {
		"1": "hideaway:back/honey_jar",
		"particle": "hideaway:back/honey_jar"
	},
	"elements": [
		{
			"from": [3.99, 4.01, 5.49],
			"to": [4.99, 14.01, 5.49],
			"rotation": {"angle": 0, "axis": "y", "origin": [15.99, 2.01, -0.51]},
			"faces": {
				"north": {"uv": [4.5, 6.5, 4.75, 9], "texture": "#1"},
				"east": {"uv": [0, 0, 0, 2.5], "texture": "#1"},
				"south": {"uv": [4.75, 6.5, 5, 9], "texture": "#1"},
				"west": {"uv": [0, 0, 0, 2.5], "texture": "#1"},
				"up": {"uv": [0.25, 0, 0, 0], "texture": "#1"},
				"down": {"uv": [0.25, 0, 0, 0], "texture": "#1"}
			}
		},
		{
			"from": [4, 3.65182, 18.18664],
			"to": [5, 10.93404, 18.18664],
			"rotation": {"angle": 22.5, "axis": "x", "origin": [4.5, 8.98504, 18.03664]},
			"faces": {
				"north": {"uv": [5.5, 6.5, 5.75, 8.25], "texture": "#1"},
				"east": {"uv": [0, 0, 0, 1.75], "texture": "#1"},
				"south": {"uv": [5.75, 6.5, 6, 8.25], "texture": "#1"},
				"west": {"uv": [0, 0, 0, 1.75], "texture": "#1"},
				"up": {"uv": [0.25, 0, 0, 0], "texture": "#1"},
				"down": {"uv": [0.25, 0, 0, 0], "texture": "#1"}
			}
		},
		{
			"from": [3.99, 13.99, 5.49],
			"to": [5.01, 14.01, 11.01],
			"rotation": {"angle": 0, "axis": "y", "origin": [16, 2, -0.5]},
			"faces": {
				"north": {"uv": [0, 0, 0.25, 0], "texture": "#1"},
				"east": {"uv": [0, 0, 1.5, 0], "texture": "#1"},
				"south": {"uv": [0, 0, 0.25, 0], "texture": "#1"},
				"west": {"uv": [0, 0, 1.5, 0], "texture": "#1"},
				"up": {"uv": [6.25, 3.5, 6, 2], "texture": "#1"},
				"down": {"uv": [6.5, 2, 6.25, 3.5], "texture": "#1"}
			}
		},
		{
			"from": [4, 3.999, 5.5],
			"to": [5, 3.999, 16.13521],
			"rotation": {"angle": 0, "axis": "y", "origin": [16, 2.08908, 0.13521]},
			"faces": {
				"north": {"uv": [0, 0, 0.25, 0], "texture": "#1"},
				"east": {"uv": [0, 0, 2.75, 0], "texture": "#1"},
				"south": {"uv": [0, 0, 0.25, 0], "texture": "#1"},
				"west": {"uv": [0, 0, 2.75, 0], "texture": "#1"},
				"up": {"uv": [4.25, 9.25, 4, 6.5], "texture": "#1"},
				"down": {"uv": [4.5, 6.5, 4.25, 9.25], "texture": "#1"}
			}
		},
		{
			"from": [3.99, 11.94855, 10.51949],
			"to": [5, 11.94855, 19.08523],
			"rotation": {"angle": 22.5, "axis": "x", "origin": [4.5, 11.74855, 15.93523]},
			"faces": {
				"north": {"uv": [0, 0, 0.25, 0], "texture": "#1"},
				"east": {"uv": [0, 0, 2.25, 0], "texture": "#1"},
				"south": {"uv": [0, 0, 0.25, 0], "texture": "#1"},
				"west": {"uv": [0, 0, 2.25, 0], "texture": "#1"},
				"up": {"uv": [5.25, 8.75, 5, 6.5], "texture": "#1"},
				"down": {"uv": [5.5, 6.5, 5.25, 8.75], "texture": "#1"}
			}
		},
		{
			"from": [11, 11.94855, 10.51949],
			"to": [12.01, 11.94855, 19.08523],
			"rotation": {"angle": 22.5, "axis": "x", "origin": [11.5, 11.74855, 15.93523]},
			"faces": {
				"north": {"uv": [0.25, 0, 0, 0], "texture": "#1"},
				"east": {"uv": [2.25, 0, 0, 0], "texture": "#1"},
				"south": {"uv": [0.25, 0, 0, 0], "texture": "#1"},
				"west": {"uv": [2.25, 0, 0, 0], "texture": "#1"},
				"up": {"uv": [5, 8.75, 5.25, 6.5], "texture": "#1"},
				"down": {"uv": [5.25, 6.5, 5.5, 8.75], "texture": "#1"}
			}
		},
		{
			"from": [11, 3.65182, 18.18664],
			"to": [12, 10.93404, 18.18664],
			"rotation": {"angle": 22.5, "axis": "x", "origin": [11.5, 8.98504, 18.03664]},
			"faces": {
				"north": {"uv": [5.75, 6.5, 5.5, 8.25], "texture": "#1"},
				"east": {"uv": [0, 0, 0, 1.75], "texture": "#1"},
				"south": {"uv": [6, 6.5, 5.75, 8.25], "texture": "#1"},
				"west": {"uv": [0, 0, 0, 1.75], "texture": "#1"},
				"up": {"uv": [0, 0, 0.25, 0], "texture": "#1"},
				"down": {"uv": [0, 0, 0.25, 0], "texture": "#1"}
			}
		},
		{
			"from": [11, 3.999, 5.5],
			"to": [12, 3.999, 16.13521],
			"rotation": {"angle": 0, "axis": "y", "origin": [0, 2.08908, 0.13521]},
			"faces": {
				"north": {"uv": [0.25, 0, 0, 0], "texture": "#1"},
				"east": {"uv": [2.75, 0, 0, 0], "texture": "#1"},
				"south": {"uv": [0.25, 0, 0, 0], "texture": "#1"},
				"west": {"uv": [2.75, 0, 0, 0], "texture": "#1"},
				"up": {"uv": [4, 9.25, 4.25, 6.5], "texture": "#1"},
				"down": {"uv": [4.25, 6.5, 4.5, 9.25], "texture": "#1"}
			}
		},
		{
			"from": [11.01, 4.01, 5.49],
			"to": [12.01, 14.01, 5.49],
			"rotation": {"angle": 0, "axis": "y", "origin": [0.01, 2.01, -0.51]},
			"faces": {
				"north": {"uv": [4.75, 6.5, 4.5, 9], "texture": "#1"},
				"east": {"uv": [0, 0, 0, 2.5], "texture": "#1"},
				"south": {"uv": [5, 6.5, 4.75, 9], "texture": "#1"},
				"west": {"uv": [0, 0, 0, 2.5], "texture": "#1"},
				"up": {"uv": [0, 0, 0.25, 0], "texture": "#1"},
				"down": {"uv": [0, 0, 0.25, 0], "texture": "#1"}
			}
		},
		{
			"from": [10.99, 13.99, 5.49],
			"to": [12.01, 14.01, 11.01],
			"rotation": {"angle": 0, "axis": "y", "origin": [0, 2, -0.5]},
			"faces": {
				"north": {"uv": [0.25, 0, 0, 0], "texture": "#1"},
				"east": {"uv": [1.5, 0, 0, 0], "texture": "#1"},
				"south": {"uv": [0.25, 0, 0, 0], "texture": "#1"},
				"west": {"uv": [1.5, 0, 0, 0], "texture": "#1"},
				"up": {"uv": [6, 3.5, 6.25, 2], "texture": "#1"},
				"down": {"uv": [6.25, 2, 6.5, 3.5], "texture": "#1"}
			}
		},
		{
			"from": [4, 5.5, 10.5],
			"to": [12, 12.5, 18.5],
			"rotation": {"angle": 22.5, "axis": "x", "origin": [8, 11.5, 14.1875]},
			"faces": {
				"north": {"uv": [0, 4, 2, 5.75], "texture": "#1", "tintindex": 0},
				"east": {"uv": [4, 0, 6, 1.75], "texture": "#1", "tintindex": 0},
				"south": {"uv": [4, 1.75, 6, 3.5], "texture": "#1", "tintindex": 0},
				"west": {"uv": [2, 4, 4, 5.75], "texture": "#1", "tintindex": 0},
				"up": {"uv": [2, 2, 0, 0], "texture": "#1", "tintindex": 0},
				"down": {"uv": [2, 2, 0, 4], "texture": "#1", "tintindex": 0}
			}
		},
		{
			"from": [6, 12.51, 12.5],
			"to": [10, 12.51, 16.5],
			"rotation": {"angle": 22.5, "axis": "x", "origin": [8, 11.5, 14.1875]},
			"faces": {
				"north": {"uv": [0, 0, 1, 0], "texture": "#1"},
				"east": {"uv": [0, 0, 1, 0], "texture": "#1"},
				"south": {"uv": [0, 0, 1, 0], "texture": "#1"},
				"west": {"uv": [0, 0, 1, 0], "texture": "#1"},
				"up": {"uv": [7, 1, 6, 0], "texture": "#1"},
				"down": {"uv": [7, 1, 6, 2], "texture": "#1"}
			}
		},
		{
			"from": [3.7, 6.7, 10.2],
			"to": [12.3, 11.3, 18.8],
			"rotation": {"angle": 22.5, "axis": "x", "origin": [8, 11.5, 14.1875]},
			"faces": {
				"north": {"uv": [5.5, 3.5, 7.5, 4.5], "texture": "#1"},
				"east": {"uv": [5.5, 4.5, 7.5, 5.5], "texture": "#1"},
				"south": {"uv": [5.5, 5.5, 7.5, 6.5], "texture": "#1"},
				"west": {"uv": [0, 5.75, 2, 6.75], "texture": "#1"},
				"up": {"uv": [4, 2, 2, 0], "texture": "#1"},
				"down": {"uv": [4, 2, 2, 4], "texture": "#1"}
			}
		},
		{
			"from": [5, 4.5, 11.5],
			"to": [11, 5.5, 17.5],
			"rotation": {"angle": 22.5, "axis": "x", "origin": [8, 11.5, 14.1875]},
			"faces": {
				"north": {"uv": [6.5, 2, 8, 2.25], "texture": "#1"},
				"east": {"uv": [6.5, 2.25, 8, 2.5], "texture": "#1"},
				"south": {"uv": [6.5, 2.5, 8, 2.75], "texture": "#1"},
				"west": {"uv": [6.5, 2.75, 8, 3], "texture": "#1"},
				"up": {"uv": [5.5, 5, 4, 3.5], "texture": "#1"},
				"down": {"uv": [5.5, 5, 4, 6.5], "texture": "#1"}
			}
		},
		{
			"from": [6, 12.5, 13],
			"to": [10, 12.5, 18],
			"rotation": {"angle": 0, "axis": "y", "origin": [8, 11.5, 14.1875]},
			"faces": {
				"north": {"uv": [0, 0, 1, 0], "texture": "#1"},
				"east": {"uv": [0, 0, 1.25, 0], "texture": "#1"},
				"south": {"uv": [0, 0, 1, 0], "texture": "#1"},
				"west": {"uv": [0, 0, 1.25, 0], "texture": "#1"},
				"up": {"uv": [3, 7, 2, 5.75], "texture": "#1"},
				"down": {"uv": [4, 5.75, 3, 7], "texture": "#1"}
			}
		},
		{
			"from": [6, 11, 18],
			"to": [8, 13, 18],
			"rotation": {"angle": -22.5, "axis": "x", "origin": [6.5, 12.5, 19.25]},
			"faces": {
				"north": {"uv": [0.75, 7, 1.25, 7.5], "texture": "#1"},
				"east": {"uv": [0, 0, 0, 0.5], "texture": "#1"},
				"south": {"uv": [7, 1.25, 7.5, 1.75], "texture": "#1"},
				"west": {"uv": [0, 0, 0, 0.5], "texture": "#1"},
				"up": {"uv": [0.5, 0, 0, 0], "texture": "#1"},
				"down": {"uv": [0.5, 0, 0, 0], "texture": "#1"}
			}
		},
		{
			"from": [6, 5.75538, 18.61746],
			"to": [7, 10.75538, 18.61746],
			"rotation": {"angle": 0, "axis": "y", "origin": [6.5, 11.65538, 18.51746]},
			"faces": {
				"north": {"uv": [6.5, 6.75, 6.75, 8], "texture": "#1"},
				"east": {"uv": [0, 0, 0, 1.25], "texture": "#1"},
				"south": {"uv": [6.75, 6.75, 7, 8], "texture": "#1"},
				"west": {"uv": [0, 0, 0, 1.25], "texture": "#1"},
				"up": {"uv": [0.25, 0, 0, 0], "texture": "#1"},
				"down": {"uv": [0.25, 0, 0, 0], "texture": "#1"}
			}
		},
		{
			"from": [5, 12.5, 11.5],
			"to": [6, 13.5, 17.5],
			"rotation": {"angle": 22.5, "axis": "x", "origin": [8, 11.5, 14.1875]},
			"faces": {
				"north": {"uv": [1.25, 7, 1.5, 7.25], "texture": "#1", "tintindex": 0},
				"east": {"uv": [6.5, 3, 8, 3.25], "texture": "#1", "tintindex": 0},
				"south": {"uv": [7.25, 0.75, 7.5, 1], "texture": "#1", "tintindex": 0},
				"west": {"uv": [6.5, 3.25, 8, 3.5], "texture": "#1", "tintindex": 0},
				"up": {"uv": [6.25, 8, 6, 6.5], "texture": "#1", "tintindex": 0},
				"down": {"uv": [6.5, 6.5, 6.25, 8], "texture": "#1", "tintindex": 0}
			}
		},
		{
			"from": [10, 12.5, 11.5],
			"to": [11, 13.5, 17.5],
			"rotation": {"angle": 22.5, "axis": "x", "origin": [8, 11.5, 14.1875]},
			"faces": {
				"north": {"uv": [7.25, 1, 7.5, 1.25], "texture": "#1", "tintindex": 0},
				"east": {"uv": [6.5, 6.5, 8, 6.75], "texture": "#1", "tintindex": 0},
				"south": {"uv": [1.25, 7.25, 1.5, 7.5], "texture": "#1", "tintindex": 0},
				"west": {"uv": [0, 6.75, 1.5, 7], "texture": "#1", "tintindex": 0},
				"up": {"uv": [1.75, 8.25, 1.5, 6.75], "texture": "#1", "tintindex": 0},
				"down": {"uv": [2, 6.75, 1.75, 8.25], "texture": "#1", "tintindex": 0}
			}
		},
		{
			"from": [6, 12.5, 11.5],
			"to": [10, 13.5, 12.5],
			"rotation": {"angle": 22.5, "axis": "x", "origin": [8, 11.5, 14.1875]},
			"faces": {
				"north": {"uv": [7, 1.75, 8, 2], "texture": "#1", "tintindex": 0},
				"east": {"uv": [2, 7.25, 2.25, 7.5], "texture": "#1", "tintindex": 0},
				"south": {"uv": [2, 7, 3, 7.25], "texture": "#1", "tintindex": 0},
				"west": {"uv": [2.25, 7.25, 2.5, 7.5], "texture": "#1", "tintindex": 0},
				"up": {"uv": [4, 7.25, 3, 7], "texture": "#1", "tintindex": 0},
				"down": {"uv": [8, 6.75, 7, 7], "texture": "#1", "tintindex": 0}
			}
		},
		{
			"from": [6, 12.5, 16.5],
			"to": [10, 13.5, 17.5],
			"rotation": {"angle": 22.5, "axis": "x", "origin": [8, 11.5, 14.1875]},
			"faces": {
				"north": {"uv": [7, 7, 8, 7.25], "texture": "#1", "tintindex": 0},
				"east": {"uv": [2.5, 7.25, 2.75, 7.5], "texture": "#1", "tintindex": 0},
				"south": {"uv": [7.25, 0, 8.25, 0.25], "texture": "#1", "tintindex": 0},
				"west": {"uv": [2.75, 7.25, 3, 7.5], "texture": "#1", "tintindex": 0},
				"up": {"uv": [8.25, 0.5, 7.25, 0.25], "texture": "#1", "tintindex": 0},
				"down": {"uv": [8.25, 0.5, 7.25, 0.75], "texture": "#1", "tintindex": 0}
			}
		},
		{
			"from": [6, 12.5, 15.5],
			"to": [7, 17.5, 16.5],
			"rotation": {"angle": 22.5, "axis": "x", "origin": [8, 11.5, 14.1875]},
			"faces": {
				"north": {"uv": [0, 7, 0.25, 8.25], "texture": "#1"},
				"east": {"uv": [7, 0, 7.25, 1.25], "texture": "#1"},
				"south": {"uv": [0.25, 7, 0.5, 8.25], "texture": "#1"},
				"west": {"uv": [0.5, 7, 0.75, 8.25], "texture": "#1"},
				"up": {"uv": [3.25, 7.5, 3, 7.25], "texture": "#1"},
				"down": {"uv": [3.5, 7.25, 3.25, 7.5], "texture": "#1"}
			}
		}
	],
	"display": {
		"thirdperson_righthand": {
			"rotation": [-120, 0, -180],
			"translation": [0, -5.5, -0.5]
		},
		"thirdperson_lefthand": {
			"rotation": [-120, 0, -180],
			"translation": [0, -5.5, -0.5]
		},
		"firstperson_righthand": {
			"rotation": [28, -180, 0],
			"translation": [-0.25, -4, 2.5]
		},
		"firstperson_lefthand": {
			"rotation": [28, -180, 0],
			"translation": [-0.25, -4, 2.5]
		},
		"gui": {
			"rotation": [30, 45, 0],
			"translation": [-3, 0.25, 0]
		}
	},
	"groups": [
		{
			"name": "group",
			"origin": [0, 0, 0],
			"color": 0,
			"children": [
				{
					"name": "group",
					"origin": [0, 0, 0],
					"color": 0,
					"children": [
						{
							"name": "group",
							"origin": [0, 0, 0],
							"color": 0,
							"children": [0, 1, 2, 3, 4, 5, 6, 7, 8, 9]
						},
						{
							"name": "group",
							"origin": [0, 0, 0],
							"color": 0,
							"children": []
						}
					]
				},
				{
					"name": "group",
					"origin": [8, 8, 8],
					"color": 0,
					"children": [
						10,
						11,
						12,
						13,
						14,
						15,
						16,
						17,
						18,
						19,
						20,
						{
							"name": "group",
							"origin": [8, 9.5, 14.1875],
							"color": 0,
							"children": [21]
						}
					]
				}
			]
		}
	]
}