{
	"credit": "Made with Blockbench",
	"parent": "hideaway:display_parents/back",
	"texture_size": [64, 64],
	"textures": {
		"0": "hideaway:back/husky_puppy_backpack_bag",
		"particle": "hideaway:back/husky_puppy_backpack_bag"
	},
	"elements": [
		{
			"from": [5, 13.9, 12.5],
			"to": [5, 15.9, 14.5],
			"rotation": {"angle": 0, "axis": "y", "origin": [8, -2, 17.5]},
			"faces": {
				"north": {"uv": [0, 0, 0, 0.5], "texture": "#0"},
				"east": {"uv": [10.75, 5.75, 10.25, 6.25], "texture": "#0"},
				"south": {"uv": [0, 0, 0, 0.5], "texture": "#0"},
				"west": {"uv": [13, 3.25, 12.5, 3.75], "texture": "#0"},
				"up": {"uv": [0, 0, 0, 0.5], "texture": "#0"},
				"down": {"uv": [0, 0.5, 0, 0], "texture": "#0"}
			}
		},
		{
			"from": [11, 13.9, 12.5],
			"to": [11, 15.9, 14.5],
			"rotation": {"angle": 0, "axis": "y", "origin": [8, -2, 17.5]},
			"faces": {
				"north": {"uv": [0, 0, 0, 0.5], "texture": "#0"},
				"east": {"uv": [13.25, 0, 12.75, 0.5], "texture": "#0"},
				"south": {"uv": [0, 0, 0, 0.5], "texture": "#0"},
				"west": {"uv": [13.25, 0.5, 12.75, 1], "texture": "#0"},
				"up": {"uv": [0, 0, 0, 0.5], "texture": "#0"},
				"down": {"uv": [0, 0.5, 0, 0], "texture": "#0"}
			}
		},
		{
			"from": [5, 15.9, 12.5],
			"to": [11, 15.9, 14.5],
			"rotation": {"angle": 0, "axis": "y", "origin": [8, -2, 17.5]},
			"faces": {
				"north": {"uv": [1.5, 0, 0, 0], "texture": "#0"},
				"east": {"uv": [0.5, 0, 0, 0], "texture": "#0"},
				"south": {"uv": [1.5, 0, 0, 0], "texture": "#0"},
				"west": {"uv": [0.5, 0, 0, 0], "texture": "#0"},
				"up": {"uv": [13.5, 5.5, 12, 6], "texture": "#0"},
				"down": {"uv": [13.75, 6.5, 12.25, 6], "texture": "#0"}
			}
		},
		{
			"from": [2, -2.1, 10.5],
			"to": [14, 13.9, 16.5],
			"rotation": {"angle": 0, "axis": "y", "origin": [8, -2, 17.5]},
			"faces": {
				"north": {"uv": [6, 0, 3, 4], "texture": "#0"},
				"east": {"uv": [9.5, 2.25, 8, 6.25], "texture": "#0"},
				"south": {"uv": [3, 0, 0, 4], "texture": "#0"},
				"west": {"uv": [4.25, 8, 2.75, 12], "texture": "#0"},
				"up": {"uv": [10.25, 8.25, 7.25, 9.75], "texture": "#0"},
				"down": {"uv": [12.5, 3.75, 9.5, 2.25], "texture": "#0"}
			}
		},
		{
			"from": [14, 13.9, 16.5],
			"to": [2, -2.1, 10.5],
			"rotation": {"angle": 0, "axis": "y", "origin": [8, 14, 19.5]},
			"faces": {
				"north": {"uv": [0, 4, 3, 0], "texture": "#0"},
				"east": {"uv": [8, 6.25, 9.5, 2.25], "texture": "#0"},
				"south": {"uv": [3, 4, 6, 0], "texture": "#0"},
				"west": {"uv": [2.75, 12, 4.25, 8], "texture": "#0"},
				"up": {"uv": [12.5, 3.75, 9.5, 2.25], "texture": "#0"},
				"down": {"uv": [10.25, 8.25, 7.25, 9.75], "texture": "#0"}
			}
		},
		{
			"from": [3.25, 3.15, 5.5],
			"to": [4.75, 14.65, 11],
			"rotation": {"angle": 0, "axis": "y", "origin": [8, -2, 17.5]},
			"faces": {
				"north": {"uv": [1.75, 11.5, 1.25, 14.5], "texture": "#0"},
				"east": {"uv": [8.75, 9.75, 7.25, 12.75], "texture": "#0"},
				"south": {"uv": [7.25, 10, 6.75, 13], "texture": "#0"},
				"west": {"uv": [10.25, 9.75, 8.75, 12.75], "texture": "#0"},
				"up": {"uv": [10.75, 12, 10.25, 13.5], "texture": "#0"},
				"down": {"uv": [11.25, 13.5, 10.75, 12], "texture": "#0"}
			}
		},
		{
			"from": [4.75, 14.6, 11],
			"to": [3.25, 3.1, 5.5],
			"rotation": {"angle": 0, "axis": "y", "origin": [8, -2, 17.5]},
			"faces": {
				"north": {"uv": [7.25, 10, 6.75, 13], "rotation": 180, "texture": "#0"},
				"east": {"uv": [8.75, 9.75, 7.25, 12.75], "rotation": 180, "texture": "#0"},
				"south": {"uv": [1.75, 11.5, 1.25, 14.5], "rotation": 180, "texture": "#0"},
				"west": {"uv": [10.25, 9.75, 8.75, 12.75], "rotation": 180, "texture": "#0"},
				"up": {"uv": [11.25, 13.5, 10.75, 12], "texture": "#0"},
				"down": {"uv": [10.75, 12, 10.25, 13.5], "texture": "#0"}
			}
		},
		{
			"from": [11.25, 3.15, 5.5],
			"to": [12.75, 14.65, 11],
			"rotation": {"angle": 0, "axis": "y", "origin": [8, -2, 17.5]},
			"faces": {
				"north": {"uv": [1.25, 11.5, 1.75, 14.5], "texture": "#0"},
				"east": {"uv": [8.75, 9.75, 10.25, 12.75], "texture": "#0"},
				"south": {"uv": [6.75, 10, 7.25, 13], "texture": "#0"},
				"west": {"uv": [7.25, 9.75, 8.75, 12.75], "texture": "#0"},
				"up": {"uv": [10.25, 12, 10.75, 13.5], "texture": "#0"},
				"down": {"uv": [10.75, 13.5, 11.25, 12], "texture": "#0"}
			}
		},
		{
			"from": [12.75, 14.6, 11],
			"to": [11.25, 3.1, 5.5],
			"rotation": {"angle": 0, "axis": "y", "origin": [8, -2, 17.5]},
			"faces": {
				"north": {"uv": [6.75, 10, 7.25, 13], "rotation": 180, "texture": "#0"},
				"east": {"uv": [8.75, 9.75, 10.25, 12.75], "rotation": 180, "texture": "#0"},
				"south": {"uv": [1.25, 11.5, 1.75, 14.5], "rotation": 180, "texture": "#0"},
				"west": {"uv": [7.25, 9.75, 8.75, 12.75], "rotation": 180, "texture": "#0"},
				"up": {"uv": [10.75, 13.5, 11.25, 12], "texture": "#0"},
				"down": {"uv": [10.25, 12, 10.75, 13.5], "texture": "#0"}
			}
		},
		{
			"from": [2, -2.1, 16.5],
			"to": [14, 13.9, 22.5],
			"rotation": {"angle": 0, "axis": "y", "origin": [8, -2, 17.5]},
			"faces": {
				"north": {"uv": [6, 4, 3, 8], "texture": "#0"},
				"east": {"uv": [7.5, 0, 6, 4], "texture": "#0"},
				"south": {"uv": [3, 4, 0, 8], "texture": "#0"},
				"west": {"uv": [7.75, 4, 6.25, 8], "texture": "#0"},
				"up": {"uv": [7.25, 8, 4.25, 9.5], "texture": "#0"},
				"down": {"uv": [11, 7.75, 8, 6.25], "texture": "#0"}
			}
		},
		{
			"from": [14, 13.9, 22.5],
			"to": [2, -2.1, 16.5],
			"rotation": {"angle": 0, "axis": "y", "origin": [8, -2, 17.5]},
			"faces": {
				"north": {"uv": [3, 4, 0, 8], "rotation": 180, "texture": "#0"},
				"east": {"uv": [7.5, 0, 6, 4], "rotation": 180, "texture": "#0"},
				"south": {"uv": [6, 4, 3, 8], "rotation": 180, "texture": "#0"},
				"west": {"uv": [7.75, 4, 6.25, 8], "rotation": 180, "texture": "#0"},
				"up": {"uv": [11, 7.75, 8, 6.25], "texture": "#0"},
				"down": {"uv": [7.25, 8, 4.25, 9.5], "texture": "#0"}
			}
		},
		{
			"from": [5.5, 6.75, 16.5],
			"to": [10.5, 11.75, 21.5],
			"rotation": {"angle": 0, "axis": "y", "origin": [0, -2.25, 10.5]},
			"faces": {
				"north": {"uv": [11.5, 9.5, 10.25, 10.75], "texture": "#0"},
				"east": {"uv": [11.5, 8.25, 10.25, 9.5], "texture": "#0"},
				"south": {"uv": [2.5, 10.25, 1.25, 11.5], "texture": "#0"},
				"west": {"uv": [12, 0, 10.75, 1.25], "texture": "#0"},
				"up": {"uv": [12, 3.75, 10.75, 5], "texture": "#0"},
				"down": {"uv": [12, 6.25, 10.75, 5], "texture": "#0"}
			}
		},
		{
			"from": [6.5, 6.75, 21.5],
			"to": [9.5, 8.75, 22.5],
			"rotation": {"angle": 0, "axis": "y", "origin": [0, -2.25, 10.5]},
			"faces": {
				"north": {"uv": [13.25, 2, 12.5, 2.5], "texture": "#0"},
				"east": {"uv": [2.5, 12.75, 2.25, 13.25], "texture": "#0"},
				"south": {"uv": [10.25, 5.75, 9.5, 6.25], "texture": "#0"},
				"west": {"uv": [2.75, 12.75, 2.5, 13.25], "texture": "#0"},
				"up": {"uv": [8, 8, 7.25, 8.25], "texture": "#0"},
				"down": {"uv": [11.5, 2.25, 10.75, 2], "texture": "#0"}
			}
		},
		{
			"from": [6.25, 6.5, 21.25],
			"to": [9.75, 9, 22.75],
			"rotation": {"angle": 0, "axis": "y", "origin": [0, -2.25, 10.5]},
			"faces": {
				"north": {"uv": [3.75, 13.5, 3, 14], "texture": "#0"},
				"east": {"uv": [2, 13.5, 1.75, 14], "texture": "#0"},
				"south": {"uv": [3, 13.5, 2.25, 14], "texture": "#0"},
				"west": {"uv": [2.25, 13.5, 2, 14], "texture": "#0"},
				"up": {"uv": [3, 13.25, 2.25, 13.5], "texture": "#0"},
				"down": {"uv": [3.75, 13.5, 3, 13.25], "texture": "#0"}
			}
		},
		{
			"from": [7.5, 5.25, 22.25],
			"to": [8.5, 7.25, 22.25],
			"rotation": {"angle": 0, "axis": "y", "origin": [8, 6, 22]},
			"faces": {
				"north": {"uv": [7.5, 12.75, 7.25, 13.25], "texture": "#0"},
				"east": {"uv": [2.25, 12.75, 2.25, 13.25], "texture": "#0"},
				"south": {"uv": [7.5, 12.75, 7.25, 13.25], "texture": "#0"},
				"west": {"uv": [2.5, 12.75, 2.5, 13.25], "texture": "#0"},
				"up": {"uv": [7.5, 8, 7.25, 8], "texture": "#0"},
				"down": {"uv": [11, 2, 10.75, 2], "texture": "#0"}
			}
		},
		{
			"from": [4.5, 10.25, 18.5],
			"to": [6.5, 13.25, 19.5],
			"rotation": {"angle": 22.5, "axis": "z", "origin": [5.5, 11.75, 19]},
			"faces": {
				"north": {"uv": [13, 2.5, 12.5, 3.25], "texture": "#0"},
				"east": {"uv": [2.75, 10.25, 2.5, 11], "texture": "#0"},
				"south": {"uv": [1.25, 12.25, 0.75, 13], "texture": "#0"},
				"west": {"uv": [2.75, 11, 2.5, 11.75], "texture": "#0"},
				"up": {"uv": [12, 2, 11.5, 2.25], "texture": "#0"},
				"down": {"uv": [12.5, 2.25, 12, 2], "texture": "#0"}
			}
		},
		{
			"from": [9.5, 10.25, 18.5],
			"to": [11.5, 13.25, 19.5],
			"rotation": {"angle": -22.5, "axis": "z", "origin": [10.5, 11.75, 19]},
			"faces": {
				"north": {"uv": [13, 12.5, 12.5, 13.25], "texture": "#0"},
				"east": {"uv": [2, 12.75, 1.75, 13.5], "texture": "#0"},
				"south": {"uv": [12.5, 12.5, 12, 13.25], "texture": "#0"},
				"west": {"uv": [2.25, 12.75, 2, 13.5], "texture": "#0"},
				"up": {"uv": [13.25, 1, 12.75, 1.25], "texture": "#0"},
				"down": {"uv": [3.25, 13, 2.75, 12.75], "texture": "#0"}
			}
		},
		{
			"name": "body",
			"from": [5.501, -0.999, 13.251],
			"to": [10.499, 6.999, 18.249],
			"rotation": {"angle": 45, "axis": "x", "origin": [8, 2.5, 17.25]},
			"faces": {
				"north": {"uv": [6.75, 10, 5.5, 12], "texture": "#0"},
				"east": {"uv": [5.5, 10, 4.25, 12], "texture": "#0"},
				"south": {"uv": [10.75, 3.75, 9.5, 5.75], "texture": "#0"},
				"west": {"uv": [1.25, 10.25, 0, 12.25], "texture": "#0"},
				"up": {"uv": [11.5, 10.75, 10.25, 12], "texture": "#0"},
				"down": {"uv": [12.25, 7.5, 11, 6.25], "texture": "#0"}
			}
		},
		{
			"from": [4, -2, 13.25],
			"to": [7, 1, 18.25],
			"rotation": {"angle": -22.5, "axis": "y", "origin": [5.5, -0.5, 16.75]},
			"faces": {
				"north": {"uv": [13, 6.5, 12.25, 7.25], "texture": "#0"},
				"east": {"uv": [12, 1.25, 10.75, 2], "texture": "#0"},
				"south": {"uv": [0.75, 12.25, 0, 13], "texture": "#0"},
				"west": {"uv": [12.25, 7.5, 11, 8.25], "texture": "#0"},
				"up": {"uv": [2.5, 11.5, 1.75, 12.75], "texture": "#0"},
				"down": {"uv": [12.25, 9.5, 11.5, 8.25], "texture": "#0"}
			}
		},
		{
			"from": [9, -2, 13.25],
			"to": [12, 1, 18.25],
			"rotation": {"angle": 22.5, "axis": "y", "origin": [10.5, -0.5, 16.75]},
			"faces": {
				"north": {"uv": [13, 8, 12.25, 8.75], "texture": "#0"},
				"east": {"uv": [12.75, 9.5, 11.5, 10.25], "texture": "#0"},
				"south": {"uv": [13, 7.25, 12.25, 8], "texture": "#0"},
				"west": {"uv": [12.75, 10.25, 11.5, 11], "texture": "#0"},
				"up": {"uv": [12.25, 11, 11.5, 12.25], "texture": "#0"},
				"down": {"uv": [12.75, 1.25, 12, 0], "texture": "#0"}
			}
		},
		{
			"from": [9, 3, 17.25],
			"to": [12, 6, 21.25],
			"rotation": {"angle": 22.5, "axis": "y", "origin": [10.5, 4.5, 18.25]},
			"faces": {
				"north": {"uv": [13, 11, 12.25, 11.75], "texture": "#0"},
				"east": {"uv": [13, 1.25, 12, 2], "texture": "#0"},
				"south": {"uv": [13, 8.75, 12.25, 9.5], "texture": "#0"},
				"west": {"uv": [3.5, 12, 2.5, 12.75], "texture": "#0"},
				"up": {"uv": [4.25, 12, 3.5, 13], "texture": "#0"},
				"down": {"uv": [12.75, 4.75, 12, 3.75], "texture": "#0"}
			}
		},
		{
			"from": [4, 3, 17.25],
			"to": [7, 6, 21.25],
			"rotation": {"angle": -22.5, "axis": "y", "origin": [5.5, 4.5, 18.25]},
			"faces": {
				"north": {"uv": [13, 11.75, 12.25, 12.5], "texture": "#0"},
				"east": {"uv": [5.25, 12, 4.25, 12.75], "texture": "#0"},
				"south": {"uv": [12, 12.25, 11.25, 13], "texture": "#0"},
				"west": {"uv": [13, 4.75, 12, 5.5], "texture": "#0"},
				"up": {"uv": [6, 12, 5.25, 13], "texture": "#0"},
				"down": {"uv": [6.75, 13, 6, 12], "texture": "#0"}
			}
		},
		{
			"from": [2.5, 1, 12.25],
			"to": [13.5, 10, 12.25],
			"rotation": {"angle": 0, "axis": "y", "origin": [8, 1, 12.25]},
			"faces": {
				"north": {"uv": [10.75, 0, 8, 2.25], "texture": "#0"},
				"east": {"uv": [0, 0, 0, 2.25], "texture": "#0"},
				"south": {"uv": [2.75, 8, 0, 10.25], "texture": "#0"},
				"west": {"uv": [0, 0, 0, 2.25], "texture": "#0"},
				"up": {"uv": [2.75, 0, 0, 0], "texture": "#0"},
				"down": {"uv": [2.75, 0, 0, 0], "texture": "#0"}
			}
		},
		{
			"from": [5, 8.25, 17.5],
			"to": [6, 12.25, 20.5],
			"rotation": {"angle": -22.5, "axis": "z", "origin": [5.5, 11.25, 19]},
			"faces": {
				"north": {"uv": [15, 7.25, 16, 7], "rotation": 270, "texture": "#0"},
				"east": {"uv": [16, 7, 15, 6.25], "rotation": 270, "texture": "#0"},
				"south": {"uv": [3.25, 16, 4.25, 15.75], "rotation": 90, "texture": "#0"},
				"west": {"uv": [15, 5.5, 14, 6.25], "rotation": 270, "texture": "#0"},
				"up": {"uv": [5.75, 13.75, 5, 14], "rotation": 270, "texture": "#0"},
				"down": {"uv": [5.75, 14.5, 5, 14.75], "rotation": 270, "texture": "#0"}
			}
		},
		{
			"from": [10, 8.25, 17.5],
			"to": [11, 12.25, 20.5],
			"rotation": {"angle": 22.5, "axis": "z", "origin": [10.5, 11.25, 19]},
			"faces": {
				"north": {"uv": [15, 7, 16, 7.25], "rotation": 270, "texture": "#0"},
				"east": {"uv": [15, 6.25, 14, 5.5], "rotation": 270, "texture": "#0"},
				"south": {"uv": [3.25, 15.75, 4.25, 16], "rotation": 90, "texture": "#0"},
				"west": {"uv": [16, 6.25, 15, 7], "rotation": 270, "texture": "#0"},
				"up": {"uv": [5.75, 14, 5, 13.75], "rotation": 270, "texture": "#0"},
				"down": {"uv": [5.75, 14.75, 5, 14.5], "rotation": 270, "texture": "#0"}
			}
		}
	],
	"gui_light": "front",
	"display": {
		"gui": {
			"rotation": [30, 35, 0],
			"translation": [-2, 2.5, 0],
			"scale": [0.625, 0.625, 0.625]
		}
	},
	"groups": [
		{
			"name": "group",
			"origin": [10.5, 13, 4.75],
			"color": 0,
			"nbt": "{}",
			"children": [
				0,
				1,
				2,
				3,
				4,
				5,
				6,
				7,
				8,
				9,
				10,
				{
					"name": "dog",
					"origin": [8, 3, 12.25],
					"color": 5,
					"nbt": "{}",
					"children": [
						11,
						12,
						13,
						14,
						15,
						16,
						17,
						18,
						19,
						20,
						21,
						22,
						{
							"name": "pug_face",
							"origin": [0, 7.75, 16.5],
							"color": 0,
							"nbt": "{}",
							"children": [23, 24]
						}
					]
				}
			]
		}
	],
	"__credit": "Generated using Animated Java (https://animated-java.dev/)"
}