{
	"credit": "Made with Blockbench",
	"parent": "hideaway:display_parents/back",
	"texture_size": [64, 64],
	"textures": {
		"1": "hideaway:back/king_cape",
		"particle": "hideaway:back/king_cape"
	},
	"elements": [
		{
			"from": [-1, -7.25, 9.5],
			"to": [17, 13.75, 10.5],
			"rotation": {"angle": -22.5, "axis": "x", "origin": [8, 14.75, 9.75]},
			"faces": {
				"east": {"uv": [5.508, 5.258, 5.742, 10.492], "texture": "#1"},
				"south": {"uv": [5.508, 0.008, 9.992, 5.242], "texture": "#1"},
				"west": {"uv": [5.758, 5.258, 5.992, 10.492], "texture": "#1"},
				"up": {"uv": [10.492, 5.492, 6.008, 5.258], "texture": "#1"}
			}
		},
		{
			"from": [-3, 13, 12.25],
			"to": [19, 32, 12.25],
			"rotation": {"angle": 22.5, "axis": "x", "origin": [8, 14.75, 9.75]},
			"faces": {
				"north": {"uv": [5.492, 0.008, 0.008, 4.742], "texture": "#1"},
				"south": {"uv": [0.008, 0.008, 5.492, 4.742], "texture": "#1"}
			}
		},
		{
			"from": [-3, 13, 13.25],
			"to": [19, 32, 13.25],
			"rotation": {"angle": 22.5, "axis": "x", "origin": [8, 14.75, 9.75]},
			"faces": {
				"north": {"uv": [5.492, 4.758, 0.008, 9.492], "texture": "#1"},
				"south": {"uv": [0.008, 4.758, 5.492, 9.492], "texture": "#1"}
			}
		},
		{
			"name": "cube inverted",
			"from": [17, 13.75, 10.5],
			"to": [-1, -7.25, 9.5],
			"rotation": {"angle": -22.5, "axis": "x", "origin": [8, 14.75, 9.75]},
			"faces": {
				"north": {"uv": [5.508, 5.242, 9.992, 0.008], "texture": "#1"},
				"east": {"uv": [5.758, 10.492, 5.992, 5.258], "texture": "#1"},
				"west": {"uv": [5.508, 10.492, 5.742, 5.258], "texture": "#1"},
				"down": {"uv": [6.008, 5.492, 10.492, 5.258], "texture": "#1"}
			}
		}
	],
	"display": {
		"thirdperson_righthand": {
			"rotation": [62, 180, 0],
			"translation": [0, -0.75, -0.5],
			"scale": [0.2, 0.2, 0.2]
		},
		"thirdperson_lefthand": {
			"rotation": [62, 180, 0],
			"translation": [0, -0.75, -0.5],
			"scale": [0.2, 0.2, 0.2]
		},
		"firstperson_righthand": {
			"rotation": [0, -72, 0],
			"translation": [16.75, -6, -12.25]
		},
		"firstperson_lefthand": {
			"rotation": [0, -72, 0],
			"translation": [16.75, -6, -12.25]
		},
		"gui": {
			"rotation": [30, 45, 0],
			"translation": [-2, 0.5, 0],
			"scale": [0.44, 0.44, 0.44]
		}
	},
	"groups": [
		{
			"name": "group",
			"origin": [8, 8, 8],
			"color": 0,
			"nbt": "{}",
			"children": [0, 1, 2, 3]
		}
	],
	"__credit": "Generated using Animated Java (https://animated-java.dev/)"
}