{
	"credit": "Made by CookiesNom with Blockbench",
	"parent": "hideaway:display_parents/back",
	"texture_size": [64, 64],
	"textures": {
		"1": "hideaway:back/knight_shield"
	},
	"elements": [
		{
			"from": [13.27661, 8.3914, 9.998],
			"to": [14.28061, 9.7154, 11.002],
			"rotation": {"angle": 45, "axis": "z", "origin": [3.27861, 5.3934, 0]},
			"faces": {
				"north": {"uv": [5, 6.25, 5.25, 6.5], "texture": "#1"},
				"east": {"uv": [4.5, 7.25, 4.75, 7.5], "texture": "#1"},
				"south": {"uv": [7.25, 6.25, 7.5, 6.5], "texture": "#1"},
				"west": {"uv": [6.5, 7.25, 6.75, 7.5], "texture": "#1"},
				"up": {"uv": [7.5, 7, 7.25, 6.75], "texture": "#1"}
			}
		},
		{
			"from": [1.72039, 8.3924, 9.999],
			"to": [2.72239, 9.3944, 11.001],
			"rotation": {"angle": -45, "axis": "z", "origin": [12.72139, 5.3934, 0]},
			"faces": {
				"north": {"uv": [4.25, 7.5, 4.5, 7.75], "texture": "#1"},
				"east": {"uv": [4.5, 7.5, 4.75, 7.75], "texture": "#1"},
				"south": {"uv": [5, 7.5, 5.25, 7.75], "texture": "#1"},
				"west": {"uv": [5.25, 7.5, 5.5, 7.75], "texture": "#1"},
				"up": {"uv": [5.75, 7.75, 5.5, 7.5], "texture": "#1"}
			}
		},
		{
			"from": [4.09605, 13.81526, 9.999],
			"to": [7.09805, 14.81726, 11.001],
			"rotation": {"angle": -22.5, "axis": "z", "origin": [8.09705, 3.81626, 0]},
			"faces": {
				"north": {"uv": [1.25, 6.75, 2, 7], "texture": "#1"},
				"south": {"uv": [6.75, 3, 7.5, 3.25], "texture": "#1"},
				"up": {"uv": [4, 7, 3.25, 6.75], "texture": "#1"},
				"down": {"uv": [7.5, 3.25, 6.75, 3.5], "texture": "#1"}
			}
		},
		{
			"from": [8.90095, 13.81426, 9.998],
			"to": [11.90495, 14.81826, 11.002],
			"rotation": {"angle": 22.5, "axis": "z", "origin": [7.90295, 3.81626, 0]},
			"faces": {
				"north": {"uv": [7, 3.5, 7.75, 3.75], "texture": "#1"},
				"south": {"uv": [7, 3.75, 7.75, 4], "texture": "#1"},
				"up": {"uv": [4.75, 7.25, 4, 7], "texture": "#1"},
				"down": {"uv": [7.75, 4, 7, 4.25], "texture": "#1"}
			}
		},
		{
			"from": [10.998, 13.43574, 9.998],
			"to": [14.002, 14.43974, 11.002],
			"rotation": {"angle": 0, "axis": "y", "origin": [15, 3.43774, 0]},
			"faces": {
				"north": {"uv": [4, 6.75, 4.75, 7], "texture": "#1"},
				"east": {"uv": [7.5, 0.25, 7.75, 0.5], "texture": "#1"},
				"south": {"uv": [5, 6.75, 5.75, 7], "texture": "#1"},
				"up": {"uv": [6.5, 7, 5.75, 6.75], "texture": "#1"},
				"down": {"uv": [7.25, 6.75, 6.5, 7], "texture": "#1"}
			}
		},
		{
			"from": [1.999, 13.43674, 9.999],
			"to": [5.001, 14.43874, 11.001],
			"rotation": {"angle": 0, "axis": "y", "origin": [1, 3.43774, 0]},
			"faces": {
				"north": {"uv": [7, 1.25, 7.75, 1.5], "texture": "#1"},
				"south": {"uv": [1.75, 7, 2.5, 7.25], "texture": "#1"},
				"west": {"uv": [3.5, 7.5, 3.75, 7.75], "texture": "#1"},
				"up": {"uv": [3.25, 7.25, 2.5, 7], "texture": "#1"},
				"down": {"uv": [4, 7, 3.25, 7.25], "texture": "#1"}
			}
		},
		{
			"from": [12.999, 7.43674, 9.999],
			"to": [14.001, 13.43874, 11.001],
			"rotation": {"angle": 0, "axis": "y", "origin": [14.77264, 3.43774, 0]},
			"faces": {
				"north": {"uv": [3.25, 5.25, 3.5, 6.75], "texture": "#1"},
				"east": {"uv": [3.5, 5.25, 3.75, 6.75], "texture": "#1"},
				"south": {"uv": [3.75, 5.25, 4, 6.75], "texture": "#1"},
				"west": {"uv": [4, 5.25, 4.25, 6.75], "texture": "#1"}
			}
		},
		{
			"from": [3, 5.43774, 10.5],
			"to": [13, 13.43774, 10.7],
			"rotation": {"angle": 0, "axis": "y", "origin": [6.77264, 3.43774, 0]},
			"faces": {
				"north": {"uv": [0, 0, 2.5, 2], "texture": "#1", "tintindex": 0},
				"south": {"uv": [0, 2, 2.5, 4], "texture": "#1", "tintindex": 0}
			}
		},
		{
			"from": [3, 5.43774, 10],
			"to": [13, 13.43774, 10.2],
			"rotation": {"angle": 0, "axis": "y", "origin": [6.77264, 3.43774, -0.5]},
			"faces": {
				"north": {"uv": [2.5, 0, 5, 2], "texture": "#1", "tintindex": 0},
				"south": {"uv": [2.5, 2, 5, 4], "texture": "#1", "tintindex": 0}
			}
		},
		{
			"from": [5, 3.43774, 10.5],
			"to": [11, 4.43774, 10.7],
			"rotation": {"angle": 0, "axis": "y", "origin": [6.77264, 3.43774, 0]},
			"faces": {
				"north": {"uv": [5.25, 3.25, 6.75, 3.5], "texture": "#1", "tintindex": 0},
				"south": {"uv": [5.5, 4.25, 7, 4.5], "texture": "#1", "tintindex": 0}
			}
		},
		{
			"from": [5, 3.43774, 10],
			"to": [11, 4.43774, 10.2],
			"rotation": {"angle": 0, "axis": "y", "origin": [6.77264, 3.43774, -0.5]},
			"faces": {
				"north": {"uv": [5.75, 0.25, 7.25, 0.5], "texture": "#1", "tintindex": 0},
				"south": {"uv": [5.75, 0.5, 7.25, 0.75], "texture": "#1", "tintindex": 0}
			}
		},
		{
			"from": [6, 2.43774, 10.5],
			"to": [10, 3.43774, 10.7],
			"rotation": {"angle": 0, "axis": "y", "origin": [6.77264, 3.43774, 0]},
			"faces": {
				"north": {"uv": [6.25, 6, 7.25, 6.25], "texture": "#1", "tintindex": 0},
				"south": {"uv": [6.25, 6.25, 7.25, 6.5], "texture": "#1", "tintindex": 0}
			}
		},
		{
			"from": [6, 2.43774, 10],
			"to": [10, 3.43774, 10.2],
			"rotation": {"angle": 0, "axis": "y", "origin": [6.77264, 3.43774, -0.5]},
			"faces": {
				"north": {"uv": [6, 6.5, 7, 6.75], "texture": "#1", "tintindex": 0},
				"south": {"uv": [6.75, 2.25, 7.75, 2.5], "texture": "#1", "tintindex": 0}
			}
		},
		{
			"from": [7, 1.43774, 10.5],
			"to": [9, 2.43774, 10.7],
			"rotation": {"angle": 0, "axis": "y", "origin": [6.77264, 3.43774, 0]},
			"faces": {
				"north": {"uv": [3, 7.25, 3.5, 7.5], "texture": "#1", "tintindex": 0},
				"south": {"uv": [3.5, 7.25, 4, 7.5], "texture": "#1", "tintindex": 0}
			}
		},
		{
			"from": [7, 1.43774, 10],
			"to": [9, 2.43774, 10.2],
			"rotation": {"angle": 0, "axis": "y", "origin": [6.77264, 3.43774, -0.5]},
			"faces": {
				"north": {"uv": [5.5, 7.25, 6, 7.5], "texture": "#1", "tintindex": 0},
				"south": {"uv": [7.25, 5.5, 7.75, 5.75], "texture": "#1", "tintindex": 0}
			}
		},
		{
			"from": [4, 4.43774, 10.5],
			"to": [12, 5.43774, 10.7],
			"rotation": {"angle": 0, "axis": "y", "origin": [6.77264, 3.43774, 0]},
			"faces": {
				"north": {"uv": [2.75, 5, 4.75, 5.25], "texture": "#1", "tintindex": 0},
				"south": {"uv": [5, 3.5, 7, 3.75], "texture": "#1", "tintindex": 0}
			}
		},
		{
			"from": [4, 4.43774, 10],
			"to": [12, 5.43774, 10.2],
			"rotation": {"angle": 0, "axis": "y", "origin": [6.77264, 3.43774, -0.5]},
			"faces": {
				"north": {"uv": [0, 5.25, 2, 5.5], "texture": "#1", "tintindex": 0},
				"south": {"uv": [5.25, 1.5, 7.25, 1.75], "texture": "#1", "tintindex": 0}
			}
		},
		{
			"from": [12, 4.43774, 10.5],
			"to": [12.5, 5.43774, 10.7],
			"rotation": {"angle": 0, "axis": "y", "origin": [11.77264, -1.56226, 0]},
			"faces": {
				"north": {"uv": [7.75, 0, 8, 0.25], "texture": "#1", "tintindex": 0},
				"south": {"uv": [7.75, 0.25, 8, 0.5], "texture": "#1", "tintindex": 0}
			}
		},
		{
			"from": [12, 4.43774, 10],
			"to": [12.5, 5.43774, 10.2],
			"rotation": {"angle": 0, "axis": "y", "origin": [11.77264, -1.56226, -0.5]},
			"faces": {
				"north": {"uv": [1, 8, 1.25, 8.25], "texture": "#1", "tintindex": 0},
				"south": {"uv": [1.25, 8, 1.5, 8.25], "texture": "#1", "tintindex": 0}
			}
		},
		{
			"from": [11, 3.43774, 10.5],
			"to": [11.5, 4.43774, 10.7],
			"rotation": {"angle": 0, "axis": "y", "origin": [11.77264, -1.56226, 0]},
			"faces": {
				"north": {"uv": [7.75, 2.5, 8, 2.75], "texture": "#1", "tintindex": 0},
				"south": {"uv": [7.75, 2.75, 8, 3], "texture": "#1", "tintindex": 0}
			}
		},
		{
			"from": [11, 3.43774, 10],
			"to": [11.5, 4.43774, 10.2],
			"rotation": {"angle": 0, "axis": "y", "origin": [11.77264, -1.56226, -0.5]},
			"faces": {
				"north": {"uv": [3, 8, 3.25, 8.25], "texture": "#1", "tintindex": 0},
				"south": {"uv": [3.25, 8, 3.5, 8.25], "texture": "#1", "tintindex": 0}
			}
		},
		{
			"from": [10, 2.43774, 10.5],
			"to": [10.5, 3.43774, 10.7],
			"rotation": {"angle": 0, "axis": "y", "origin": [11.77264, -1.56226, 0]},
			"faces": {
				"north": {"uv": [7.75, 4.25, 8, 4.5], "texture": "#1", "tintindex": 0},
				"south": {"uv": [7.75, 4.5, 8, 4.75], "texture": "#1", "tintindex": 0}
			}
		},
		{
			"from": [10, 2.43774, 10],
			"to": [10.5, 3.43774, 10.2],
			"rotation": {"angle": 0, "axis": "y", "origin": [11.77264, -1.56226, -0.5]},
			"faces": {
				"north": {"uv": [4.75, 8, 5, 8.25], "texture": "#1", "tintindex": 0},
				"south": {"uv": [5, 8, 5.25, 8.25], "texture": "#1", "tintindex": 0}
			}
		},
		{
			"from": [9, 1.43774, 10.5],
			"to": [9.5, 2.43774, 10.7],
			"rotation": {"angle": 0, "axis": "y", "origin": [11.77264, -1.56226, 0]},
			"faces": {
				"north": {"uv": [7.75, 6, 8, 6.25], "texture": "#1", "tintindex": 0},
				"south": {"uv": [7.75, 6.25, 8, 6.5], "texture": "#1", "tintindex": 0}
			}
		},
		{
			"from": [9, 1.43774, 10],
			"to": [9.5, 2.43774, 10.2],
			"rotation": {"angle": 0, "axis": "y", "origin": [11.77264, -1.56226, -0.5]},
			"faces": {
				"north": {"uv": [6.5, 8, 6.75, 8.25], "texture": "#1", "tintindex": 0},
				"south": {"uv": [6.75, 8, 7, 8.25], "texture": "#1", "tintindex": 0}
			}
		},
		{
			"from": [6.5, 1.43774, 10.5],
			"to": [7, 2.43774, 10.7],
			"rotation": {"angle": 0, "axis": "y", "origin": [4.22736, -1.56226, 0]},
			"faces": {
				"north": {"uv": [7.75, 6.75, 8, 7], "texture": "#1", "tintindex": 0},
				"south": {"uv": [7.75, 7, 8, 7.25], "texture": "#1", "tintindex": 0}
			}
		},
		{
			"from": [6.5, 1.43774, 10],
			"to": [7, 2.43774, 10.2],
			"rotation": {"angle": 0, "axis": "y", "origin": [4.22736, -1.56226, -0.5]},
			"faces": {
				"north": {"uv": [7.25, 8, 7.5, 8.25], "texture": "#1", "tintindex": 0},
				"south": {"uv": [7.5, 8, 7.75, 8.25], "texture": "#1", "tintindex": 0}
			}
		},
		{
			"from": [5.5, 2.43774, 10.5],
			"to": [6, 3.43774, 10.7],
			"rotation": {"angle": 0, "axis": "y", "origin": [4.22736, -1.56226, 0]},
			"faces": {
				"north": {"uv": [7.75, 5, 8, 5.25], "texture": "#1", "tintindex": 0},
				"south": {"uv": [7.75, 5.25, 8, 5.5], "texture": "#1", "tintindex": 0}
			}
		},
		{
			"from": [5.5, 2.43774, 10],
			"to": [6, 3.43774, 10.2],
			"rotation": {"angle": 0, "axis": "y", "origin": [4.22736, -1.56226, -0.5]},
			"faces": {
				"north": {"uv": [5.5, 8, 5.75, 8.25], "texture": "#1", "tintindex": 0},
				"south": {"uv": [5.75, 8, 6, 8.25], "texture": "#1", "tintindex": 0}
			}
		},
		{
			"from": [4.5, 3.43774, 10.5],
			"to": [5, 4.43774, 10.7],
			"rotation": {"angle": 0, "axis": "y", "origin": [4.22736, -1.56226, 0]},
			"faces": {
				"north": {"uv": [7.75, 3.25, 8, 3.5], "texture": "#1", "tintindex": 0},
				"south": {"uv": [7.75, 3.5, 8, 3.75], "texture": "#1", "tintindex": 0}
			}
		},
		{
			"from": [4.5, 3.43774, 10],
			"to": [5, 4.43774, 10.2],
			"rotation": {"angle": 0, "axis": "y", "origin": [4.22736, -1.56226, -0.5]},
			"faces": {
				"north": {"uv": [3.75, 8, 4, 8.25], "texture": "#1", "tintindex": 0},
				"south": {"uv": [4, 8, 4.25, 8.25], "texture": "#1", "tintindex": 0}
			}
		},
		{
			"from": [3.5, 4.43774, 10.5],
			"to": [4, 5.43774, 10.7],
			"rotation": {"angle": 0, "axis": "y", "origin": [4.22736, -1.56226, 0]},
			"faces": {
				"north": {"uv": [7.75, 0.75, 8, 1], "texture": "#1", "tintindex": 0},
				"south": {"uv": [7.75, 1, 8, 1.25], "texture": "#1", "tintindex": 0}
			}
		},
		{
			"from": [3.5, 4.43774, 10],
			"to": [4, 5.43774, 10.2],
			"rotation": {"angle": 0, "axis": "y", "origin": [4.22736, -1.56226, -0.5]},
			"faces": {
				"north": {"uv": [1.75, 8, 2, 8.25], "texture": "#1", "tintindex": 0},
				"south": {"uv": [2, 8, 2.25, 8.25], "texture": "#1", "tintindex": 0}
			}
		},
		{
			"from": [7.5, 0.93774, 10.5],
			"to": [8.5, 1.43774, 10.7],
			"rotation": {"angle": 0, "axis": "y", "origin": [10.27264, -2.06226, 0]},
			"faces": {
				"north": {"uv": [7, 7.5, 7.25, 7.75], "texture": "#1", "tintindex": 0},
				"south": {"uv": [7.25, 7.5, 7.5, 7.75], "texture": "#1", "tintindex": 0},
				"down": {"uv": [0.25, 7.75, 0, 8], "texture": "#1", "tintindex": 0}
			}
		},
		{
			"from": [7.5, 0.93774, 10],
			"to": [8.5, 1.43774, 10.2],
			"rotation": {"angle": 0, "axis": "y", "origin": [10.27264, -2.06226, -0.5]},
			"faces": {
				"north": {"uv": [0.25, 8, 0.5, 8.25], "texture": "#1", "tintindex": 0},
				"south": {"uv": [0.5, 8, 0.75, 8.25], "texture": "#1", "tintindex": 0},
				"down": {"uv": [8.25, 0.75, 8, 1], "texture": "#1", "tintindex": 0}
			}
		},
		{
			"from": [5, 13.43774, 10.5],
			"to": [11, 14.43774, 10.7],
			"rotation": {"angle": 0, "axis": "y", "origin": [7.77264, 7.43774, 0]},
			"faces": {
				"north": {"uv": [5.25, 2.25, 6.75, 2.5], "texture": "#1", "tintindex": 0},
				"south": {"uv": [5.25, 2.5, 6.75, 2.75], "texture": "#1", "tintindex": 0}
			}
		},
		{
			"from": [5, 13.43774, 10],
			"to": [11, 14.43774, 10.2],
			"rotation": {"angle": 0, "axis": "y", "origin": [7.77264, 7.43774, -0.5]},
			"faces": {
				"north": {"uv": [5.5, 5, 7, 5.25], "texture": "#1", "tintindex": 0},
				"south": {"uv": [5.5, 5.25, 7, 5.5], "texture": "#1", "tintindex": 0}
			}
		},
		{
			"from": [7.25, 14.43774, 10.5],
			"to": [8.75, 15.43774, 10.7],
			"rotation": {"angle": 0, "axis": "y", "origin": [10.02264, 8.43774, 0]},
			"faces": {
				"north": {"uv": [7, 6.5, 7.5, 6.75], "texture": "#1", "tintindex": 0},
				"south": {"uv": [7.25, 1, 7.75, 1.25], "texture": "#1", "tintindex": 0}
			}
		},
		{
			"from": [7.25, 14.43774, 10],
			"to": [8.75, 15.43774, 10.2],
			"rotation": {"angle": 0, "axis": "y", "origin": [10.02264, 8.43774, -0.5]},
			"faces": {
				"north": {"uv": [7.25, 4.5, 7.75, 4.75], "texture": "#1", "tintindex": 0},
				"south": {"uv": [7.25, 4.75, 7.75, 5], "texture": "#1", "tintindex": 0}
			}
		},
		{
			"from": [5.501, 6.43874, 10.001],
			"to": [10.499, 11.43674, 10.999],
			"rotation": {"angle": 0, "axis": "y", "origin": [13.27264, 1.43774, 0]},
			"faces": {
				"east": {"uv": [1.25, 5.5, 1.5, 6.75], "texture": "#1"},
				"south": {"uv": [1.25, 4, 2.5, 5.25], "texture": "#1"},
				"west": {"uv": [1.5, 5.5, 1.75, 6.75], "texture": "#1"},
				"up": {"uv": [7, 1.5, 5.75, 1.25], "texture": "#1"},
				"down": {"uv": [6.5, 5.75, 5.25, 6], "texture": "#1"}
			}
		},
		{
			"from": [10.501, 9.43874, 10.001],
			"to": [11.499, 11.43674, 10.999],
			"rotation": {"angle": 0, "axis": "y", "origin": [16.27264, 2.43774, 0]},
			"faces": {
				"east": {"uv": [7, 7, 7.25, 7.5], "texture": "#1"},
				"south": {"uv": [7.25, 0, 7.5, 0.5], "texture": "#1"},
				"up": {"uv": [7.75, 6, 7.5, 5.75], "texture": "#1"},
				"down": {"uv": [6.25, 7.5, 6, 7.75], "texture": "#1"}
			}
		},
		{
			"from": [4.501, 9.43874, 10.001],
			"to": [5.499, 11.43674, 10.999],
			"rotation": {"angle": 0, "axis": "y", "origin": [13.27264, 2.43774, 0]},
			"faces": {
				"south": {"uv": [2, 7.25, 2.25, 7.75], "texture": "#1"},
				"west": {"uv": [2.25, 7.25, 2.5, 7.75], "texture": "#1"},
				"up": {"uv": [6.5, 7.75, 6.25, 7.5], "texture": "#1"},
				"down": {"uv": [7.75, 6.25, 7.5, 6.5], "texture": "#1"}
			}
		},
		{
			"from": [7.002, 10.43974, 10.002],
			"to": [8.998, 12.43574, 10.998],
			"rotation": {"angle": -45, "axis": "z", "origin": [8.02264, 11.43774, 11]},
			"faces": {
				"north": {"uv": [5.25, 6, 5.75, 6.5], "texture": "#1"},
				"east": {"uv": [1.75, 6.25, 2, 6.75], "texture": "#1"},
				"south": {"uv": [5.75, 6, 6.25, 6.5], "texture": "#1"},
				"west": {"uv": [7, 5.25, 7.25, 5.75], "texture": "#1"},
				"up": {"uv": [6.25, 7.25, 5.75, 7], "texture": "#1"},
				"down": {"uv": [6.75, 7, 6.25, 7.25], "texture": "#1"}
			}
		},
		{
			"from": [8.002, 5.68974, 10.002],
			"to": [10.998, 8.68574, 10.998],
			"rotation": {"angle": -45, "axis": "z", "origin": [8.02264, 8.68774, 11]},
			"faces": {
				"north": {"uv": [5, 0, 5.75, 0.75], "texture": "#1"},
				"east": {"uv": [7, 4.25, 7.25, 5], "texture": "#1"},
				"south": {"uv": [5, 0.75, 5.75, 1.5], "texture": "#1"},
				"down": {"uv": [7.75, 5, 7, 5.25], "texture": "#1"}
			}
		},
		{
			"from": [1.998, 7.43574, 9.998],
			"to": [3.002, 13.43974, 11.002],
			"rotation": {"angle": 0, "axis": "y", "origin": [1.22736, 3.43774, 0]},
			"faces": {
				"north": {"uv": [4.25, 5.25, 4.5, 6.75], "texture": "#1"},
				"east": {"uv": [5.25, 4.25, 5.5, 5.75], "texture": "#1"},
				"south": {"uv": [4.5, 5.25, 4.75, 6.75], "texture": "#1"},
				"west": {"uv": [0, 5.5, 0.25, 7], "texture": "#1"}
			}
		},
		{
			"from": [9.40161, 4.35545, 9.998],
			"to": [10.40561, 7.35945, 11.002],
			"rotation": {"angle": -22.5, "axis": "z", "origin": [12.40361, -1.64255, 0]},
			"faces": {
				"north": {"uv": [1.75, 5.5, 2, 6.25], "texture": "#1"},
				"east": {"uv": [0, 7, 0.25, 7.75], "texture": "#1"},
				"south": {"uv": [0.25, 7, 0.5, 7.75], "texture": "#1"},
				"west": {"uv": [0.5, 7, 0.75, 7.75], "texture": "#1"},
				"down": {"uv": [2.75, 7.5, 2.5, 7.75], "texture": "#1"}
			}
		},
		{
			"from": [5.59539, 4.35645, 9.999],
			"to": [6.59739, 7.35845, 11.001],
			"rotation": {"angle": 22.5, "axis": "z", "origin": [3.59639, -1.64255, 0]},
			"faces": {
				"north": {"uv": [0.75, 7, 1, 7.75], "texture": "#1"},
				"east": {"uv": [1, 7, 1.25, 7.75], "texture": "#1"},
				"south": {"uv": [1.25, 7, 1.5, 7.75], "texture": "#1"},
				"west": {"uv": [1.5, 7, 1.75, 7.75], "texture": "#1"},
				"down": {"uv": [3.25, 7.5, 3, 7.75], "texture": "#1"}
			}
		},
		{
			"from": [9.29057, -1.30928, 9.998],
			"to": [10.29457, 5.55472, 11.002],
			"rotation": {"angle": 45, "axis": "z", "origin": [7.29257, -2.30728, 0]},
			"faces": {
				"north": {"uv": [2, 5.25, 2.25, 7], "texture": "#1"},
				"east": {"uv": [2.25, 5.25, 2.5, 7], "texture": "#1"},
				"south": {"uv": [2.75, 5.25, 3, 7], "texture": "#1"},
				"west": {"uv": [3, 5.25, 3.25, 7], "texture": "#1"},
				"up": {"uv": [8, 1.75, 7.75, 1.5], "texture": "#1"},
				"down": {"uv": [2, 7.75, 1.75, 8], "texture": "#1"}
			}
		},
		{
			"from": [5.70643, -0.30828, 9.999],
			"to": [6.70843, 5.55372, 11.001],
			"rotation": {"angle": -45, "axis": "z", "origin": [8.70743, -2.30728, 0]},
			"faces": {
				"north": {"uv": [0.25, 5.5, 0.5, 7], "texture": "#1"},
				"east": {"uv": [0.5, 5.5, 0.75, 7], "texture": "#1"},
				"south": {"uv": [0.75, 5.5, 1, 7], "texture": "#1"},
				"west": {"uv": [1, 5.5, 1.25, 7], "texture": "#1"},
				"up": {"uv": [8, 2, 7.75, 1.75], "texture": "#1"},
				"down": {"uv": [2.25, 7.75, 2, 8], "texture": "#1"}
			}
		}
	],
	"display": {
		"thirdperson_righthand": {
			"rotation": [90, 90, 0],
			"translation": [-0.25, -2, 5.5]
		},
		"thirdperson_lefthand": {
			"rotation": [90, 90, 0],
			"translation": [-0.25, -2, 5.5]
		},
		"firstperson_righthand": {
			"rotation": [-119, 75.58, 123.92],
			"translation": [-0.75, 0.75, 3.5]
		},
		"firstperson_lefthand": {
			"rotation": [-119, 75.58, 123.92],
			"translation": [-0.75, 0.75, 3.5]
		},
		"gui": {
			"rotation": [30, 45, 0],
			"translation": [-1.5, 0.75, 0],
			"scale": [0.9, 0.9, 0.9]
		}
	}
}