{
	"credit": "Made with Blockbench",
	"parent": "hideaway:display_parents/back",
	"texture_size": [64, 64],
	"textures": {
		"2": "hideaway:back/lace_gown"
	},
	"elements": [
		{
			"from": [0.5, 4, 11],
			"to": [5.5, 13, 14],
			"rotation": {"angle": -22.5, "axis": "x", "origin": [3, 8.5, 12.5]},
			"faces": {
				"north": {"uv": [1.508, 11.008, 2.742, 13.242], "texture": "#2", "tintindex": 0},
				"east": {"uv": [0.008, 10.258, 0.742, 12.492], "texture": "#2", "tintindex": 0},
				"south": {"uv": [1.508, 11.008, 2.742, 13.242], "texture": "#2", "tintindex": 0},
				"west": {"uv": [0.758, 10.258, 1.492, 12.492], "texture": "#2", "tintindex": 0},
				"up": {"uv": [1.508, 10.258, 2.742, 10.992], "texture": "#2", "tintindex": 0},
				"down": {"uv": [0.008, 11.258, 0.742, 12.492], "rotation": 90, "texture": "#2", "tintindex": 0}
			}
		},
		{
			"from": [10.5, 4, 11],
			"to": [15.5, 13, 14],
			"rotation": {"angle": -22.5, "axis": "x", "origin": [13, 7.5, 12.5]},
			"faces": {
				"north": {"uv": [2.742, 11.008, 1.508, 13.242], "texture": "#2", "tintindex": 0},
				"east": {"uv": [1.492, 10.258, 0.758, 12.492], "texture": "#2", "tintindex": 0},
				"south": {"uv": [2.742, 11.008, 1.508, 13.242], "texture": "#2", "tintindex": 0},
				"west": {"uv": [0.742, 10.258, 0.008, 12.492], "texture": "#2", "tintindex": 0},
				"up": {"uv": [2.742, 10.258, 1.508, 10.992], "texture": "#2", "tintindex": 0},
				"down": {"uv": [0.008, 12.492, 0.742, 11.258], "rotation": 90, "texture": "#2", "tintindex": 0}
			}
		},
		{
			"from": [5.5, 6, 10],
			"to": [10.5, 11, 15],
			"rotation": {"angle": -22.5, "axis": "x", "origin": [8, 8.5, 12.5]},
			"faces": {
				"north": {"uv": [2.758, 10.258, 3.992, 11.492], "texture": "#2", "tintindex": 0},
				"east": {"uv": [2.758, 10.258, 3.992, 11.492], "texture": "#2", "tintindex": 0},
				"south": {"uv": [2.758, 10.258, 3.992, 11.492], "texture": "#2", "tintindex": 0},
				"west": {"uv": [2.758, 10.258, 3.992, 11.492], "texture": "#2", "tintindex": 0},
				"up": {"uv": [2.758, 10.258, 3.992, 11.492], "texture": "#2", "tintindex": 0},
				"down": {"uv": [2.758, 10.258, 3.992, 11.492], "texture": "#2", "tintindex": 0}
			}
		},
		{
			"from": [3.25, 5.6, 14.25],
			"to": [6.25, 5.6, 19.25],
			"rotation": {"angle": 0, "axis": "x", "origin": [7.75, 6.37868, 17.12132]},
			"faces": {
				"up": {"uv": [1.508, 4.008, 2.742, 4.742], "rotation": 90, "texture": "#2", "tintindex": 0}
			}
		},
		{
			"from": [3.25, -6.4, 19.25],
			"to": [6.25, 5.6, 19.25],
			"rotation": {"angle": -22.5, "axis": "x", "origin": [4.75, 5.5, 19.25]},
			"faces": {
				"north": {"uv": [2.508, 4.008, 5.492, 4.742], "rotation": 90, "texture": "#2", "tintindex": 0},
				"south": {"uv": [2.508, 4.742, 5.492, 4.008], "rotation": 90, "texture": "#2", "tintindex": 0}
			}
		},
		{
			"from": [-1.25, -6.4, 11.75],
			"to": [-1.25, 5.6, 14.75],
			"rotation": {"angle": -22.5, "axis": "z", "origin": [-1.25, 5.5, 13.25]},
			"faces": {
				"east": {"uv": [2.508, 4.008, 5.492, 4.742], "rotation": 90, "texture": "#2", "tintindex": 0},
				"west": {"uv": [2.508, 4.008, 5.492, 4.742], "rotation": 90, "texture": "#2", "tintindex": 0}
			}
		},
		{
			"from": [-1.25, 5.6, 11.75],
			"to": [3.75, 5.6, 14.75],
			"rotation": {"angle": 0, "axis": "x", "origin": [0.87868, 6.37868, 16.25]},
			"faces": {
				"up": {"uv": [1.508, 4.008, 2.742, 4.742], "rotation": 180, "texture": "#2", "tintindex": 0}
			}
		},
		{
			"from": [17.25, -6.4, 11.75],
			"to": [17.25, 5.6, 14.75],
			"rotation": {"angle": 22.5, "axis": "z", "origin": [17.25, 5.5, 13.25]},
			"faces": {
				"east": {"uv": [2.508, 4.742, 5.492, 4.008], "rotation": 90, "texture": "#2", "tintindex": 0},
				"west": {"uv": [2.508, 4.742, 5.492, 4.008], "rotation": 90, "texture": "#2", "tintindex": 0}
			}
		},
		{
			"from": [12.25, 5.6, 11.75],
			"to": [17.25, 5.6, 14.75],
			"rotation": {"angle": 0, "axis": "x", "origin": [15.12132, 6.37868, 16.25]},
			"faces": {
				"up": {"uv": [2.742, 4.008, 1.508, 4.742], "rotation": 180, "texture": "#2", "tintindex": 0}
			}
		},
		{
			"from": [9.75, 5.6, 14.25],
			"to": [12.75, 5.6, 19.25],
			"rotation": {"angle": 0, "axis": "x", "origin": [8.25, 6.37868, 17.12132]},
			"faces": {
				"up": {"uv": [1.508, 4.742, 2.742, 4.008], "rotation": 90, "texture": "#2", "tintindex": 0}
			}
		},
		{
			"from": [9.75, -6.4, 19.25],
			"to": [12.75, 5.6, 19.25],
			"rotation": {"angle": -22.5, "axis": "x", "origin": [11.25, 5.5, 19.25]},
			"faces": {
				"north": {"uv": [2.508, 4.008, 5.492, 4.742], "rotation": 90, "texture": "#2", "tintindex": 0},
				"south": {"uv": [2.508, 4.008, 5.492, 4.742], "rotation": 90, "texture": "#2", "tintindex": 0}
			}
		},
		{
			"from": [15.79807, 3.35659, 0.65869],
			"to": [17.79807, 6.35659, 3.65869],
			"rotation": {"angle": 45, "axis": "y", "origin": [16.50187, 4.69519, 2.6418]},
			"faces": {
				"north": {"uv": [0.008, 4.742, 0.742, 4.008], "rotation": 180, "texture": "#2", "tintindex": 0},
				"east": {"uv": [0.008, 4.742, 0.742, 4.008], "rotation": 180, "texture": "#2", "tintindex": 0},
				"south": {"uv": [0.008, 4.742, 0.742, 4.008], "rotation": 180, "texture": "#2", "tintindex": 0},
				"west": {"uv": [0.008, 4.742, 0.742, 4.008], "rotation": 180, "texture": "#2", "tintindex": 0},
				"up": {"uv": [0.008, 4.492, 0.742, 4.008], "rotation": 270, "texture": "#2", "tintindex": 0},
				"down": {"uv": [0.742, 4.492, 0.008, 4.008], "rotation": 90, "texture": "#2", "tintindex": 0}
			}
		},
		{
			"from": [17.25, 3.25, 3.35736],
			"to": [17.25, 6.25, 6.35736],
			"rotation": {"angle": 22.5, "axis": "y", "origin": [16.50187, 4.69519, 2.6418]},
			"faces": {
				"east": {"uv": [0.758, 4.008, 1.492, 4.742], "rotation": 180, "texture": "#2", "tintindex": 0},
				"west": {"uv": [1.492, 4.008, 0.758, 4.742], "rotation": 180, "texture": "#2", "tintindex": 0}
			}
		},
		{
			"from": [12.25, 3.25, 1.8918],
			"to": [15.25, 6.25, 1.8918],
			"rotation": {"angle": -22.5, "axis": "y", "origin": [16.50187, 4.69519, 2.6418]},
			"faces": {
				"north": {"uv": [1.492, 4.008, 0.758, 4.742], "rotation": 180, "texture": "#2", "tintindex": 0},
				"south": {"uv": [0.758, 4.008, 1.492, 4.742], "rotation": 180, "texture": "#2", "tintindex": 0}
			}
		},
		{
			"from": [-1.79807, 3.35659, 0.65869],
			"to": [0.20193, 6.35659, 3.65869],
			"rotation": {"angle": -45, "axis": "y", "origin": [-0.50187, 4.69519, 2.6418]},
			"faces": {
				"north": {"uv": [0.742, 4.742, 0.008, 4.008], "rotation": 180, "texture": "#2", "tintindex": 0},
				"east": {"uv": [0.742, 4.742, 0.008, 4.008], "rotation": 180, "texture": "#2", "tintindex": 0},
				"south": {"uv": [0.742, 4.742, 0.008, 4.008], "rotation": 180, "texture": "#2", "tintindex": 0},
				"west": {"uv": [0.742, 4.742, 0.008, 4.008], "rotation": 180, "texture": "#2", "tintindex": 0},
				"up": {"uv": [0.008, 4.008, 0.742, 4.492], "rotation": 270, "texture": "#2", "tintindex": 0},
				"down": {"uv": [0.742, 4.008, 0.008, 4.492], "rotation": 90, "texture": "#2", "tintindex": 0}
			}
		},
		{
			"from": [-1.25, 3.25, 3.35736],
			"to": [-1.25, 6.25, 6.35736],
			"rotation": {"angle": -22.5, "axis": "y", "origin": [-0.50187, 4.69519, 2.6418]},
			"faces": {
				"east": {"uv": [0.758, 4.008, 1.492, 4.742], "rotation": 180, "texture": "#2", "tintindex": 0},
				"west": {"uv": [1.492, 4.008, 0.758, 4.742], "rotation": 180, "texture": "#2", "tintindex": 0}
			}
		},
		{
			"from": [0.75, 3.25, 1.8918],
			"to": [3.75, 6.25, 1.8918],
			"rotation": {"angle": 22.5, "axis": "y", "origin": [-0.50187, 4.69519, 2.6418]},
			"faces": {
				"north": {"uv": [0.758, 4.008, 1.492, 4.742], "rotation": 180, "texture": "#2", "tintindex": 0},
				"south": {"uv": [1.492, 4.008, 0.758, 4.742], "rotation": 180, "texture": "#2", "tintindex": 0}
			}
		},
		{
			"from": [-1.79807, 3.35659, 16.34131],
			"to": [0.20193, 6.35659, 19.34131],
			"rotation": {"angle": 45, "axis": "y", "origin": [-0.50187, 4.69519, 17.3582]},
			"faces": {
				"north": {"uv": [0.008, 4.742, 0.742, 4.008], "rotation": 180, "texture": "#2", "tintindex": 0},
				"east": {"uv": [0.008, 4.742, 0.742, 4.008], "rotation": 180, "texture": "#2", "tintindex": 0},
				"south": {"uv": [0.008, 4.742, 0.742, 4.008], "rotation": 180, "texture": "#2", "tintindex": 0},
				"west": {"uv": [0.008, 4.742, 0.742, 4.008], "rotation": 180, "texture": "#2", "tintindex": 0},
				"up": {"uv": [0.742, 4.008, 0.008, 4.492], "rotation": 270, "texture": "#2", "tintindex": 0},
				"down": {"uv": [0.008, 4.008, 0.742, 4.492], "rotation": 90, "texture": "#2", "tintindex": 0}
			}
		},
		{
			"from": [-1.25, 3.25, 13.64264],
			"to": [-1.25, 6.25, 16.64264],
			"rotation": {"angle": 22.5, "axis": "y", "origin": [-0.50187, 4.69519, 17.3582]},
			"faces": {
				"east": {"uv": [1.492, 4.008, 0.758, 4.742], "rotation": 180, "texture": "#2", "tintindex": 0},
				"west": {"uv": [0.758, 4.008, 1.492, 4.742], "rotation": 180, "texture": "#2", "tintindex": 0}
			}
		},
		{
			"from": [0.75, 3.25, 18.1082],
			"to": [3.75, 6.25, 18.1082],
			"rotation": {"angle": -22.5, "axis": "y", "origin": [-0.50187, 4.69519, 17.3582]},
			"faces": {
				"north": {"uv": [0.758, 4.008, 1.492, 4.742], "rotation": 180, "texture": "#2", "tintindex": 0},
				"south": {"uv": [1.492, 4.008, 0.758, 4.742], "rotation": 180, "texture": "#2", "tintindex": 0}
			}
		},
		{
			"from": [15.79807, 3.35659, 16.34131],
			"to": [17.79807, 6.35659, 19.34131],
			"rotation": {"angle": -45, "axis": "y", "origin": [16.50187, 4.69519, 17.3582]},
			"faces": {
				"north": {"uv": [0.742, 4.742, 0.008, 4.008], "rotation": 180, "texture": "#2", "tintindex": 0},
				"east": {"uv": [0.742, 4.742, 0.008, 4.008], "rotation": 180, "texture": "#2", "tintindex": 0},
				"south": {"uv": [0.742, 4.742, 0.008, 4.008], "rotation": 180, "texture": "#2", "tintindex": 0},
				"west": {"uv": [0.742, 4.742, 0.008, 4.008], "rotation": 180, "texture": "#2", "tintindex": 0},
				"up": {"uv": [0.742, 4.492, 0.008, 4.008], "rotation": 270, "texture": "#2", "tintindex": 0},
				"down": {"uv": [0.008, 4.492, 0.742, 4.008], "rotation": 90, "texture": "#2", "tintindex": 0}
			}
		},
		{
			"from": [17.25, 3.25, 13.64264],
			"to": [17.25, 6.25, 16.64264],
			"rotation": {"angle": -22.5, "axis": "y", "origin": [16.50187, 4.69519, 17.3582]},
			"faces": {
				"east": {"uv": [1.492, 4.008, 0.758, 4.742], "rotation": 180, "texture": "#2", "tintindex": 0},
				"west": {"uv": [0.758, 4.008, 1.492, 4.742], "rotation": 180, "texture": "#2", "tintindex": 0}
			}
		},
		{
			"from": [12.25, 3.25, 18.1082],
			"to": [15.25, 6.25, 18.1082],
			"rotation": {"angle": 22.5, "axis": "y", "origin": [16.50187, 4.69519, 17.3582]},
			"faces": {
				"north": {"uv": [1.492, 4.008, 0.758, 4.742], "rotation": 180, "texture": "#2", "tintindex": 0},
				"south": {"uv": [0.758, 4.008, 1.492, 4.742], "rotation": 180, "texture": "#2", "tintindex": 0}
			}
		},
		{
			"from": [-2.52171, -13.65078, -2.5],
			"to": [-2.52171, -1.65078, 22.5],
			"rotation": {"angle": -22.5, "axis": "z", "origin": [8, -4.29255, 10]},
			"faces": {
				"east": {"uv": [6.258, 7.258, 12.492, 10.242], "texture": "#2", "tintindex": 0},
				"west": {"uv": [6.258, 7.258, 12.492, 10.242], "texture": "#2", "tintindex": 0}
			}
		},
		{
			"from": [-2.77171, -13.90078, -2.75],
			"to": [-2.27171, -1.40078, 22.75],
			"rotation": {"angle": -22.5, "axis": "z", "origin": [8, -4.29255, 10]},
			"faces": {
				"east": {"uv": [0.008, 7.258, 6.242, 10.242], "texture": "#2", "tintindex": 0},
				"west": {"uv": [0.008, 7.258, 6.242, 10.242], "texture": "#2", "tintindex": 0}
			}
		},
		{
			"from": [18.27171, -13.90078, -2.75],
			"to": [18.77171, -1.40078, 22.75],
			"rotation": {"angle": 22.5, "axis": "z", "origin": [8, -4.29255, 10]},
			"faces": {
				"east": {"uv": [6.242, 7.258, 0.008, 10.242], "texture": "#2", "tintindex": 0},
				"west": {"uv": [6.242, 7.258, 0.008, 10.242], "texture": "#2", "tintindex": 0}
			}
		},
		{
			"from": [18.52171, -13.65078, -2.5],
			"to": [18.52171, -1.65078, 22.5],
			"rotation": {"angle": 22.5, "axis": "z", "origin": [8, -4.29255, 10]},
			"faces": {
				"east": {"uv": [12.492, 7.258, 6.258, 10.242], "texture": "#2", "tintindex": 0},
				"west": {"uv": [12.492, 7.258, 6.258, 10.242], "texture": "#2", "tintindex": 0}
			}
		},
		{
			"from": [-4.75, -13.90078, 20.27171],
			"to": [20.75, -1.40078, 20.77171],
			"rotation": {"angle": -22.5, "axis": "x", "origin": [8, -4.29255, 10]},
			"faces": {
				"north": {"uv": [0.008, 7.258, 6.242, 10.242], "texture": "#2", "tintindex": 0},
				"south": {"uv": [0.008, 7.258, 6.242, 10.242], "texture": "#2", "tintindex": 0}
			}
		},
		{
			"from": [-4.5, -13.65078, -0.52171],
			"to": [20.5, -1.65078, -0.52171],
			"rotation": {"angle": 22.5, "axis": "x", "origin": [8, -4.29255, 10]},
			"faces": {
				"north": {"uv": [12.492, 7.258, 6.258, 10.242], "texture": "#2", "tintindex": 0},
				"south": {"uv": [12.492, 7.258, 6.258, 10.242], "texture": "#2", "tintindex": 0}
			}
		},
		{
			"from": [-4.75, -13.90078, -0.77171],
			"to": [20.75, -1.40078, -0.27171],
			"rotation": {"angle": 22.5, "axis": "x", "origin": [8, -4.29255, 10]},
			"faces": {
				"north": {"uv": [6.242, 7.258, 0.008, 10.242], "texture": "#2", "tintindex": 0},
				"south": {"uv": [6.242, 7.258, 0.008, 10.242], "texture": "#2", "tintindex": 0}
			}
		},
		{
			"from": [-4.5, -13.65078, 20.52171],
			"to": [20.5, -1.65078, 20.52171],
			"rotation": {"angle": -22.5, "axis": "x", "origin": [8, -4.29255, 10]},
			"faces": {
				"north": {"uv": [6.258, 7.258, 12.492, 10.242], "texture": "#2", "tintindex": 0},
				"south": {"uv": [6.258, 7.258, 12.492, 10.242], "texture": "#2", "tintindex": 0}
			}
		},
		{
			"from": [-0.75, 2, 1.75],
			"to": [16.75, 5.5, 18.25],
			"rotation": {"angle": 0, "axis": "y", "origin": [0.25, 1, 1.5]},
			"faces": {
				"north": {"uv": [0.008, 4.758, 4.242, 5.492], "texture": "#2", "tintindex": 0},
				"east": {"uv": [0.008, 4.758, 3.992, 5.492], "texture": "#2", "tintindex": 0},
				"south": {"uv": [0.008, 4.758, 4.242, 5.492], "texture": "#2", "tintindex": 0},
				"west": {"uv": [0.008, 4.758, 3.992, 5.492], "texture": "#2", "tintindex": 0},
				"up": {"uv": [0.008, 3.992, 4.242, 0.008], "texture": "#2", "tintindex": 0}
			}
		},
		{
			"name": "cube inverted",
			"from": [16.75, 5.5, 18.25],
			"to": [-0.75, 2, 1.75],
			"rotation": {"angle": 0, "axis": "y", "origin": [0.25, 1, 1.5]},
			"faces": {
				"north": {"uv": [0.008, 5.742, 4.242, 5.008], "texture": "#2", "tintindex": 0},
				"east": {"uv": [0.008, 5.742, 3.992, 5.008], "texture": "#2", "tintindex": 0},
				"south": {"uv": [0.008, 5.742, 4.242, 5.008], "texture": "#2", "tintindex": 0},
				"west": {"uv": [0.008, 5.742, 3.992, 5.008], "texture": "#2", "tintindex": 0},
				"down": {"uv": [4.242, 3.992, 0.008, 0.008], "texture": "#2", "tintindex": 0}
			}
		},
		{
			"name": "cube inverted",
			"from": [17.5, 3.25, 19.5],
			"to": [-1.5, 1.25, 0.5],
			"rotation": {"angle": 0, "axis": "y", "origin": [0.25, 1, 1.5]},
			"faces": {
				"down": {"uv": [10.242, 0.008, 5.508, 4.742], "texture": "#2"}
			}
		},
		{
			"from": [-1.5, 1.25, 0.5],
			"to": [17.5, 3.25, 19.5],
			"rotation": {"angle": 0, "axis": "y", "origin": [0.25, 1, 1.5]},
			"faces": {
				"north": {"uv": [0.008, 5.508, 4.742, 5.992], "texture": "#2"},
				"east": {"uv": [0.008, 5.508, 4.742, 5.992], "texture": "#2"},
				"south": {"uv": [0.008, 5.508, 4.742, 5.992], "texture": "#2"},
				"west": {"uv": [0.008, 5.508, 4.742, 5.992], "texture": "#2"},
				"up": {"uv": [5.508, 0.008, 10.242, 4.742], "texture": "#2"}
			}
		},
		{
			"from": [-1.5, -4.25, 1],
			"to": [17.5, 0.75, 19],
			"rotation": {"angle": 0, "axis": "y", "origin": [0.25, 1, 1.5]},
			"faces": {
				"north": {"uv": [0.008, 6.008, 4.742, 7.242], "texture": "#2"},
				"east": {"uv": [4.758, 6.008, 9.242, 7.242], "texture": "#2"},
				"south": {"uv": [0.008, 6.008, 4.742, 7.242], "texture": "#2"},
				"west": {"uv": [4.758, 6.008, 9.242, 7.242], "texture": "#2"}
			}
		},
		{
			"name": "cube inverted",
			"from": [17.25, 2.5, 18.75],
			"to": [-1.25, 3, 1.25],
			"rotation": {"angle": 0, "axis": "y", "origin": [0.25, 1, 1.5]},
			"faces": {
				"north": {"uv": [0, 6, 4.75, 5.75], "texture": "#2"},
				"east": {"uv": [0, 6, 4.75, 5.75], "texture": "#2"},
				"south": {"uv": [0, 6, 4.75, 5.75], "texture": "#2"},
				"west": {"uv": [0, 6, 4.75, 5.75], "texture": "#2"}
			}
		}
	],
	"display": {
		"gui": {
			"rotation": [35, 45, 0],
			"translation": [-0.5, 3.75, 0],
			"scale": [0.44, 0.44, 0.44]
		}
	},
	"groups": [
		{
			"name": "group",
			"origin": [8, 8, 8],
			"color": 0,
			"nbt": "{}",
			"children": [
				{
					"name": "group",
					"origin": [8, 8, 8],
					"color": 0,
					"nbt": "{}",
					"children": [
						0,
						1,
						2,
						3,
						4,
						5,
						6,
						7,
						8,
						9,
						10,
						{
							"name": "group",
							"origin": [8, 8, 8],
							"color": 0,
							"nbt": "{}",
							"children": [11, 12, 13, 14, 15, 16, 17, 18, 19, 20, 21, 22]
						},
						{
							"name": "group",
							"origin": [8, 8, 7.5],
							"color": 0,
							"nbt": "{}",
							"children": [
								{
									"name": "group",
									"origin": [8, -4.29255, 10],
									"color": 0,
									"nbt": "{}",
									"children": [23, 24, 25, 26, 27, 28, 29, 30]
								},
								31,
								32
							]
						}
					]
				},
				{
					"name": "group",
					"origin": [0.25, 1, 1.5],
					"color": 0,
					"nbt": "{}",
					"children": [33, 34, 35, 36]
				}
			]
		}
	],
	"__credit": "Generated using Animated Java (https://animated-java.dev/)"
}