{
	"credit": "Made with Blockbench",
	"parent": "hideaway:display_parents/back",
	"texture_size": [64, 64],
	"textures": {
		"0": "hideaway:back/lantern_dragon_back",
		"particle": "hideaway:back/lantern_dragon_back"
	},
	"elements": [
		{
			"from": [1, 12.03202, 12.67467],
			"to": [15, 22.03202, 26.67467],
			"rotation": {"angle": 22.5, "axis": "x", "origin": [8, 11.37761, 19.3097]},
			"faces": {
				"north": {"uv": [0, 0, 3.5, 2.5], "texture": "#0"},
				"east": {"uv": [0, 0, 3.5, 2.5], "texture": "#0"},
				"south": {"uv": [0, 0, 3.5, 2.5], "texture": "#0"},
				"west": {"uv": [0, 0, 3.5, 2.5], "texture": "#0"},
				"up": {"uv": [3.5, 0, 7, 3.5], "rotation": 180, "texture": "#0"},
				"down": {"uv": [0, 2.5, 3.5, 6], "rotation": 180, "texture": "#0"}
			}
		},
		{
			"from": [5, 22.03202, 16.67467],
			"to": [11, 24.03202, 22.67467],
			"rotation": {"angle": 22.5, "axis": "x", "origin": [8, 11.37761, 19.3097]},
			"faces": {
				"north": {"uv": [3.5, 5, 5, 5.5], "texture": "#0"},
				"east": {"uv": [5, 5, 3.5, 5.5], "texture": "#0"},
				"south": {"uv": [3.5, 5, 5, 5.5], "texture": "#0"},
				"west": {"uv": [5, 5, 3.5, 5.5], "texture": "#0"},
				"up": {"uv": [3.5, 3.5, 5, 5], "rotation": 180, "texture": "#0"}
			}
		},
		{
			"from": [5, 22.88252, 24.25227],
			"to": [11, 22.88252, 31.25227],
			"rotation": {"angle": -22.5, "axis": "x", "origin": [8, 23.25835, 24.59795]},
			"faces": {
				"up": {"uv": [1.75, 8.5, 3.25, 10.25], "rotation": 180, "texture": "#0"},
				"down": {"uv": [1.75, 8.5, 3.25, 10.25], "texture": "#0"}
			}
		},
		{
			"from": [5, 10.03202, 16.67467],
			"to": [11, 12.03202, 22.67467],
			"rotation": {"angle": 22.5, "axis": "x", "origin": [8, 11.37761, 19.3097]},
			"faces": {
				"north": {"uv": [3.5, 5, 5, 5.5], "rotation": 180, "texture": "#0"},
				"east": {"uv": [5, 5, 3.5, 5.5], "rotation": 180, "texture": "#0"},
				"south": {"uv": [3.5, 5, 5, 5.5], "rotation": 180, "texture": "#0"},
				"west": {"uv": [5, 5, 3.5, 5.5], "rotation": 180, "texture": "#0"},
				"down": {"uv": [3.5, 3.5, 5, 5], "rotation": 180, "texture": "#0"}
			}
		},
		{
			"from": [4.5, 12.28938, 12.49498],
			"to": [11.5, 12.28938, 16.49498],
			"rotation": {"angle": -22.5, "axis": "x", "origin": [8, 11.37761, 19.3097]},
			"faces": {
				"up": {"uv": [3.5, 5.5, 5.25, 6.5], "rotation": 180, "texture": "#0"},
				"down": {"uv": [3.5, 6.5, 5.25, 5.5], "rotation": 180, "texture": "#0"}
			}
		},
		{
			"from": [4.5, 4.04674, 20.73762],
			"to": [11.5, 8.04674, 20.73762],
			"rotation": {"angle": -22.5, "axis": "x", "origin": [8, 11.37761, 19.3097]},
			"faces": {
				"north": {"uv": [3.5, 5.5, 5.25, 6.5], "texture": "#0"},
				"south": {"uv": [3.5, 6.5, 5.25, 5.5], "rotation": 180, "texture": "#0"}
			}
		},
		{
			"from": [1, 10.03202, 16.17467],
			"to": [5, 10.03202, 23.17467],
			"rotation": {"angle": 22.5, "axis": "x", "origin": [8, 11.37761, 19.3097]},
			"faces": {
				"up": {"uv": [3.5, 5.5, 5.25, 6.5], "rotation": 90, "texture": "#0"},
				"down": {"uv": [3.5, 6.5, 5.25, 5.5], "rotation": 270, "texture": "#0"}
			}
		},
		{
			"from": [11, 10.03202, 16.17467],
			"to": [15, 10.03202, 23.17467],
			"rotation": {"angle": 22.5, "axis": "x", "origin": [8, 11.37761, 19.3097]},
			"faces": {
				"up": {"uv": [3.5, 6.5, 5.25, 5.5], "rotation": 90, "texture": "#0"},
				"down": {"uv": [3.5, 5.5, 5.25, 6.5], "rotation": 270, "texture": "#0"}
			}
		},
		{
			"from": [7.5, 6.83756, 19.69704],
			"to": [8.5, 10.83756, 19.69704],
			"rotation": {"angle": 22.5, "axis": "x", "origin": [8, 11.37761, 19.3097]},
			"faces": {
				"north": {"uv": [3.5, 6.5, 3.75, 7.5], "texture": "#0"},
				"south": {"uv": [3.5, 7.5, 3.75, 6.5], "rotation": 180, "texture": "#0"}
			}
		},
		{
			"from": [8, 6.83756, 19.19704],
			"to": [8, 10.83756, 20.19704],
			"rotation": {"angle": 22.5, "axis": "x", "origin": [8, 11.37761, 19.3097]},
			"faces": {
				"east": {"uv": [3.5, 6.5, 3.75, 7.5], "texture": "#0"},
				"west": {"uv": [3.5, 7.5, 3.75, 6.5], "rotation": 180, "texture": "#0"}
			}
		},
		{
			"from": [6, 5.08547, 17.69337],
			"to": [10, 9.08547, 21.69337],
			"rotation": {"angle": 22.5, "axis": "x", "origin": [8, 11.37761, 19.3097]},
			"faces": {
				"north": {"uv": [5, 3.5, 6, 4.5], "texture": "#0"},
				"east": {"uv": [5, 3.5, 6, 4.5], "texture": "#0"},
				"south": {"uv": [5, 3.5, 6, 4.5], "texture": "#0"},
				"west": {"uv": [5, 3.5, 6, 4.5], "texture": "#0"},
				"up": {"uv": [6, 3.5, 7, 4.5], "rotation": 180, "texture": "#0"},
				"down": {"uv": [5, 4.5, 6, 5.5], "rotation": 180, "texture": "#0"}
			}
		},
		{
			"from": [6.5, -4.25, 17.3694],
			"to": [9.5, 5.75, 17.3694],
			"rotation": {"angle": 0, "axis": "y", "origin": [8, 11.37761, 19.3097]},
			"faces": {
				"north": {"uv": [6, 4.5, 6.75, 7], "texture": "#0"},
				"south": {"uv": [6, 4.5, 6.75, 7], "texture": "#0"}
			}
		},
		{
			"from": [8, -4.25, 15.8694],
			"to": [8, 5.75, 18.8694],
			"rotation": {"angle": 0, "axis": "y", "origin": [8, 11.37761, 19.3097]},
			"faces": {
				"east": {"uv": [6, 4.5, 6.75, 7], "texture": "#0"},
				"west": {"uv": [6, 4.5, 6.75, 7], "texture": "#0"}
			}
		},
		{
			"from": [-1, 10.75, 13],
			"to": [-1, 17.75, 19],
			"rotation": {"angle": 22.5, "axis": "y", "origin": [-1, 14.25, 16]},
			"faces": {
				"east": {"uv": [3.25, 8.5, 1.75, 10.25], "texture": "#0"},
				"west": {"uv": [3.25, 8.5, 1.75, 10.25], "texture": "#0"}
			}
		},
		{
			"from": [-2.75, 10.33547, 14.19337],
			"to": [0.25, 11.33547, 17.19337],
			"rotation": {"angle": -45, "axis": "y", "origin": [-1.25, 5.83547, 15.69337]},
			"faces": {
				"north": {"uv": [1.75, 11, 2.5, 11.25], "texture": "#0"},
				"east": {"uv": [1.75, 11, 2.5, 11.25], "texture": "#0"},
				"south": {"uv": [1.75, 11, 2.5, 11.25], "texture": "#0"},
				"west": {"uv": [1.75, 11, 2.5, 11.25], "texture": "#0"},
				"up": {"uv": [1.75, 10.25, 2.5, 11], "rotation": 180, "texture": "#0"}
			}
		},
		{
			"from": [-1.25, -2, 14.3694],
			"to": [-1.25, 6, 17.3694],
			"rotation": {"angle": 0, "axis": "y", "origin": [15.25, 2.62761, 11.8097]},
			"faces": {
				"east": {"uv": [3.75, 6.5, 4.5, 8.5], "texture": "#0"},
				"west": {"uv": [3.75, 6.5, 4.5, 8.5], "texture": "#0"}
			}
		},
		{
			"from": [-2.75, -2, 15.8694],
			"to": [0.25, 6, 15.8694],
			"rotation": {"angle": 0, "axis": "y", "origin": [15.25, 2.62761, 11.8097]},
			"faces": {
				"north": {"uv": [3.75, 6.5, 4.5, 8.5], "texture": "#0"},
				"south": {"uv": [3.75, 6.5, 4.5, 8.5], "texture": "#0"}
			}
		},
		{
			"from": [-4.75, 5.33547, 12.19337],
			"to": [2.25, 10.33547, 19.19337],
			"rotation": {"angle": -45, "axis": "y", "origin": [-1.25, 5.83547, 15.69337]},
			"faces": {
				"north": {"uv": [0, 8.5, 1.75, 9.75], "texture": "#0"},
				"east": {"uv": [0, 8.5, 1.75, 9.75], "texture": "#0"},
				"south": {"uv": [0, 8.5, 1.75, 9.75], "texture": "#0"},
				"west": {"uv": [0, 8.5, 1.75, 9.75], "texture": "#0"},
				"up": {"uv": [0, 9.75, 1.75, 11.5], "rotation": 180, "texture": "#0"},
				"down": {"uv": [0, 11.5, 1.75, 13.25], "rotation": 180, "texture": "#0"}
			}
		},
		{
			"from": [17, 10.75, 13],
			"to": [17, 17.75, 19],
			"rotation": {"angle": -22.5, "axis": "y", "origin": [17, 14.25, 16]},
			"faces": {
				"east": {"uv": [1.75, 8.5, 3.25, 10.25], "texture": "#0"},
				"west": {"uv": [1.75, 8.5, 3.25, 10.25], "texture": "#0"}
			}
		},
		{
			"from": [15.75, 10.33547, 14.19337],
			"to": [18.75, 11.33547, 17.19337],
			"rotation": {"angle": 45, "axis": "y", "origin": [17.25, 5.83547, 15.69337]},
			"faces": {
				"north": {"uv": [2.5, 11, 1.75, 11.25], "texture": "#0"},
				"east": {"uv": [2.5, 11, 1.75, 11.25], "texture": "#0"},
				"south": {"uv": [2.5, 11, 1.75, 11.25], "texture": "#0"},
				"west": {"uv": [2.5, 11, 1.75, 11.25], "texture": "#0"},
				"up": {"uv": [2.5, 10.25, 1.75, 11], "rotation": 180, "texture": "#0"}
			}
		},
		{
			"from": [17.25, -2, 14.3694],
			"to": [17.25, 6, 17.3694],
			"rotation": {"angle": 0, "axis": "y", "origin": [0.75, 2.62761, 11.8097]},
			"faces": {
				"east": {"uv": [4.5, 6.5, 3.75, 8.5], "texture": "#0"},
				"west": {"uv": [4.5, 6.5, 3.75, 8.5], "texture": "#0"}
			}
		},
		{
			"from": [15.75, -2, 15.8694],
			"to": [18.75, 6, 15.8694],
			"rotation": {"angle": 0, "axis": "y", "origin": [0.75, 2.62761, 11.8097]},
			"faces": {
				"north": {"uv": [4.5, 6.5, 3.75, 8.5], "texture": "#0"},
				"south": {"uv": [4.5, 6.5, 3.75, 8.5], "texture": "#0"}
			}
		},
		{
			"from": [13.75, 5.33547, 12.19337],
			"to": [20.75, 10.33547, 19.19337],
			"rotation": {"angle": 45, "axis": "y", "origin": [17.25, 5.83547, 15.69337]},
			"faces": {
				"north": {"uv": [1.75, 8.5, 0, 9.75], "texture": "#0"},
				"east": {"uv": [1.75, 8.5, 0, 9.75], "texture": "#0"},
				"south": {"uv": [1.75, 8.5, 0, 9.75], "texture": "#0"},
				"west": {"uv": [1.75, 8.5, 0, 9.75], "texture": "#0"},
				"up": {"uv": [1.75, 9.75, 0, 11.5], "rotation": 180, "texture": "#0"},
				"down": {"uv": [1.75, 11.5, 0, 13.25], "rotation": 180, "texture": "#0"}
			}
		},
		{
			"from": [-14, 8.75, 10],
			"to": [5, 24.75, 10],
			"rotation": {"angle": 45, "axis": "y", "origin": [5, 7.25, 10]},
			"faces": {
				"north": {"uv": [7, 0, 11.75, 4], "texture": "#0", "tintindex": 0},
				"south": {"uv": [7, 4, 11.75, 0], "rotation": 180, "texture": "#0", "tintindex": 0}
			}
		},
		{
			"from": [-5, 8.75, 10],
			"to": [5, 17.75, 10],
			"rotation": {"angle": 45, "axis": "y", "origin": [5, 7.25, 10]},
			"faces": {
				"north": {"uv": [11.75, 0, 14.25, 2.25], "texture": "#0"},
				"south": {"uv": [11.75, 2.25, 14.25, 0], "rotation": 180, "texture": "#0"}
			}
		},
		{
			"from": [11, 8.75, 10],
			"to": [21, 17.75, 10],
			"rotation": {"angle": -45, "axis": "y", "origin": [11, 7.25, 10]},
			"faces": {
				"north": {"uv": [14.25, 0, 11.75, 2.25], "texture": "#0"},
				"south": {"uv": [14.25, 2.25, 11.75, 0], "rotation": 180, "texture": "#0"}
			}
		},
		{
			"from": [11, 8.75, 10],
			"to": [30, 24.75, 10],
			"rotation": {"angle": -45, "axis": "y", "origin": [11, 7.25, 10]},
			"faces": {
				"north": {"uv": [11.75, 0, 7, 4], "texture": "#0", "tintindex": 0},
				"south": {"uv": [11.75, 4, 7, 0], "rotation": 180, "texture": "#0", "tintindex": 0}
			}
		}
	],
	"display": {},
	"groups": [
		{
			"name": "group",
			"origin": [8, 8, 8],
			"color": 0,
			"nbt": "{}",
			"armAnimationEnabled": false,
			"children": [
				{
					"name": "group",
					"origin": [8, 8, 8],
					"color": 0,
					"nbt": "{}",
					"armAnimationEnabled": false,
					"children": [
						0,
						1,
						2,
						3,
						4,
						5,
						6,
						7,
						8,
						9,
						10,
						11,
						12,
						{
							"name": "group",
							"origin": [23.75, 10.83547, 22.19337],
							"color": 0,
							"nbt": "{}",
							"armAnimationEnabled": false,
							"children": [13, 14, 15, 16, 17]
						},
						{
							"name": "group",
							"origin": [23.75, 10.83547, 22.19337],
							"color": 0,
							"nbt": "{}",
							"armAnimationEnabled": false,
							"children": [18, 19, 20, 21, 22]
						}
					]
				},
				{
					"name": "group",
					"origin": [4, 9, 4],
					"color": 0,
					"nbt": "{}",
					"armAnimationEnabled": false,
					"children": [
						{
							"name": "group",
							"origin": [11, 6.25, 10],
							"color": 0,
							"nbt": "{}",
							"armAnimationEnabled": false,
							"children": [23, 24, 25, 26]
						}
					]
				}
			]
		}
	]
}