{
	"credit": "Made by CookiesNom with Blockbench",
	"parent": "hideaway:display_parents/back",
	"texture_size": [64, 64],
	"textures": {
		"1": "hideaway:back/leather_backpack",
		"particle": "hideaway:back/leather_backpack"
	},
	"elements": [
		{
			"from": [4, 3, 10],
			"to": [12, 9, 15],
			"rotation": {"angle": 0, "axis": "y", "origin": [0, 2, 0]},
			"faces": {
				"north": {"uv": [2.008, 0.008, 3.992, 1.492], "texture": "#1", "tintindex": 0},
				"east": {"uv": [4.008, 4.008, 5.242, 5.492], "texture": "#1", "tintindex": 0},
				"south": {"uv": [2.008, 1.508, 3.992, 2.992], "texture": "#1", "tintindex": 0},
				"west": {"uv": [0.008, 4.258, 1.242, 5.742], "texture": "#1", "tintindex": 0},
				"up": {"uv": [1.992, 4.242, 0.008, 3.008], "texture": "#1", "tintindex": 0},
				"down": {"uv": [3.992, 3.008, 2.008, 4.242], "texture": "#1", "tintindex": 0}
			}
		},
		{
			"from": [3, 3, 10],
			"to": [4, 8, 14],
			"rotation": {"angle": 0, "axis": "y", "origin": [0, 2, 0]},
			"faces": {
				"north": {"uv": [3.758, 4.258, 3.992, 5.492], "texture": "#1", "tintindex": 0},
				"east": {"uv": [4.008, 5.508, 4.992, 6.742], "texture": "#1", "tintindex": 0},
				"south": {"uv": [5.008, 5.508, 5.242, 6.742], "texture": "#1", "tintindex": 0},
				"west": {"uv": [6.008, 0.008, 6.992, 1.242], "texture": "#1", "tintindex": 0},
				"up": {"uv": [2.242, 8.992, 2.008, 8.008], "texture": "#1", "tintindex": 0},
				"down": {"uv": [2.492, 8.008, 2.258, 8.992], "texture": "#1", "tintindex": 0}
			}
		},
		{
			"from": [12, 3, 10],
			"to": [13, 8, 14],
			"rotation": {"angle": 0, "axis": "y", "origin": [0, 2, 0]},
			"faces": {
				"north": {"uv": [7.508, 7.508, 7.742, 8.742], "texture": "#1", "tintindex": 0},
				"east": {"uv": [6.008, 1.258, 6.992, 2.492], "texture": "#1", "tintindex": 0},
				"south": {"uv": [7.758, 3.508, 7.992, 4.742], "texture": "#1", "tintindex": 0},
				"west": {"uv": [6.008, 2.508, 6.992, 3.742], "texture": "#1", "tintindex": 0},
				"up": {"uv": [2.742, 8.992, 2.508, 8.008], "texture": "#1", "tintindex": 0},
				"down": {"uv": [2.992, 8.008, 2.758, 8.992], "texture": "#1", "tintindex": 0}
			}
		},
		{
			"from": [11.7, 4.7, 9.7],
			"to": [13.3, 8.3, 14.3],
			"rotation": {"angle": 0, "axis": "y", "origin": [0, 2, 0]},
			"faces": {
				"north": {"uv": [8.008, 7.508, 8.242, 8.242], "texture": "#1", "tintindex": 0},
				"east": {"uv": [3.008, 6.508, 3.992, 7.242], "texture": "#1", "tintindex": 0},
				"south": {"uv": [8.258, 0.008, 8.492, 0.742], "texture": "#1", "tintindex": 0},
				"west": {"uv": [6.758, 3.758, 7.742, 4.492], "texture": "#1", "tintindex": 0},
				"up": {"uv": [8.242, 4.242, 8.008, 3.258], "texture": "#1", "tintindex": 0},
				"down": {"uv": [8.242, 4.258, 8.008, 5.242], "texture": "#1", "tintindex": 0}
			}
		},
		{
			"from": [2.7, 4.7, 9.7],
			"to": [4.3, 8.3, 14.3],
			"rotation": {"angle": 0, "axis": "y", "origin": [16, 2, 0]},
			"faces": {
				"north": {"uv": [8.258, 0.758, 8.492, 1.492], "texture": "#1", "tintindex": 0},
				"east": {"uv": [4.008, 6.758, 4.992, 7.492], "texture": "#1", "tintindex": 0},
				"south": {"uv": [3.008, 8.258, 3.242, 8.992], "texture": "#1", "tintindex": 0},
				"west": {"uv": [6.758, 4.508, 7.742, 5.242], "texture": "#1", "tintindex": 0},
				"up": {"uv": [8.242, 7.492, 8.008, 6.508], "texture": "#1", "tintindex": 0},
				"down": {"uv": [7.242, 8.008, 7.008, 8.992], "texture": "#1", "tintindex": 0}
			}
		},
		{
			"from": [5, 3, 15],
			"to": [11, 8, 16],
			"rotation": {"angle": 0, "axis": "y", "origin": [0, 2, 0]},
			"faces": {
				"north": {"uv": [1.258, 4.258, 2.742, 5.492], "texture": "#1", "tintindex": 0},
				"east": {"uv": [7.758, 4.758, 7.992, 5.992], "texture": "#1", "tintindex": 0},
				"south": {"uv": [5.258, 4.008, 6.742, 5.242], "texture": "#1", "tintindex": 0},
				"west": {"uv": [7.758, 7.508, 7.992, 8.742], "texture": "#1", "tintindex": 0},
				"up": {"uv": [2.742, 5.742, 1.258, 5.508], "texture": "#1", "tintindex": 0},
				"down": {"uv": [8.992, 2.008, 7.508, 2.242], "texture": "#1", "tintindex": 0}
			}
		},
		{
			"from": [4.7, 4.7, 14.7],
			"to": [11.3, 8.3, 16.3],
			"rotation": {"angle": 0, "axis": "y", "origin": [0, 2, 0]},
			"faces": {
				"north": {"uv": [6.258, 5.258, 7.742, 5.992], "texture": "#1", "tintindex": 0},
				"east": {"uv": [8.008, 5.258, 8.242, 5.992], "texture": "#1", "tintindex": 0},
				"south": {"uv": [6.258, 6.008, 7.742, 6.742], "texture": "#1", "tintindex": 0},
				"west": {"uv": [7.258, 8.008, 7.492, 8.742], "texture": "#1", "tintindex": 0},
				"up": {"uv": [8.992, 2.492, 7.508, 2.258], "texture": "#1", "tintindex": 0},
				"down": {"uv": [8.992, 2.508, 7.508, 2.742], "texture": "#1", "tintindex": 0}
			}
		},
		{
			"from": [4, 8, 10],
			"to": [12, 14, 14],
			"rotation": {"angle": 0, "axis": "y", "origin": [0, 2, 0]},
			"faces": {
				"north": {"uv": [0.008, 0.008, 1.992, 1.492], "texture": "#1", "tintindex": 0},
				"east": {"uv": [2.758, 4.258, 3.742, 5.742], "texture": "#1", "tintindex": 0},
				"south": {"uv": [0.008, 1.508, 1.992, 2.992], "texture": "#1", "tintindex": 0},
				"west": {"uv": [5.258, 5.258, 6.242, 6.742], "texture": "#1", "tintindex": 0},
				"up": {"uv": [5.992, 0.992, 4.008, 0.008], "texture": "#1", "tintindex": 0},
				"down": {"uv": [5.992, 1.008, 4.008, 1.992], "texture": "#1", "tintindex": 0}
			}
		},
		{
			"from": [3.7, 10.7, 9.7],
			"to": [12.3, 14.3, 14.3],
			"rotation": {"angle": 0, "axis": "y", "origin": [0, 2, 0]},
			"faces": {
				"north": {"uv": [0.008, 5.758, 1.992, 6.492], "texture": "#1", "tintindex": 0},
				"east": {"uv": [0.008, 6.508, 0.992, 7.242], "texture": "#1", "tintindex": 0},
				"south": {"uv": [2.008, 5.758, 3.992, 6.492], "texture": "#1", "tintindex": 0},
				"west": {"uv": [1.008, 6.508, 1.992, 7.242], "texture": "#1", "tintindex": 0},
				"up": {"uv": [5.992, 2.992, 4.008, 2.008], "texture": "#1", "tintindex": 0},
				"down": {"uv": [5.992, 3.008, 4.008, 3.992], "texture": "#1", "tintindex": 0}
			}
		},
		{
			"from": [7, 8.5, 14.75],
			"to": [9, 14.5, 14.75],
			"rotation": {"angle": 0, "axis": "y", "origin": [6, 8.5, 15]},
			"faces": {
				"north": {"uv": [2.008, 6.508, 2.492, 7.992], "texture": "#1"},
				"east": {"uv": [0.008, 0.008, 0.008, 1.492], "texture": "#1"},
				"south": {"uv": [2.508, 6.508, 2.992, 7.992], "texture": "#1"},
				"west": {"uv": [0.008, 0.008, 0.008, 1.492], "texture": "#1"},
				"up": {"uv": [0.492, 0.008, 0.008, 0.008], "texture": "#1"},
				"down": {"uv": [0.492, 0.008, 0.008, 0.008], "texture": "#1"}
			}
		},
		{
			"from": [6.5, 9.5, 13.5],
			"to": [9.5, 11.5, 15.5],
			"rotation": {"angle": 0, "axis": "y", "origin": [5.5, 8.5, 14.75]},
			"faces": {
				"north": {"uv": [7.508, 0.008, 8.242, 0.492], "texture": "#1"},
				"east": {"uv": [7.758, 6.008, 8.242, 6.492], "texture": "#1"},
				"south": {"uv": [7.508, 0.508, 8.242, 0.992], "texture": "#1"},
				"west": {"uv": [8.008, 2.758, 8.492, 3.242], "texture": "#1"},
				"up": {"uv": [8.242, 1.492, 7.508, 1.008], "texture": "#1"},
				"down": {"uv": [8.242, 1.508, 7.508, 1.992], "texture": "#1"}
			}
		},
		{
			"from": [7, 14.5, 10.75],
			"to": [9, 14.5, 14.75],
			"rotation": {"angle": 0, "axis": "y", "origin": [6, 8.5, 15]},
			"faces": {
				"north": {"uv": [0.008, 0.008, 0.492, 0.008], "texture": "#1"},
				"east": {"uv": [0.008, 0.008, 0.992, 0.008], "texture": "#1"},
				"south": {"uv": [0.008, 0.008, 0.492, 0.008], "texture": "#1"},
				"west": {"uv": [0.008, 0.008, 0.992, 0.008], "texture": "#1"},
				"up": {"uv": [3.492, 8.242, 3.008, 7.258], "texture": "#1"},
				"down": {"uv": [3.992, 7.258, 3.508, 8.242], "texture": "#1"}
			}
		},
		{
			"from": [10, 13.999, 5],
			"to": [12, 13.999, 10],
			"rotation": {"angle": 0, "axis": "y", "origin": [16, 1.749, 0]},
			"faces": {
				"north": {"uv": [0.008, 0.008, 0.492, 0.008], "texture": "#1"},
				"east": {"uv": [0.008, 0.008, 1.242, 0.008], "texture": "#1"},
				"south": {"uv": [0.008, 0.008, 0.492, 0.008], "texture": "#1"},
				"west": {"uv": [0.008, 0.008, 1.242, 0.008], "texture": "#1"},
				"up": {"uv": [7.492, 1.242, 7.008, 0.008], "texture": "#1"},
				"down": {"uv": [7.492, 1.258, 7.008, 2.492], "texture": "#1"}
			}
		},
		{
			"from": [10, 8.999, 5],
			"to": [12, 13.999, 5],
			"rotation": {"angle": 0, "axis": "y", "origin": [16, 1.749, 0]},
			"faces": {
				"north": {"uv": [7.008, 2.508, 7.492, 3.742], "texture": "#1"},
				"east": {"uv": [0.008, 0.008, 0.008, 1.242], "texture": "#1"},
				"south": {"uv": [7.008, 6.758, 7.492, 7.992], "texture": "#1"},
				"west": {"uv": [0.008, 0.008, 0.008, 1.242], "texture": "#1"},
				"up": {"uv": [0.492, 0.008, 0.008, 0.008], "texture": "#1"},
				"down": {"uv": [0.492, 0.008, 0.008, 0.008], "texture": "#1"}
			}
		},
		{
			"from": [10, 7.999, 5.25],
			"to": [12, 10.999, 5.25],
			"rotation": {"angle": 0, "axis": "y", "origin": [16, 2.749, 0]},
			"faces": {
				"north": {"uv": [7.508, 2.758, 7.992, 3.492], "texture": "#1"},
				"east": {"uv": [0.008, 0.008, 0.008, 0.742], "texture": "#1"},
				"south": {"uv": [4.008, 7.508, 4.492, 8.242], "texture": "#1"},
				"west": {"uv": [0.008, 0.008, 0.008, 0.742], "texture": "#1"},
				"up": {"uv": [0.492, 0.008, 0.008, 0.008], "texture": "#1"},
				"down": {"uv": [0.492, 0.008, 0.008, 0.008], "texture": "#1"}
			}
		},
		{
			"from": [10, 7.42497, 5.13582],
			"to": [12, 7.42497, 11.13582],
			"rotation": {"angle": 22.5, "axis": "x", "origin": [11.5, 7.42497, 6.63582]},
			"faces": {
				"north": {"uv": [0.008, 0.008, 0.492, 0.008], "texture": "#1"},
				"east": {"uv": [0.008, 0.008, 1.492, 0.008], "texture": "#1"},
				"south": {"uv": [0.008, 0.008, 0.492, 0.008], "texture": "#1"},
				"west": {"uv": [0.008, 0.008, 1.492, 0.008], "texture": "#1"},
				"up": {"uv": [5.492, 8.242, 5.008, 6.758], "texture": "#1"},
				"down": {"uv": [5.992, 6.758, 5.508, 8.242], "texture": "#1"}
			}
		},
		{
			"from": [4, 13.999, 5],
			"to": [6, 13.999, 10],
			"rotation": {"angle": 0, "axis": "y", "origin": [0, 1.749, 0]},
			"faces": {
				"north": {"uv": [0.008, 0.008, 0.492, 0.008], "texture": "#1"},
				"east": {"uv": [0.008, 0.008, 1.242, 0.008], "texture": "#1"},
				"south": {"uv": [0.008, 0.008, 0.492, 0.008], "texture": "#1"},
				"west": {"uv": [0.008, 0.008, 1.242, 0.008], "texture": "#1"},
				"up": {"uv": [1.492, 8.492, 1.008, 7.258], "texture": "#1"},
				"down": {"uv": [1.992, 7.258, 1.508, 8.492], "texture": "#1"}
			}
		},
		{
			"from": [4, 8.999, 5],
			"to": [6, 13.999, 5],
			"rotation": {"angle": 0, "axis": "y", "origin": [0, 1.749, 0]},
			"faces": {
				"north": {"uv": [0.008, 7.258, 0.492, 8.492], "texture": "#1"},
				"east": {"uv": [0.008, 0.008, 0.008, 1.242], "texture": "#1"},
				"south": {"uv": [0.508, 7.258, 0.992, 8.492], "texture": "#1"},
				"west": {"uv": [0.008, 0.008, 0.008, 1.242], "texture": "#1"},
				"up": {"uv": [0.492, 0.008, 0.008, 0.008], "texture": "#1"},
				"down": {"uv": [0.492, 0.008, 0.008, 0.008], "texture": "#1"}
			}
		},
		{
			"from": [4, 7.999, 5.25],
			"to": [6, 10.999, 5.25],
			"rotation": {"angle": 0, "axis": "y", "origin": [0, 2.749, 0]},
			"faces": {
				"north": {"uv": [4.508, 7.508, 4.992, 8.242], "texture": "#1"},
				"east": {"uv": [0.008, 0.008, 0.008, 0.742], "texture": "#1"},
				"south": {"uv": [7.508, 6.758, 7.992, 7.492], "texture": "#1"},
				"west": {"uv": [0.008, 0.008, 0.008, 0.742], "texture": "#1"},
				"up": {"uv": [0.492, 0.008, 0.008, 0.008], "texture": "#1"},
				"down": {"uv": [0.492, 0.008, 0.008, 0.008], "texture": "#1"}
			}
		},
		{
			"from": [4, 7.42497, 5.13582],
			"to": [6, 7.42497, 11.13582],
			"rotation": {"angle": 22.5, "axis": "x", "origin": [4.5, 7.42497, 6.63582]},
			"faces": {
				"north": {"uv": [0.008, 0.008, 0.492, 0.008], "texture": "#1"},
				"east": {"uv": [0.008, 0.008, 1.492, 0.008], "texture": "#1"},
				"south": {"uv": [0.008, 0.008, 0.492, 0.008], "texture": "#1"},
				"west": {"uv": [0.008, 0.008, 1.492, 0.008], "texture": "#1"},
				"up": {"uv": [6.492, 8.242, 6.008, 6.758], "texture": "#1"},
				"down": {"uv": [6.992, 6.758, 6.508, 8.242], "texture": "#1"}
			}
		}
	],
	"display": {
		"gui": {
			"rotation": [30, 45, 0],
			"translation": [-1.75, 0.25, 0],
			"scale": [0.96, 0.96, 0.96]
		}
	},
	"groups": [
		{
			"name": "group",
			"origin": [8, 8, 8],
			"color": 0,
			"children": [
				{
					"name": "group",
					"origin": [8, 8, 8],
					"color": 0,
					"children": [0, 1, 2, 3, 4, 5, 6, 7, 8]
				},
				{
					"name": "group",
					"origin": [0, 0, 0],
					"color": 0,
					"children": [
						{
							"name": "group",
							"origin": [6, 6.5, 15],
							"color": 0,
							"children": [9, 10]
						},
						11
					]
				},
				{
					"name": "group",
					"origin": [6, 6.5, 15],
					"color": 0,
					"children": []
				},
				{
					"name": "group",
					"origin": [6, 6.5, 15],
					"color": 0,
					"children": [12, 13, 14, 15, 16, 17, 18, 19]
				}
			]
		},
		{
			"name": "group",
			"origin": [8, 8, 8],
			"color": 0,
			"children": []
		}
	]
}