{
	"credit": "Made by CookiesNom with Blockbench",
	"parent": "hideaway:display_parents/back",
	"texture_size": [64, 64],
	"textures": {
		"0": "hideaway:hat/libra",
		"particle": "hideaway:hat/libra"
	},
	"elements": [
		{
			"from": [-6, 8, 15],
			"to": [22, 25, 15],
			"rotation": {"angle": 0, "axis": "y", "origin": [0, -6, 2]},
			"faces": {
				"north": {"uv": [0, 0, 7, 4.25], "texture": "#0"},
				"east": {"uv": [0, 0, 0, 4.25], "texture": "#0"},
				"south": {"uv": [0, 4.25, 7, 8.5], "texture": "#0"},
				"west": {"uv": [0, 0, 0, 4.25], "texture": "#0"},
				"up": {"uv": [7, 0, 0, 0], "texture": "#0"},
				"down": {"uv": [7, 0, 0, 0], "texture": "#0"}
			}
		},
		{
			"from": [-6.99, 6.01, 10.01],
			"to": [22.99, 7.99, 11.99],
			"rotation": {"angle": 0, "axis": "y", "origin": [0, -6, 2]},
			"faces": {
				"north": {"uv": [7, 0, 14.5, 0.5], "texture": "#0"},
				"east": {"uv": [3, 9, 3.5, 9.5], "texture": "#0"},
				"south": {"uv": [7, 0.5, 14.5, 1], "texture": "#0"},
				"west": {"uv": [3.5, 9, 4, 9.5], "texture": "#0"},
				"up": {"uv": [14.5, 1.5, 7, 1], "texture": "#0"},
				"down": {"uv": [14.5, 1.5, 7, 2], "texture": "#0"}
			}
		},
		{
			"from": [20, 6, 11],
			"to": [26, 11, 11],
			"rotation": {"angle": 0, "axis": "y", "origin": [0, -6, 2]},
			"faces": {
				"north": {"uv": [7, 8, 8.5, 9.25], "texture": "#0"},
				"east": {"uv": [0, 0, 0, 1.25], "texture": "#0"},
				"south": {"uv": [0, 8.5, 1.5, 9.75], "texture": "#0"},
				"west": {"uv": [0, 0, 0, 1.25], "texture": "#0"},
				"up": {"uv": [1.5, 0, 0, 0], "texture": "#0"},
				"down": {"uv": [1.5, 0, 0, 0], "texture": "#0"}
			}
		},
		{
			"from": [-10, 6, 11],
			"to": [-4, 11, 11],
			"rotation": {"angle": 0, "axis": "y", "origin": [16, -6, 2]},
			"faces": {
				"north": {"uv": [1.5, 8.5, 3, 9.75], "texture": "#0"},
				"east": {"uv": [0, 0, 0, 1.25], "texture": "#0"},
				"south": {"uv": [8.5, 2, 10, 3.25], "texture": "#0"},
				"west": {"uv": [0, 0, 0, 1.25], "texture": "#0"},
				"up": {"uv": [1.5, 0, 0, 0], "texture": "#0"},
				"down": {"uv": [1.5, 0, 0, 0], "texture": "#0"}
			}
		},
		{
			"from": [-7, 0, 11],
			"to": [-6, 6, 11],
			"rotation": {"angle": -22.5, "axis": "z", "origin": [-5.5, 3, 11]},
			"faces": {
				"north": {"uv": [6, 8.5, 6.25, 10], "texture": "#0"},
				"east": {"uv": [0, 0, 0, 1.5], "texture": "#0"},
				"south": {"uv": [6.25, 8.5, 6.5, 10], "texture": "#0"},
				"west": {"uv": [0, 0, 0, 1.5], "texture": "#0"},
				"up": {"uv": [0.25, 0, 0, 0], "texture": "#0"},
				"down": {"uv": [0.25, 0, 0, 0], "texture": "#0"}
			}
		},
		{
			"from": [-5.77635, 0.11366, 11],
			"to": [-4.77635, 6.11366, 11],
			"rotation": {"angle": 22.5, "axis": "z", "origin": [-5.17388, 6.13268, 11]},
			"faces": {
				"north": {"uv": [8.5, 6.25, 8.75, 7.75], "texture": "#0"},
				"east": {"uv": [0, 0, 0, 1.5], "texture": "#0"},
				"south": {"uv": [6.5, 8.5, 6.75, 10], "texture": "#0"},
				"west": {"uv": [0, 0, 0, 1.5], "texture": "#0"},
				"up": {"uv": [0.25, 0, 0, 0], "texture": "#0"},
				"down": {"uv": [0.25, 0, 0, 0], "texture": "#0"}
			}
		},
		{
			"from": [-8.25, -1, 8],
			"to": [-2.25, 1, 14],
			"rotation": {"angle": 0, "axis": "y", "origin": [-1, -6, 2]},
			"faces": {
				"north": {"uv": [3, 8.5, 4.5, 9], "texture": "#0"},
				"east": {"uv": [8.5, 3.25, 10, 3.75], "texture": "#0"},
				"south": {"uv": [8.5, 3.75, 10, 4.25], "texture": "#0"},
				"west": {"uv": [8.5, 4.25, 10, 4.75], "texture": "#0"},
				"up": {"uv": [8.5, 3.5, 7, 2], "texture": "#0"},
				"down": {"uv": [8.5, 3.5, 7, 5], "texture": "#0"}
			}
		},
		{
			"from": [-9.5, 1, 11],
			"to": [-7.5, 2, 11],
			"rotation": {"angle": 0, "axis": "y", "origin": [15, -6, 2]},
			"faces": {
				"north": {"uv": [9, 6.75, 9.5, 7], "texture": "#0"},
				"east": {"uv": [0, 0, 0, 0.25], "texture": "#0"},
				"south": {"uv": [9, 7, 9.5, 7.25], "texture": "#0"},
				"west": {"uv": [0, 0, 0, 0.25], "texture": "#0"},
				"up": {"uv": [0.5, 0, 0, 0], "texture": "#0"},
				"down": {"uv": [0.5, 0, 0, 0], "texture": "#0"}
			}
		},
		{
			"from": [-3.25, 1, 11],
			"to": [-1.25, 2, 11],
			"rotation": {"angle": 0, "axis": "y", "origin": [15, -6, 2]},
			"faces": {
				"north": {"uv": [9, 6.25, 9.5, 6.5], "texture": "#0"},
				"east": {"uv": [0, 0, 0, 0.25], "texture": "#0"},
				"south": {"uv": [9, 6.5, 9.5, 6.75], "texture": "#0"},
				"west": {"uv": [0, 0, 0, 0.25], "texture": "#0"},
				"up": {"uv": [0.5, 0, 0, 0], "texture": "#0"},
				"down": {"uv": [0.5, 0, 0, 0], "texture": "#0"}
			}
		},
		{
			"from": [22, 0, 11],
			"to": [23, 6, 11],
			"rotation": {"angle": 22.5, "axis": "z", "origin": [21.5, 3, 11]},
			"faces": {
				"north": {"uv": [6.75, 8.5, 7, 10], "texture": "#0"},
				"east": {"uv": [0, 0, 0, 1.5], "texture": "#0"},
				"south": {"uv": [8.5, 7.75, 8.75, 9.25], "texture": "#0"},
				"west": {"uv": [0, 0, 0, 1.5], "texture": "#0"},
				"up": {"uv": [0.25, 0, 0, 0], "texture": "#0"},
				"down": {"uv": [0.25, 0, 0, 0], "texture": "#0"}
			}
		},
		{
			"from": [20.77635, 0.11366, 11],
			"to": [21.77635, 6.11366, 11],
			"rotation": {"angle": -22.5, "axis": "z", "origin": [21.17388, 6.13268, 11]},
			"faces": {
				"north": {"uv": [8.75, 6.25, 9, 7.75], "texture": "#0"},
				"east": {"uv": [0, 0, 0, 1.5], "texture": "#0"},
				"south": {"uv": [8.75, 7.75, 9, 9.25], "texture": "#0"},
				"west": {"uv": [0, 0, 0, 1.5], "texture": "#0"},
				"up": {"uv": [0.25, 0, 0, 0], "texture": "#0"},
				"down": {"uv": [0.25, 0, 0, 0], "texture": "#0"}
			}
		},
		{
			"from": [18.25, -1, 8],
			"to": [24.25, 1, 14],
			"rotation": {"angle": 0, "axis": "y", "origin": [17, -6, 2]},
			"faces": {
				"north": {"uv": [4.5, 8.5, 6, 9], "texture": "#0"},
				"east": {"uv": [8.5, 4.75, 10, 5.25], "texture": "#0"},
				"south": {"uv": [8.5, 5.25, 10, 5.75], "texture": "#0"},
				"west": {"uv": [8.5, 5.75, 10, 6.25], "texture": "#0"},
				"up": {"uv": [8.5, 6.5, 7, 5], "texture": "#0"},
				"down": {"uv": [8.5, 6.5, 7, 8], "texture": "#0"}
			}
		},
		{
			"from": [23.5, 1, 11],
			"to": [25.5, 2, 11],
			"rotation": {"angle": 0, "axis": "y", "origin": [17, -6, 2]},
			"faces": {
				"north": {"uv": [4, 9, 4.5, 9.25], "texture": "#0"},
				"east": {"uv": [0, 0, 0, 0.25], "texture": "#0"},
				"south": {"uv": [4.5, 9, 5, 9.25], "texture": "#0"},
				"west": {"uv": [0, 0, 0, 0.25], "texture": "#0"},
				"up": {"uv": [0.5, 0, 0, 0], "texture": "#0"},
				"down": {"uv": [0.5, 0, 0, 0], "texture": "#0"}
			}
		},
		{
			"from": [17.25, 1, 11],
			"to": [19.25, 2, 11],
			"rotation": {"angle": 0, "axis": "y", "origin": [17, -6, 2]},
			"faces": {
				"north": {"uv": [5, 9, 5.5, 9.25], "texture": "#0"},
				"east": {"uv": [0, 0, 0, 0.25], "texture": "#0"},
				"south": {"uv": [5.5, 9, 6, 9.25], "texture": "#0"},
				"west": {"uv": [0, 0, 0, 0.25], "texture": "#0"},
				"up": {"uv": [0.5, 0, 0, 0], "texture": "#0"},
				"down": {"uv": [0.5, 0, 0, 0], "texture": "#0"}
			}
		}
	],
	"display": {
		"gui": {
			"rotation": [30, 225, 0],
			"translation": [1.25, -1.25, 0],
			"scale": [0.47, 0.47, 0.47]
		}
	},
	"groups": [
		{
			"name": "group",
			"origin": [0, 0, 0],
			"color": 0,
			"children": [
				0,
				{
					"name": "group",
					"origin": [0, 0, 0],
					"color": 0,
					"children": [
						{
							"name": "group",
							"origin": [0, 0, 0],
							"color": 0,
							"children": [1, 2, 3]
						},
						{
							"name": "group",
							"origin": [8, 8, 8],
							"color": 0,
							"children": []
						},
						{
							"name": "group",
							"origin": [8, 8, 8],
							"color": 0,
							"children": [4, 5, 6, 7, 8]
						},
						{
							"name": "group",
							"origin": [8, 8, 8],
							"color": 0,
							"children": [9, 10, 11, 12, 13]
						}
					]
				}
			]
		},
		{
			"name": "group",
			"origin": [8, 8, 8],
			"color": 0,
			"children": []
		}
	]
}