{
	"credit": "Made by Ziqqy using Blockbench",
	"parent": "hideaway:display_parents/back",
	"texture_size": [64, 64],
	"textures": {
		"1": "hideaway:back/lifeguard_ring",
		"3": "hideaway:back/lifeguard_ring_splash",
		"particle": "hideaway:back/lifeguard_ring"
	},
	"elements": [
		{
			"from": [-7.5, -1, 8],
			"to": [0.5, 9, 8],
			"rotation": {"angle": 0, "axis": "y", "origin": [-3.5, 4, 8]},
			"faces": {
				"north": {"uv": [0.016, 0.016, 3.984, 4.984], "texture": "#3"},
				"east": {"uv": [0.016, 0.016, 0.05, 4.984], "texture": "#3"},
				"south": {"uv": [4.016, 0.016, 7.984, 4.984], "texture": "#3"},
				"west": {"uv": [0.016, 0.016, 0.05, 4.984], "texture": "#3"},
				"up": {"uv": [3.984, 0.016, 0.016, 0.05], "texture": "#3"},
				"down": {"uv": [3.984, 0.016, 0.016, 0.05], "texture": "#3"}
			}
		},
		{
			"from": [-7.19552, -1, 16.03073],
			"to": [0.80448, 9, 16.03073],
			"rotation": {"angle": 22.5, "axis": "y", "origin": [-3.19552, 4, 16.03073]},
			"faces": {
				"north": {"uv": [0.016, 5.016, 3.984, 9.984], "texture": "#3"},
				"east": {"uv": [0.016, 0.016, 0.05, 4.984], "texture": "#3"},
				"south": {"uv": [4.016, 5.016, 7.984, 9.984], "texture": "#3"},
				"west": {"uv": [0.016, 0.016, 0.05, 4.984], "texture": "#3"},
				"up": {"uv": [3.984, 0.016, 0.016, 0.05], "texture": "#3"},
				"down": {"uv": [3.984, 0.016, 0.016, 0.05], "texture": "#3"}
			}
		},
		{
			"from": [15.5, -1, 8],
			"to": [23.5, 9, 8],
			"rotation": {"angle": 0, "axis": "y", "origin": [19.5, 4, 8]},
			"faces": {
				"north": {"uv": [3.984, 0.016, 0.016, 4.984], "texture": "#3"},
				"east": {"uv": [0.016, 0.016, 0.05, 4.984], "texture": "#3"},
				"south": {"uv": [7.984, 0.016, 4.016, 4.984], "texture": "#3"},
				"west": {"uv": [0.016, 0.016, 0.05, 4.984], "texture": "#3"},
				"up": {"uv": [0.016, 0.016, 3.984, 0.05], "texture": "#3"},
				"down": {"uv": [0.016, 0.016, 3.984, 0.05], "texture": "#3"}
			}
		},
		{
			"from": [15.19552, -1, 16.03073],
			"to": [23.19552, 9, 16.03073],
			"rotation": {"angle": -22.5, "axis": "y", "origin": [19.19552, 4, 16.03073]},
			"faces": {
				"north": {"uv": [3.984, 5.016, 0.016, 9.984], "texture": "#3"},
				"east": {"uv": [0.016, 0.016, 0.05, 4.984], "texture": "#3"},
				"south": {"uv": [7.984, 5.016, 4.016, 9.984], "texture": "#3"},
				"west": {"uv": [0.016, 0.016, 0.05, 4.984], "texture": "#3"},
				"up": {"uv": [0.016, 0.016, 3.984, 0.05], "texture": "#3"},
				"down": {"uv": [0.016, 0.016, 3.984, 0.05], "texture": "#3"}
			}
		},
		{
			"from": [0.5, 1, 0.5],
			"to": [15.5, 5, 4.5],
			"rotation": {"angle": 0, "axis": "y", "origin": [3.5, 2, 5.5]},
			"faces": {
				"north": {"uv": [0, 7, 3.75, 8], "texture": "#1", "tintindex": 0},
				"east": {"uv": [4.75, 11, 5.75, 12], "texture": "#1", "tintindex": 0},
				"south": {"uv": [3.75, 7, 7.5, 8], "texture": "#1", "tintindex": 0},
				"west": {"uv": [11, 8, 12, 9], "texture": "#1", "tintindex": 0},
				"up": {"uv": [11.25, 1, 7.5, 0], "texture": "#1", "tintindex": 0},
				"down": {"uv": [11.25, 1, 7.5, 2], "texture": "#1", "tintindex": 0}
			}
		},
		{
			"from": [0.5, 1, 4.5],
			"to": [4.5, 5, 11.5],
			"rotation": {"angle": 0, "axis": "y", "origin": [3.5, 2, 1.5]},
			"faces": {
				"north": {"uv": [8.5, 11, 9.5, 12], "texture": "#1", "tintindex": 0},
				"east": {"uv": [7.5, 8, 9.25, 9], "texture": "#1", "tintindex": 0},
				"south": {"uv": [11, 9, 12, 10], "texture": "#1", "tintindex": 0},
				"west": {"uv": [0, 9, 1.75, 10], "texture": "#1", "tintindex": 0},
				"up": {"uv": [2.75, 10.75, 1.75, 9], "texture": "#1", "tintindex": 0},
				"down": {"uv": [3.75, 9, 2.75, 10.75], "texture": "#1", "tintindex": 0}
			}
		},
		{
			"from": [0.5, 1, 11.5],
			"to": [15.5, 5, 15.5],
			"rotation": {"angle": 0, "axis": "y", "origin": [3.5, 2, 5.5]},
			"faces": {
				"north": {"uv": [0, 5, 3.75, 6], "texture": "#1", "tintindex": 0},
				"east": {"uv": [6.5, 10.75, 7.5, 11.75], "texture": "#1", "tintindex": 0},
				"south": {"uv": [3.75, 5, 7.5, 6], "texture": "#1", "tintindex": 0},
				"west": {"uv": [7.5, 10.75, 8.5, 11.75], "texture": "#1", "tintindex": 0},
				"up": {"uv": [3.75, 7, 0, 6], "texture": "#1", "tintindex": 0},
				"down": {"uv": [7.5, 6, 3.75, 7], "texture": "#1", "tintindex": 0}
			}
		},
		{
			"from": [11.5, 1, 4.5],
			"to": [15.5, 5, 11.5],
			"rotation": {"angle": 0, "axis": "y", "origin": [14.5, 2, 1.5]},
			"faces": {
				"north": {"uv": [9.5, 11, 10.5, 12], "texture": "#1", "tintindex": 0},
				"east": {"uv": [3.75, 9, 5.5, 10], "texture": "#1", "tintindex": 0},
				"south": {"uv": [11, 10, 12, 11], "texture": "#1", "tintindex": 0},
				"west": {"uv": [5.5, 9, 7.25, 10], "texture": "#1", "tintindex": 0},
				"up": {"uv": [8.25, 10.75, 7.25, 9], "texture": "#1", "tintindex": 0},
				"down": {"uv": [9.25, 9, 8.25, 10.75], "texture": "#1", "tintindex": 0}
			}
		},
		{
			"from": [0.5, 1, 0.5],
			"to": [15.5, 5, 4.5],
			"rotation": {"angle": 0, "axis": "y", "origin": [3.5, 2, 5.5]},
			"faces": {
				"north": {"uv": [7.5, 6, 11.25, 7], "texture": "#1"},
				"east": {"uv": [11.25, 5, 12.25, 6], "texture": "#1"},
				"south": {"uv": [7.5, 7, 11.25, 8], "texture": "#1"},
				"west": {"uv": [11.25, 6, 12.25, 7], "texture": "#1"},
				"up": {"uv": [3.75, 9, 0, 8], "texture": "#1"},
				"down": {"uv": [7.5, 8, 3.75, 9], "texture": "#1"}
			}
		},
		{
			"from": [0.5, 1, 4.5],
			"to": [4.5, 5, 11.5],
			"rotation": {"angle": 0, "axis": "y", "origin": [3.5, 2, 1.5]},
			"faces": {
				"north": {"uv": [11.25, 3, 12.25, 4], "texture": "#1"},
				"east": {"uv": [4.75, 10, 6.5, 11], "texture": "#1"},
				"south": {"uv": [11.25, 4, 12.25, 5], "texture": "#1"},
				"west": {"uv": [9.25, 10, 11, 11], "texture": "#1"},
				"up": {"uv": [2, 12.5, 1, 10.75], "texture": "#1"},
				"down": {"uv": [3, 10.75, 2, 12.5], "texture": "#1"}
			}
		},
		{
			"from": [0.5, 1, 11.5],
			"to": [15.5, 5, 15.5],
			"rotation": {"angle": 0, "axis": "y", "origin": [3.5, 2, 5.5]},
			"faces": {
				"north": {"uv": [7.5, 2, 11.25, 3], "texture": "#1"},
				"east": {"uv": [11.25, 1, 12.25, 2], "texture": "#1"},
				"south": {"uv": [7.5, 3, 11.25, 4], "texture": "#1"},
				"west": {"uv": [11.25, 2, 12.25, 3], "texture": "#1"},
				"up": {"uv": [11.25, 5, 7.5, 4], "texture": "#1"},
				"down": {"uv": [11.25, 5, 7.5, 6], "texture": "#1"}
			}
		},
		{
			"from": [11.5, 1, 4.5],
			"to": [15.5, 5, 11.5],
			"rotation": {"angle": 0, "axis": "y", "origin": [14.5, 2, 1.5]},
			"faces": {
				"north": {"uv": [10.5, 11, 11.5, 12], "texture": "#1"},
				"east": {"uv": [9.25, 8, 11, 9], "texture": "#1"},
				"south": {"uv": [11.25, 0, 12.25, 1], "texture": "#1"},
				"west": {"uv": [9.25, 9, 11, 10], "texture": "#1"},
				"up": {"uv": [1, 11.75, 0, 10], "texture": "#1"},
				"down": {"uv": [4.75, 10, 3.75, 11.75], "texture": "#1"}
			}
		},
		{
			"from": [0.5, -1.73358, -0.83939],
			"to": [15.5, 3.26642, -0.83939],
			"rotation": {"angle": 22.5, "axis": "x", "origin": [8, -0.23358, -0.83939]},
			"faces": {
				"north": {"uv": [0.016, 0.016, 3.75, 1.25], "texture": "#1"},
				"east": {"uv": [0.016, 0.016, 0.05, 1.25], "texture": "#1"},
				"south": {"uv": [0.016, 1.25, 3.75, 2.484], "texture": "#1"},
				"west": {"uv": [0.016, 0.016, 0.05, 1.25], "texture": "#1"},
				"up": {"uv": [3.75, 0.016, 0.016, 0.05], "texture": "#1"},
				"down": {"uv": [3.75, 0.016, 0.016, 0.05], "texture": "#1"}
			}
		},
		{
			"from": [-0.83939, -1.73358, 0.5],
			"to": [-0.83939, 3.26642, 15.5],
			"rotation": {"angle": -22.5, "axis": "z", "origin": [-0.83939, -0.23358, 8]},
			"faces": {
				"north": {"uv": [0.016, 0.016, 0.05, 1.25], "texture": "#1"},
				"east": {"uv": [0.016, 2.516, 3.75, 3.75], "texture": "#1"},
				"south": {"uv": [0.016, 0.016, 0.05, 1.25], "texture": "#1"},
				"west": {"uv": [0.016, 3.75, 3.75, 4.984], "texture": "#1"},
				"up": {"uv": [0.016, 3.75, 0.05, 0.016], "texture": "#1"},
				"down": {"uv": [0.016, 0.016, 0.05, 3.75], "texture": "#1"}
			}
		},
		{
			"from": [16.83939, -1.73358, 0.5],
			"to": [16.83939, 3.26642, 15.5],
			"rotation": {"angle": 22.5, "axis": "z", "origin": [16.83939, -0.23358, 8]},
			"faces": {
				"north": {"uv": [0.016, 0.016, 0.05, 1.25], "texture": "#1"},
				"east": {"uv": [3.75, 2.516, 7.484, 3.75], "texture": "#1"},
				"south": {"uv": [0.016, 0.016, 0.05, 1.25], "texture": "#1"},
				"west": {"uv": [3.75, 3.75, 7.484, 4.984], "texture": "#1"},
				"up": {"uv": [0.016, 3.75, 0.05, 0.016], "texture": "#1"},
				"down": {"uv": [0.016, 0.016, 0.05, 3.75], "texture": "#1"}
			}
		},
		{
			"from": [0.5, -1.73358, 16.83939],
			"to": [15.5, 3.26642, 16.83939],
			"rotation": {"angle": -22.5, "axis": "x", "origin": [8, -0.23358, 16.83939]},
			"faces": {
				"north": {"uv": [3.75, 0.016, 7.484, 1.25], "texture": "#1"},
				"east": {"uv": [0.016, 0.016, 0.05, 1.25], "texture": "#1"},
				"south": {"uv": [3.75, 1.25, 7.484, 2.484], "texture": "#1"},
				"west": {"uv": [0.016, 0.016, 0.05, 1.25], "texture": "#1"},
				"up": {"uv": [3.75, 0.016, 0.016, 0.05], "texture": "#1"},
				"down": {"uv": [3.75, 0.016, 0.016, 0.05], "texture": "#1"}
			}
		}
	],
	"display": {
		"gui": {
			"rotation": [30, -135, 0],
			"translation": [1.25, 1.25, 0],
			"scale": [0.5, 0.5, 0.5]
		}
	},
	"groups": [
		{
			"name": "splash",
			"origin": [19.5, 4, 8],
			"color": 0,
			"nbt": "{}",
			"armAnimationEnabled": false,
			"children": [0, 1, 2, 3]
		},
		{
			"name": "colorable",
			"origin": [14.5, 2, 1.5],
			"color": 0,
			"nbt": "{}",
			"armAnimationEnabled": false,
			"children": [4, 5, 6, 7]
		},
		{
			"name": "ring",
			"origin": [14.5, 2, 1.5],
			"color": 0,
			"nbt": "{}",
			"armAnimationEnabled": false,
			"children": [8, 9, 10, 11]
		},
		{
			"name": "ropes",
			"origin": [8, -0.23358, 16.83939],
			"color": 0,
			"nbt": "{}",
			"armAnimationEnabled": false,
			"children": [12, 13, 14, 15]
		}
	]
}