{
	"credit": "Made by CookiesNom with Blockbench",
	"parent": "hideaway:display_parents/back",
	"textures": {
		"0": "hideaway:back/life_guard_fanny_pack",
		"particle": "hideaway:back/life_guard_fanny_pack"
	},
	"elements": [
		{
			"from": [4, 1, 4],
			"to": [8, 4, 6],
			"rotation": {"angle": 0, "axis": "y", "origin": [8, 8, 8]},
			"faces": {
				"north": {"uv": [0, 8, 4, 11], "texture": "#0"},
				"east": {"uv": [8, 7, 10, 10], "texture": "#0"},
				"south": {"uv": [8, 0, 12, 3], "texture": "#0"},
				"west": {"uv": [4, 10, 6, 13], "texture": "#0"},
				"up": {"uv": [12, 5, 8, 3], "texture": "#0"},
				"down": {"uv": [8, 8, 4, 10], "texture": "#0"}
			}
		},
		{
			"from": [8, 2, 4],
			"to": [9, 4, 6],
			"rotation": {"angle": 0, "axis": "y", "origin": [8, 8, 8]},
			"faces": {
				"north": {"uv": [0, 11, 1, 13], "texture": "#0"},
				"east": {"uv": [10, 8, 12, 10], "texture": "#0"},
				"south": {"uv": [1, 11, 2, 13], "texture": "#0"},
				"west": {"uv": [10, 10, 12, 12], "texture": "#0"},
				"up": {"uv": [3, 13, 2, 11], "texture": "#0"},
				"down": {"uv": [4, 11, 3, 13], "texture": "#0"}
			}
		},
		{
			"from": [7.64645, 1.14645, 4.002],
			"to": [8.64645, 2.56066, 5.998],
			"rotation": {"angle": -45, "axis": "z", "origin": [8.14645, 1.85355, 5]},
			"faces": {
				"north": {"uv": [12, 4, 13, 5], "texture": "#0"},
				"east": {"uv": [6, 11, 8, 12], "texture": "#0"},
				"south": {"uv": [6, 12, 7, 13], "texture": "#0"},
				"west": {"uv": [8, 11, 10, 12], "texture": "#0"},
				"up": {"uv": [13, 2, 12, 0], "texture": "#0"},
				"down": {"uv": [13, 2, 12, 4], "texture": "#0"}
			}
		},
		{
			"from": [3.7, 2.7, 5.7],
			"to": [12.3, 4.3, 10.3],
			"rotation": {"angle": 0, "axis": "y", "origin": [8, 3.5, 8]},
			"faces": {
				"north": {"uv": [8, 5, 16, 6], "texture": "#0"},
				"east": {"uv": [6, 10, 10, 11], "texture": "#0"},
				"south": {"uv": [8, 6, 16, 7], "texture": "#0"},
				"west": {"uv": [10, 7, 14, 8], "texture": "#0"},
				"up": {"uv": [8, 4, 0, 0], "texture": "#0"},
				"down": {"uv": [8, 4, 0, 8], "texture": "#0"}
			}
		},
		{
			"from": [3.7, 2.7, 10.3],
			"to": [12.3, 4.3, 5.7],
			"rotation": {"angle": 0, "axis": "y", "origin": [8, 3.5, 8]},
			"faces": {
				"north": {"uv": [16, 6, 8, 7], "texture": "#0"},
				"east": {"uv": [10, 10, 6, 11], "texture": "#0"},
				"south": {"uv": [16, 5, 8, 6], "texture": "#0"},
				"west": {"uv": [14, 7, 10, 8], "texture": "#0"},
				"up": {"uv": [8, 0, 0, 4], "texture": "#0"},
				"down": {"uv": [8, 8, 0, 4], "texture": "#0"}
			}
		}
	],
	"display": {
		"thirdperson_righthand": {
			"rotation": [-110, 0, -90],
			"translation": [4.75, -3.25, -3.25]
		},
		"thirdperson_lefthand": {
			"rotation": [-110, 0, -90],
			"translation": [4.75, -3.25, -3.25]
		},
		"firstperson_righthand": {
			"rotation": [-168, -3, -90],
			"translation": [2, 1, 2.5]
		},
		"firstperson_lefthand": {
			"rotation": [-168, -3, -90],
			"translation": [2, 1, 2.5]
		},
		"gui": {
			"rotation": [30, -135, 0],
			"translation": [-0.5, 4.75, 0],
			"scale": [1.2, 1.2, 1.2]
		}
	}
}