{
	"credit": "Made with Blockbench",
	"parent": "hideaway:display_parents/back",
	"texture_size": [32, 32],
	"textures": {
		"1": "hideaway:back/lucky_cat_tail"
	},
	"elements": [
		{
			"from": [7, 2, 10],
			"to": [9, 4, 17],
			"rotation": {"angle": 22.5, "axis": "x", "origin": [8, 4, 10]},
			"faces": {
				"north": {"uv": [6.03, 4.53, 6.97, 5.47], "texture": "#1"},
				"east": {"uv": [4.03, 0.03, 7.47, 0.97], "texture": "#1"},
				"south": {"uv": [3.03, 8.53, 3.97, 9.47], "texture": "#1"},
				"west": {"uv": [4.03, 1.03, 7.47, 1.97], "texture": "#1"},
				"up": {"uv": [4.97, 5.47, 4.03, 2.03], "texture": "#1"},
				"down": {"uv": [0.97, 5.03, 0.03, 8.47], "texture": "#1"}
			}
		},
		{
			"from": [7, 4.4232, 15.75204],
			"to": [9, 11.4232, 17.75204],
			"rotation": {"angle": 45, "axis": "x", "origin": [8, 4.4232, 10.75204]},
			"faces": {
				"north": {"uv": [1.03, 5.03, 1.97, 8.47], "texture": "#1"},
				"east": {"uv": [2.03, 5.03, 2.97, 8.47], "texture": "#1"},
				"south": {"uv": [5.03, 2.03, 5.97, 5.47], "texture": "#1"},
				"west": {"uv": [3.03, 5.03, 3.97, 8.47], "texture": "#1"},
				"up": {"uv": [9.97, 0.97, 9.03, 0.03], "texture": "#1"},
				"down": {"uv": [9.97, 1.03, 9.03, 1.97], "texture": "#1"}
			}
		},
		{
			"from": [4, 4, 17],
			"to": [12, 9, 17],
			"rotation": {"angle": -22.5, "axis": "x", "origin": [8, 6, 17]},
			"faces": {
				"north": {"uv": [0.03, 2.53, 3.97, 4.97], "texture": "#1"},
				"east": {"uv": [0.03, 0.03, 0.03, 2.47], "texture": "#1"},
				"south": {"uv": [0.03, 2.53, 3.97, 4.97], "texture": "#1"},
				"west": {"uv": [0.03, 0.03, 0.03, 2.47], "texture": "#1"},
				"up": {"uv": [3.97, 0.03, 0.03, 0.03], "texture": "#1"},
				"down": {"uv": [3.97, 0.03, 0.03, 0.03], "texture": "#1"}
			}
		},
		{
			"from": [6.75, 4.1732, 15.50204],
			"to": [9.25, 11.6732, 18.00204],
			"rotation": {"angle": 45, "axis": "x", "origin": [8, 4.4232, 10.75204]},
			"faces": {
				"north": {"uv": [6.03, 6.53, 6.97, 9.97], "texture": "#1"},
				"east": {"uv": [7.03, 6.53, 7.97, 9.97], "texture": "#1"},
				"south": {"uv": [7.53, 3.03, 8.47, 6.47], "texture": "#1"},
				"west": {"uv": [8.03, 6.53, 8.97, 9.97], "texture": "#1"},
				"up": {"uv": [9.97, 8.97, 9.03, 8.03], "texture": "#1"},
				"down": {"uv": [9.97, 9.03, 9.03, 9.97], "texture": "#1"}
			}
		},
		{
			"from": [6.75, 1.75, 9.75],
			"to": [9.25, 4.25, 17.25],
			"rotation": {"angle": 22.5, "axis": "x", "origin": [8, 4, 10]},
			"faces": {
				"north": {"uv": [9.03, 6.03, 9.97, 6.97], "texture": "#1"},
				"east": {"uv": [4.03, 5.53, 7.47, 6.47], "texture": "#1"},
				"south": {"uv": [9.03, 7.03, 9.97, 7.97], "texture": "#1"},
				"west": {"uv": [6.03, 2.03, 9.47, 2.97], "texture": "#1"},
				"up": {"uv": [4.97, 9.97, 4.03, 6.53], "texture": "#1"},
				"down": {"uv": [5.97, 6.53, 5.03, 9.97], "texture": "#1"}
			}
		},
		{
			"from": [6.5, -0.62132, 18.39949],
			"to": [9.5, 2.37868, 21.39949],
			"rotation": {"angle": -22.5, "axis": "x", "origin": [8.5, 0.87868, 18.89949]},
			"faces": {
				"north": {"uv": [6.03, 3.03, 7.47, 4.47], "texture": "#1"},
				"east": {"uv": [7.53, 0.03, 8.97, 1.47], "texture": "#1"},
				"south": {"uv": [0.03, 8.53, 1.47, 9.97], "texture": "#1"},
				"west": {"uv": [1.53, 8.53, 2.97, 9.97], "texture": "#1"},
				"up": {"uv": [9.97, 4.47, 8.53, 3.03], "texture": "#1"},
				"down": {"uv": [9.97, 4.53, 8.53, 5.97], "texture": "#1"}
			}
		}
	],
	"display": {
		"gui": {
			"rotation": [30, 44, 0],
			"translation": [-6.75, 9.5, 0],
			"scale": [1.31, 1.31, 1.31]
		}
	},
	"__credit": "Generated using Animated Java (https://animated-java.dev/)"
}