{
	"credit": "Made by Ziqqy using Blockbench",
	"parent": "hideaway:display_parents/back",
	"texture_size": [64, 64],
	"textures": {
		"8": "hideaway:back/mango_hoverboard",
		"9": "hideaway:back/mango_hoverboard_animation",
		"particle": "hideaway:back/mango_hoverboard"
	},
	"elements": [
		{
			"from": [17.43372, -4, 8.7102],
			"to": [19.43372, 3, 8.7102],
			"rotation": {"angle": -22.5, "axis": "y", "origin": [4.43372, 2, -0.2898]},
			"faces": {
				"north": {"uv": [8.984, 4.516, 8.516, 6.25], "texture": "#8"},
				"south": {"uv": [8.516, 4.516, 8.984, 6.25], "texture": "#8"}
			}
		},
		{
			"from": [-3.43372, -4, 8.7102],
			"to": [-1.43372, 3, 8.7102],
			"rotation": {"angle": 22.5, "axis": "y", "origin": [11.56628, 2, -0.2898]},
			"faces": {
				"north": {"uv": [8.516, 4.516, 8.984, 6.25], "texture": "#8"},
				"south": {"uv": [8.984, 4.516, 8.516, 6.25], "texture": "#8"}
			}
		},
		{
			"from": [19.43372, -7, 5.7102],
			"to": [25.43372, 4, 11.7102],
			"rotation": {"angle": -22.5, "axis": "y", "origin": [4.43372, 2, -0.2898]},
			"faces": {
				"north": {"uv": [6.484, 4.516, 5.016, 7.25], "texture": "#8"},
				"east": {"uv": [6.484, 4.516, 5.016, 7.25], "texture": "#8"},
				"south": {"uv": [6.484, 4.516, 5.016, 7.25], "texture": "#8"},
				"west": {"uv": [6.484, 4.516, 5.016, 7.25], "texture": "#8"},
				"up": {"uv": [1.484, 8.016, 0.016, 9.484], "texture": "#8"},
				"down": {"uv": [9.484, 1.484, 8.016, 0.016], "texture": "#8"}
			}
		},
		{
			"from": [-9.43372, -7, 5.7102],
			"to": [-3.43372, 4, 11.7102],
			"rotation": {"angle": 22.5, "axis": "y", "origin": [11.56628, 2, -0.2898]},
			"faces": {
				"north": {"uv": [5.016, 4.516, 6.484, 7.25], "texture": "#8"},
				"east": {"uv": [5.016, 4.516, 6.484, 7.25], "texture": "#8"},
				"south": {"uv": [5.016, 4.516, 6.484, 7.25], "texture": "#8"},
				"west": {"uv": [5.016, 4.516, 6.484, 7.25], "texture": "#8"},
				"up": {"uv": [0.016, 8.016, 1.484, 9.484], "texture": "#8"},
				"down": {"uv": [8.016, 1.484, 9.484, 0.016], "texture": "#8"}
			}
		},
		{
			"from": [-8.43372, 4.25, 6.7102],
			"to": [-4.43372, 4.25, 10.7102],
			"rotation": {"angle": 22.5, "axis": "y", "origin": [11.56628, 2, -0.2898]},
			"faces": {
				"up": {"uv": [11.266, 0, 12.266, 1], "texture": "#8", "tintindex": 0}
			}
		},
		{
			"from": [20.43372, 4.25, 6.7102],
			"to": [24.43372, 4.25, 10.7102],
			"rotation": {"angle": -22.5, "axis": "y", "origin": [4.43372, 2, -0.2898]},
			"faces": {
				"up": {"uv": [12.266, 0, 11.266, 1], "texture": "#8", "tintindex": 0}
			}
		},
		{
			"from": [-9.93372, -6, 5.2102],
			"to": [-2.93372, -5, 12.2102],
			"rotation": {"angle": 22.5, "axis": "y", "origin": [11.56628, 2, -0.2898]},
			"faces": {
				"north": {"uv": [14.258, 5.758, 15.992, 5.992], "texture": "#8", "tintindex": 0},
				"east": {"uv": [14.258, 5.758, 15.992, 5.992], "texture": "#8", "tintindex": 0},
				"south": {"uv": [14.258, 5.758, 15.992, 5.992], "texture": "#8", "tintindex": 0},
				"west": {"uv": [14.258, 5.758, 15.992, 5.992], "texture": "#8", "tintindex": 0}
			}
		},
		{
			"from": [18.93372, -6, 5.2102],
			"to": [25.93372, -5, 12.2102],
			"rotation": {"angle": -22.5, "axis": "y", "origin": [4.43372, 2, -0.2898]},
			"faces": {
				"north": {"uv": [15.992, 5.758, 14.258, 5.992], "texture": "#8", "tintindex": 0},
				"east": {"uv": [15.992, 5.758, 14.258, 5.992], "texture": "#8", "tintindex": 0},
				"south": {"uv": [15.992, 5.758, 14.258, 5.992], "texture": "#8", "tintindex": 0},
				"west": {"uv": [15.992, 5.758, 14.258, 5.992], "texture": "#8", "tintindex": 0}
			}
		},
		{
			"from": [20.43372, -9, 6.7102],
			"to": [24.43372, -7, 10.7102],
			"rotation": {"angle": -22.5, "axis": "y", "origin": [4.43372, 2, -0.2898]},
			"faces": {
				"north": {"uv": [9.984, 4.016, 9.016, 4.484], "texture": "#8"},
				"east": {"uv": [9.016, 4.016, 9.984, 4.484], "texture": "#8"},
				"south": {"uv": [9.984, 4.016, 9.016, 4.484], "texture": "#8"},
				"west": {"uv": [9.016, 4.016, 9.984, 4.484], "texture": "#8"},
				"down": {"uv": [8.984, 4.484, 8.016, 3.516], "texture": "#8"}
			}
		},
		{
			"from": [-8.43372, -9, 6.7102],
			"to": [-4.43372, -7, 10.7102],
			"rotation": {"angle": 22.5, "axis": "y", "origin": [11.56628, 2, -0.2898]},
			"faces": {
				"north": {"uv": [9.016, 4.016, 9.984, 4.484], "texture": "#8"},
				"east": {"uv": [9.984, 4.016, 9.016, 4.484], "texture": "#8"},
				"south": {"uv": [9.016, 4.016, 9.984, 4.484], "texture": "#8"},
				"west": {"uv": [9.984, 4.016, 9.016, 4.484], "texture": "#8"},
				"down": {"uv": [8.016, 4.484, 8.984, 3.516], "texture": "#8"}
			}
		},
		{
			"from": [3, -4, 12],
			"to": [13, 20, 14],
			"rotation": {"angle": 0, "axis": "y", "origin": [4, 2, 21]},
			"faces": {
				"north": {"uv": [4.984, 0.016, 2.516, 5.984], "texture": "#8"},
				"east": {"uv": [6.516, 4.516, 6.984, 10.484], "texture": "#8"},
				"south": {"uv": [2.484, 0.016, 0.016, 5.984], "texture": "#8"},
				"west": {"uv": [6.984, 4.516, 6.516, 10.484], "texture": "#8"},
				"up": {"uv": [10.484, 2.516, 8.016, 2.984], "texture": "#8"},
				"down": {"uv": [10.484, 3.484, 8.016, 3.016], "texture": "#8"}
			}
		},
		{
			"from": [2.5, -4.5, 13.25],
			"to": [13.5, 20.5, 14.25],
			"rotation": {"angle": 0, "axis": "y", "origin": [4, 2, 21]},
			"faces": {
				"east": {"uv": [13.258, 9.758, 13.492, 15.992], "texture": "#8", "tintindex": 0},
				"south": {"uv": [15.992, 9.758, 13.258, 15.992], "texture": "#8", "tintindex": 0},
				"west": {"uv": [13.492, 9.758, 13.258, 15.992], "texture": "#8", "tintindex": 0},
				"up": {"uv": [15.992, 9.758, 13.258, 9.992], "texture": "#8", "tintindex": 0},
				"down": {"uv": [16, 16, 13.266, 15.766], "texture": "#8", "tintindex": 0}
			}
		},
		{
			"from": [4, -3, 11.75],
			"to": [12, 19, 11.75],
			"rotation": {"angle": 0, "axis": "y", "origin": [4, 2, 21]},
			"faces": {
				"north": {"uv": [15.992, 0.008, 14.008, 5.492], "texture": "#8", "tintindex": 0}
			}
		},
		{
			"from": [4, -6.59639, 18.08028],
			"to": [12, 1.40361, 19.08028],
			"rotation": {"angle": 22.5, "axis": "x", "origin": [4, 2.40361, 23.08028]},
			"faces": {
				"north": {"uv": [3.984, 6.016, 2.016, 7.984], "texture": "#8"},
				"east": {"uv": [10.984, 5.016, 9.016, 5.25], "rotation": 90, "texture": "#8"},
				"south": {"uv": [1.984, 6.016, 0.016, 7.984], "texture": "#8"},
				"west": {"uv": [10.984, 5.016, 9.016, 5.25], "rotation": 90, "texture": "#8"},
				"up": {"uv": [10.984, 5.016, 9.016, 5.25], "texture": "#8"},
				"down": {"uv": [10.984, 5.016, 9.016, 5.25], "texture": "#8"}
			}
		},
		{
			"from": [3, -7.59639, 25.08028],
			"to": [13, 2.40361, 25.08028],
			"rotation": {"angle": 22.5, "axis": "x", "origin": [4, 2.40361, 23.08028]},
			"faces": {
				"north": {"uv": [0.016, 0.016, 4.984, 4.984], "texture": "#9", "tintindex": 0},
				"south": {"uv": [4.984, 0.016, 0.016, 4.984], "texture": "#9", "tintindex": 0}
			}
		},
		{
			"from": [4, -6.59639, 23.08028],
			"to": [12, 1.40361, 23.08028],
			"rotation": {"angle": 22.5, "axis": "x", "origin": [4, 2.40361, 23.08028]},
			"faces": {
				"north": {"uv": [5.016, 0.016, 8.984, 3.984], "texture": "#9", "tintindex": 0},
				"south": {"uv": [8.984, 0.016, 5.016, 3.984], "texture": "#9", "tintindex": 0}
			}
		},
		{
			"from": [4, -6.59639, 21.08028],
			"to": [12, 1.40361, 21.08028],
			"rotation": {"angle": 22.5, "axis": "x", "origin": [4, 2.40361, 23.08028]},
			"faces": {
				"north": {"uv": [0.016, 5.016, 3.984, 8.984], "texture": "#9", "tintindex": 0},
				"south": {"uv": [3.984, 5.016, 0.016, 8.984], "texture": "#9", "tintindex": 0}
			}
		},
		{
			"from": [13.62778, -11.001, 10.92596],
			"to": [17.62778, -11.001, 14.92596],
			"rotation": {"angle": -22.5, "axis": "y", "origin": [11.62778, -11.001, 18.92596]},
			"faces": {
				"up": {"uv": [8.984, 4.016, 7.016, 5.984], "texture": "#9"},
				"down": {"uv": [7.016, 4.016, 8.984, 5.984], "texture": "#9"}
			}
		},
		{
			"from": [13.62778, -13.001, 10.92596],
			"to": [17.62778, -13.001, 14.92596],
			"rotation": {"angle": -22.5, "axis": "y", "origin": [11.62778, -11.001, 18.92596]},
			"faces": {
				"up": {"uv": [8.984, 6.016, 7.016, 7.984], "texture": "#9", "tintindex": 0},
				"down": {"uv": [7.016, 6.016, 8.984, 7.984], "texture": "#9", "tintindex": 0}
			}
		},
		{
			"from": [12.62778, -15.001, 9.92596],
			"to": [18.62778, -15.001, 15.92596],
			"rotation": {"angle": -22.5, "axis": "y", "origin": [11.62778, -11.001, 18.92596]},
			"faces": {
				"up": {"uv": [6.984, 5.016, 4.016, 7.984], "texture": "#9", "tintindex": 0},
				"down": {"uv": [4.016, 5.016, 6.984, 7.984], "texture": "#9", "tintindex": 0}
			}
		},
		{
			"from": [-1.62778, -11.001, 10.92596],
			"to": [2.37222, -11.001, 14.92596],
			"rotation": {"angle": 22.5, "axis": "y", "origin": [4.37222, -11.001, 18.92596]},
			"faces": {
				"up": {"uv": [7.016, 4.016, 8.984, 5.984], "texture": "#9", "tintindex": 0},
				"down": {"uv": [8.984, 4.016, 7.016, 5.984], "texture": "#9", "tintindex": 0}
			}
		},
		{
			"from": [-1.62778, -13.001, 10.92596],
			"to": [2.37222, -13.001, 14.92596],
			"rotation": {"angle": 22.5, "axis": "y", "origin": [4.37222, -11.001, 18.92596]},
			"faces": {
				"up": {"uv": [7.016, 6.016, 8.984, 7.984], "texture": "#9", "tintindex": 0},
				"down": {"uv": [8.984, 6.016, 7.016, 7.984], "texture": "#9", "tintindex": 0}
			}
		},
		{
			"from": [-2.62778, -15.001, 9.92596],
			"to": [3.37222, -15.001, 15.92596],
			"rotation": {"angle": 22.5, "axis": "y", "origin": [4.37222, -11.001, 18.92596]},
			"faces": {
				"up": {"uv": [4.016, 5.016, 6.984, 7.984], "texture": "#9", "tintindex": 0},
				"down": {"uv": [6.984, 5.016, 4.016, 7.984], "texture": "#9", "tintindex": 0}
			}
		},
		{
			"from": [5, -5.59639, 14.08028],
			"to": [11, 0.40361, 18.08028],
			"rotation": {"angle": 22.5, "axis": "x", "origin": [4, 2.40361, 23.08028]},
			"faces": {
				"east": {"uv": [1.516, 8.016, 2.484, 9.484], "texture": "#8"},
				"west": {"uv": [2.484, 8.016, 1.516, 9.484], "texture": "#8"},
				"up": {"uv": [9.484, 1.516, 8.016, 2.484], "texture": "#8"},
				"down": {"uv": [3.984, 8.984, 2.516, 8.016], "texture": "#8"}
			}
		},
		{
			"from": [5, 15.59639, 14.08028],
			"to": [11, 21.59639, 18.08028],
			"rotation": {"angle": -22.5, "axis": "x", "origin": [4, 13.59639, 23.08028]},
			"faces": {
				"east": {"uv": [1.516, 9.484, 2.484, 8.016], "texture": "#8"},
				"west": {"uv": [2.484, 9.484, 1.516, 8.016], "texture": "#8"},
				"up": {"uv": [3.984, 8.016, 2.516, 8.984], "texture": "#8"},
				"down": {"uv": [9.484, 2.484, 8.016, 1.516], "texture": "#8"}
			}
		},
		{
			"from": [4, 14.59639, 18.08028],
			"to": [12, 22.59639, 19.08028],
			"rotation": {"angle": -22.5, "axis": "x", "origin": [4, 13.59639, 23.08028]},
			"faces": {
				"north": {"uv": [3.984, 7.984, 2.016, 6.016], "texture": "#8"},
				"east": {"uv": [9.016, 5.016, 10.984, 5.25], "rotation": 90, "texture": "#8"},
				"south": {"uv": [1.984, 7.984, 0.016, 6.016], "texture": "#8"},
				"west": {"uv": [9.016, 5.016, 10.984, 5.25], "rotation": 90, "texture": "#8"},
				"up": {"uv": [10.984, 5.25, 9.016, 5.016], "texture": "#8"},
				"down": {"uv": [10.984, 5.25, 9.016, 5.016], "texture": "#8"}
			}
		},
		{
			"from": [4, 14.59639, 21.08028],
			"to": [12, 22.59639, 21.08028],
			"rotation": {"angle": -22.5, "axis": "x", "origin": [4, 13.59639, 23.08028]},
			"faces": {
				"north": {"uv": [0.016, 8.984, 3.984, 5.016], "texture": "#9", "tintindex": 0},
				"south": {"uv": [3.984, 8.984, 0.016, 5.016], "texture": "#9", "tintindex": 0}
			}
		},
		{
			"from": [4, 14.59639, 23.08028],
			"to": [12, 22.59639, 23.08028],
			"rotation": {"angle": -22.5, "axis": "x", "origin": [4, 13.59639, 23.08028]},
			"faces": {
				"north": {"uv": [5.016, 3.984, 8.984, 0.016], "texture": "#9", "tintindex": 0},
				"south": {"uv": [8.984, 3.984, 5.016, 0.016], "texture": "#9", "tintindex": 0}
			}
		},
		{
			"from": [3, 13.59639, 25.08028],
			"to": [13, 23.59639, 25.08028],
			"rotation": {"angle": -22.5, "axis": "x", "origin": [4, 13.59639, 23.08028]},
			"faces": {
				"north": {"uv": [0.016, 4.984, 4.984, 0.016], "texture": "#9", "tintindex": 0},
				"south": {"uv": [4.984, 4.984, 0.016, 0.016], "texture": "#9", "tintindex": 0}
			}
		},
		{
			"from": [6, 19.16059, 8.78002],
			"to": [10, 23.16059, 10.78002],
			"rotation": {"angle": -22.5, "axis": "x", "origin": [4, 25.16059, 9.78002]},
			"faces": {
				"north": {"uv": [8.984, 8.016, 8.016, 8.984], "texture": "#8"},
				"east": {"uv": [9.984, 4.516, 9.016, 4.984], "rotation": 90, "texture": "#8"},
				"south": {"uv": [7.984, 8.016, 7.016, 8.984], "texture": "#8"},
				"west": {"uv": [9.984, 4.984, 9.016, 4.516], "rotation": 90, "texture": "#8"},
				"up": {"uv": [9.984, 4.516, 9.016, 4.984], "texture": "#8"},
				"down": {"uv": [9.984, 4.984, 9.016, 4.516], "texture": "#8"}
			}
		},
		{
			"from": [2, 20.19865, 9.97136],
			"to": [14, 29.19865, 9.97136],
			"rotation": {"angle": -22.5, "axis": "x", "origin": [8, 24.69865, 9.97136]},
			"faces": {
				"north": {"uv": [7.992, 2.258, 5.008, 4.492], "texture": "#8", "tintindex": 0},
				"south": {"uv": [5.008, 2.258, 7.992, 4.492], "texture": "#8", "tintindex": 0}
			}
		},
		{
			"from": [9.86203, 6, 13.22536],
			"to": [13.86203, 19, 13.22536],
			"rotation": {"angle": 22.5, "axis": "y", "origin": [10.86203, 1, 5.22536]},
			"faces": {
				"north": {"uv": [4.984, 6.016, 4.016, 9.25], "texture": "#8"},
				"south": {"uv": [4.016, 6.016, 4.984, 9.25], "texture": "#8"}
			}
		},
		{
			"from": [2.13797, 6, 13.22536],
			"to": [6.13797, 19, 13.22536],
			"rotation": {"angle": -22.5, "axis": "y", "origin": [5.13797, 1, 5.22536]},
			"faces": {
				"north": {"uv": [4.016, 6.016, 4.984, 9.25], "texture": "#8"},
				"south": {"uv": [4.984, 6.016, 4.016, 9.25], "texture": "#8"}
			}
		},
		{
			"from": [5, -13.68087, 8.47762],
			"to": [11, -6.68087, 10.47762],
			"rotation": {"angle": 22.5, "axis": "x", "origin": [4, -11.68087, 18.47762]},
			"faces": {
				"north": {"uv": [8.484, 6.25, 7.016, 7.984], "texture": "#8"},
				"east": {"uv": [8.516, 6.25, 8.984, 7.984], "texture": "#8"},
				"south": {"uv": [8.484, 4.516, 7.016, 6.25], "texture": "#8"},
				"west": {"uv": [8.984, 6.25, 8.516, 7.984], "texture": "#8"},
				"up": {"uv": [3.984, 9.016, 2.516, 9.484], "texture": "#8"},
				"down": {"uv": [10.484, 3.984, 9.016, 3.516], "texture": "#8"}
			}
		},
		{
			"from": [6, -11.68087, 8.22762],
			"to": [10, -7.68087, 8.22762],
			"rotation": {"angle": 22.5, "axis": "x", "origin": [4, -11.68087, 18.47762]},
			"faces": {
				"north": {"uv": [13.492, 0.008, 12.508, 0.992], "texture": "#8", "tintindex": 0}
			}
		},
		{
			"from": [2, -14.12253, 9.58868],
			"to": [14, -5.12253, 9.58868],
			"rotation": {"angle": 22.5, "axis": "x", "origin": [8, -9.62253, 9.58868]},
			"faces": {
				"north": {"uv": [7.984, 0.016, 5.016, 2.25], "texture": "#8"},
				"south": {"uv": [5.016, 0.016, 7.984, 2.25], "texture": "#8"}
			}
		},
		{
			"from": [5, 11, 10],
			"to": [11, 17, 12],
			"rotation": {"angle": 0, "axis": "y", "origin": [4, 2, 21]},
			"faces": {
				"north": {"uv": [6.484, 7.25, 5.016, 8.75], "texture": "#8"},
				"east": {"uv": [6.484, 8.75, 5.016, 9.25], "rotation": 90, "texture": "#8"},
				"west": {"uv": [6.484, 9.25, 5.016, 8.75], "rotation": 90, "texture": "#8"},
				"up": {"uv": [6.484, 8.75, 5.016, 9.25], "texture": "#8"},
				"down": {"uv": [6.484, 9.25, 5.016, 8.75], "texture": "#8"}
			}
		},
		{
			"from": [5, 0, 10],
			"to": [11, 6, 12],
			"rotation": {"angle": 0, "axis": "y", "origin": [4, 2, 21]},
			"faces": {
				"north": {"uv": [6.484, 7.25, 5.016, 8.75], "texture": "#8"},
				"east": {"uv": [6.484, 8.75, 5.016, 9.25], "rotation": 90, "texture": "#8"},
				"west": {"uv": [6.484, 9.25, 5.016, 8.75], "rotation": 90, "texture": "#8"},
				"up": {"uv": [6.484, 8.75, 5.016, 9.25], "texture": "#8"},
				"down": {"uv": [6.484, 9.25, 5.016, 8.75], "texture": "#8"}
			}
		}
	],
	"display": {
		"gui": {
			"rotation": [30, -135, 0],
			"translation": [1.5, 0.5, 0],
			"scale": [0.35, 0.35, 0.35]
		},
		"head": {
			"rotation": [0, 0, -58.25],
			"translation": [4.75, -42.16, 1.5],
			"scale": [1.61, 1.61, 1.61]
		}
	},
	"__credit": "Generated using Animated Java (https://animated-java.dev/)"
}