{
	"credit": "Made with Blockbench",
	"parent": "hideaway:display_parents/back",
	"texture_size": [64, 64],
	"textures": {
		"2": "hideaway:back/monarch_wings",
		"particle": "hideaway:back/monarch_wings"
	},
	"elements": [
		{
			"name": "bruh",
			"from": [7, 7, 10],
			"to": [9, 13, 11],
			"rotation": {"angle": 0, "axis": "y", "origin": [-20, 2, 0]},
			"faces": {
				"north": {"uv": [0, 6.5, 0.5, 8], "texture": "#2", "tintindex": 0},
				"east": {"uv": [1, 6.5, 1.25, 8], "texture": "#2", "tintindex": 0},
				"south": {"uv": [0.5, 6.5, 1, 8], "texture": "#2", "tintindex": 0},
				"west": {"uv": [1.25, 6.5, 1.5, 8], "texture": "#2", "tintindex": 0},
				"up": {"uv": [2, 6.75, 1.5, 6.5], "texture": "#2", "tintindex": 0},
				"down": {"uv": [2.5, 6.5, 2, 6.75], "texture": "#2", "tintindex": 0}
			}
		},
		{
			"name": "bruh",
			"from": [-12, -3, 10],
			"to": [8, 23, 10],
			"rotation": {"angle": 22.5, "axis": "y", "origin": [8, 13, 10]},
			"faces": {
				"north": {"uv": [10, 0, 5, 6.5], "texture": "#2"},
				"east": {"uv": [0, 0, 0, 6.5], "texture": "#2"},
				"south": {"uv": [5, 0, 10, 6.5], "texture": "#2"},
				"west": {"uv": [0, 0, 0, 6.5], "texture": "#2"},
				"up": {"uv": [5, 0, 0, 0], "texture": "#2"},
				"down": {"uv": [5, 0, 0, 0], "texture": "#2"}
			}
		},
		{
			"name": "bruh",
			"from": [-12, -3, 10],
			"to": [8, 23, 10],
			"rotation": {"angle": 22.5, "axis": "y", "origin": [8, 13, 10]},
			"faces": {
				"north": {"uv": [0, 0, 5, 6.5], "texture": "#2", "tintindex": 0},
				"east": {"uv": [0, 0, 0, 6.5], "texture": "#2", "tintindex": 0},
				"south": {"uv": [5, 0, 0, 6.5], "texture": "#2", "tintindex": 0},
				"west": {"uv": [0, 0, 0, 6.5], "texture": "#2", "tintindex": 0},
				"up": {"uv": [5, 0, 0, 0], "texture": "#2", "tintindex": 0},
				"down": {"uv": [5, 0, 0, 0], "texture": "#2", "tintindex": 0}
			}
		},
		{
			"name": "bruh",
			"from": [8, -3, 10],
			"to": [28, 23, 10],
			"rotation": {"angle": -22.5, "axis": "y", "origin": [8, 13, 10]},
			"faces": {
				"north": {"uv": [5, 0, 10, 6.5], "texture": "#2"},
				"east": {"uv": [0, 0, 0, 6.5], "texture": "#2"},
				"south": {"uv": [10, 0, 5, 6.5], "texture": "#2"},
				"west": {"uv": [0, 0, 0, 6.5], "texture": "#2"},
				"up": {"uv": [0, 0, 5, 0], "texture": "#2"},
				"down": {"uv": [0, 0, 5, 0], "texture": "#2"}
			}
		},
		{
			"name": "bruh",
			"from": [8, -3, 10],
			"to": [28, 23, 10],
			"rotation": {"angle": -22.5, "axis": "y", "origin": [8, 13, 10]},
			"faces": {
				"north": {"uv": [5, 0, 0, 6.5], "texture": "#2", "tintindex": 0},
				"east": {"uv": [0, 0, 0, 6.5], "texture": "#2", "tintindex": 0},
				"south": {"uv": [0, 0, 5, 6.5], "texture": "#2", "tintindex": 0},
				"west": {"uv": [0, 0, 0, 6.5], "texture": "#2", "tintindex": 0},
				"up": {"uv": [0, 0, 5, 0], "texture": "#2", "tintindex": 0},
				"down": {"uv": [0, 0, 5, 0], "texture": "#2", "tintindex": 0}
			}
		}
	],
	"display": {
		"gui": {
			"rotation": [30, 15, 0],
			"translation": [-2, 2, 0],
			"scale": [0.625, 0.625, 0.625]
		}
	},
	"groups": [
		{
			"name": "wings",
			"origin": [0, 0, 0],
			"color": 0,
			"children": [
				0,
				{
					"name": "wing",
					"origin": [8, 11, 10],
					"color": 0,
					"children": [1, 2]
				},
				{
					"name": "wing",
					"origin": [8, 11, 10],
					"color": 0,
					"children": [3, 4]
				}
			]
		}
	],
	"__credit": "Generated using Animated Java (https://animated-java.dev/)"
}