{
	"credit": "Made by Ziqqy using Blockbench",
	"parent": "hideaway:display_parents/back",
	"texture_size": [32, 32],
	"textures": {
		"0": "hideaway:back/monk_staff",
		"particle": "hideaway:back/monk_staff"
	},
	"elements": [
		{
			"from": [-1.5, 9.5, 8.5],
			"to": [-1.5, 13.5, 12.5],
			"rotation": {"angle": 0, "axis": "y", "origin": [11.5, 10, 10.5]},
			"faces": {
				"north": {"uv": [0.016, 0.016, 0.016, 1.984], "texture": "#0", "tintindex": 0},
				"east": {"uv": [8.516, 0.016, 10.484, 1.984], "texture": "#0", "tintindex": 0},
				"south": {"uv": [0.016, 0.016, 0.016, 1.984], "texture": "#0", "tintindex": 0},
				"west": {"uv": [8.516, 2.016, 10.484, 3.984], "texture": "#0", "tintindex": 0},
				"up": {"uv": [0.016, 1.984, 0.016, 0.016], "texture": "#0", "tintindex": 0},
				"down": {"uv": [0.016, 0.016, 0.016, 1.984], "texture": "#0", "tintindex": 0}
			}
		},
		{
			"from": [-0.75, 18.75, 8.5],
			"to": [-0.75, 22.75, 12.5],
			"rotation": {"angle": 0, "axis": "y", "origin": [11.5, 10, 10.5]},
			"faces": {
				"north": {"uv": [0.016, 0.016, 0.016, 1.984], "texture": "#0", "tintindex": 0},
				"east": {"uv": [8.516, 0.016, 10.484, 1.984], "texture": "#0", "tintindex": 0},
				"south": {"uv": [0.016, 0.016, 0.016, 1.984], "texture": "#0", "tintindex": 0},
				"west": {"uv": [8.516, 2.016, 10.484, 3.984], "texture": "#0", "tintindex": 0},
				"up": {"uv": [0.016, 1.984, 0.016, 0.016], "texture": "#0", "tintindex": 0},
				"down": {"uv": [0.016, 0.016, 0.016, 1.984], "texture": "#0", "tintindex": 0}
			}
		},
		{
			"from": [1.25, 18, 8.5],
			"to": [1.25, 22, 12.5],
			"rotation": {"angle": 0, "axis": "y", "origin": [-3.75, 21.75, 10.5]},
			"faces": {
				"north": {"uv": [0.016, 0.016, 0.016, 1.984], "texture": "#0", "tintindex": 0},
				"east": {"uv": [8.516, 0.016, 10.484, 1.984], "texture": "#0", "tintindex": 0},
				"south": {"uv": [0.016, 0.016, 0.016, 1.984], "texture": "#0", "tintindex": 0},
				"west": {"uv": [8.516, 2.016, 10.484, 3.984], "texture": "#0", "tintindex": 0},
				"up": {"uv": [0.016, 1.984, 0.016, 0.016], "texture": "#0", "tintindex": 0},
				"down": {"uv": [0.016, 0.016, 0.016, 1.984], "texture": "#0", "tintindex": 0}
			}
		},
		{
			"from": [-4.5, 9.5, 8.5],
			"to": [-4.5, 13.5, 12.5],
			"rotation": {"angle": 0, "axis": "y", "origin": [11.5, 10, 10.5]},
			"faces": {
				"north": {"uv": [0.016, 0.016, 0.016, 1.984], "texture": "#0", "tintindex": 0},
				"east": {"uv": [8.516, 0.016, 10.484, 1.984], "texture": "#0", "tintindex": 0},
				"south": {"uv": [0.016, 0.016, 0.016, 1.984], "texture": "#0", "tintindex": 0},
				"west": {"uv": [8.516, 2.016, 10.484, 3.984], "texture": "#0", "tintindex": 0},
				"up": {"uv": [0.016, 1.984, 0.016, 0.016], "texture": "#0", "tintindex": 0},
				"down": {"uv": [0.016, 0.016, 0.016, 1.984], "texture": "#0", "tintindex": 0}
			}
		},
		{
			"from": [5.7, -4.3, 9.7],
			"to": [7.3, 2.3, 11.3],
			"rotation": {"angle": 45, "axis": "z", "origin": [11.5, 10, 10.5]},
			"faces": {
				"north": {"uv": [0.516, 10.016, 0.984, 12.984], "texture": "#0", "tintindex": 0},
				"east": {"uv": [1.016, 10.016, 1.484, 12.984], "texture": "#0", "tintindex": 0},
				"south": {"uv": [1.516, 10.016, 1.984, 12.984], "texture": "#0", "tintindex": 0},
				"west": {"uv": [2.016, 10.016, 2.484, 12.984], "texture": "#0", "tintindex": 0},
				"up": {"uv": [2.984, 10.484, 2.516, 10.016], "texture": "#0", "tintindex": 0},
				"down": {"uv": [3.484, 10.016, 3.016, 10.484], "texture": "#0", "tintindex": 0}
			}
		},
		{
			"from": [6, -1, 10],
			"to": [7, 31, 11],
			"rotation": {"angle": 45, "axis": "z", "origin": [11.5, 10, 10.5]},
			"faces": {
				"north": {"uv": [6.516, 0.016, 6.984, 15.984], "texture": "#0"},
				"east": {"uv": [7.016, 0.016, 7.484, 15.984], "texture": "#0"},
				"south": {"uv": [7.516, 0.016, 7.984, 15.984], "texture": "#0"},
				"west": {"uv": [8.016, 0.016, 8.484, 15.984], "texture": "#0"},
				"up": {"uv": [3.984, 10.484, 3.516, 10.016], "texture": "#0"},
				"down": {"uv": [4.484, 10.016, 4.016, 10.484], "texture": "#0"}
			}
		},
		{
			"from": [5.7, 18.7, 9.7],
			"to": [7.3, 31.3, 11.3],
			"rotation": {"angle": 45, "axis": "z", "origin": [11.5, 10, 10.5]},
			"faces": {
				"north": {"uv": [8.516, 4.016, 8.984, 9.984], "texture": "#0", "tintindex": 0},
				"east": {"uv": [9.016, 4.016, 9.484, 9.984], "texture": "#0", "tintindex": 0},
				"south": {"uv": [9.516, 4.016, 9.984, 9.984], "texture": "#0", "tintindex": 0},
				"west": {"uv": [0.016, 10.016, 0.484, 15.984], "texture": "#0", "tintindex": 0},
				"up": {"uv": [10.484, 4.484, 10.016, 4.016], "texture": "#0", "tintindex": 0},
				"down": {"uv": [4.984, 10.016, 4.516, 10.484], "texture": "#0", "tintindex": 0}
			}
		},
		{
			"from": [0, 20, 10.5],
			"to": [13, 30, 10.5],
			"rotation": {"angle": 45, "axis": "z", "origin": [11.5, 10, 10.5]},
			"faces": {
				"north": {"uv": [0.016, 0.016, 6.484, 4.984], "texture": "#0", "tintindex": 0},
				"east": {"uv": [0.016, 0.016, 0.016, 4.984], "texture": "#0", "tintindex": 0},
				"south": {"uv": [0.016, 5.016, 6.484, 9.984], "texture": "#0", "tintindex": 0},
				"west": {"uv": [0.016, 0.016, 0.016, 4.984], "texture": "#0", "tintindex": 0},
				"up": {"uv": [6.484, 0.016, 0.016, 0.016], "texture": "#0", "tintindex": 0},
				"down": {"uv": [6.484, 0.016, 0.016, 0.016], "texture": "#0", "tintindex": 0}
			}
		}
	],
	"display": {
		"thirdperson_righthand": {
			"rotation": [-30, -86, -87],
			"translation": [3.25, 1.5, 2.75]
		},
		"thirdperson_lefthand": {
			"rotation": [-30, 86, 87],
			"translation": [-2.25, 1.5, 2.75]
		},
		"firstperson_righthand": {
			"rotation": [-11, -68, -54],
			"translation": [9.5, -2, -4.5]
		},
		"firstperson_lefthand": {
			"rotation": [11, -68, 54],
			"translation": [8.25, -2.25, -5.5]
		},
		"gui": {
			"rotation": [30, 45, 0],
			"scale": [0.77, 0.77, 0.77]
		},
		"head": {
			"translation": [0, -51.66, 0],
			"scale": [1.6, 1.6, 1.6]
		}
	},
	"groups": [
		{
			"name": "group",
			"origin": [11.5, 10, 10.5],
			"color": 0,
			"children": [
				0,
				1,
				2,
				3,
				{
					"name": "group",
					"origin": [8, 8, 8],
					"color": 0,
					"children": [4, 5, 6, 7]
				}
			]
		}
	]
}