{
	"credit": "Made with Blockbench",
	"parent": "hideaway:display_parents/back",
	"texture_size": [128, 128],
	"textures": {
		"0": "hideaway:back/nutcracker_turning_key",
		"particle": "hideaway:back/nutcracker_turning_key"
	},
	"elements": [
		{
			"from": [10, 6, 10.2],
			"to": [16, 12, 10.25],
			"rotation": {"angle": -22.5, "axis": "y", "origin": [10, 6, 9]},
			"faces": {
				"north": {"uv": [0.375, 3.25, 1.125, 4], "texture": "#0", "tintindex": 0},
				"south": {"uv": [1.125, 3.25, 0.375, 4], "texture": "#0", "tintindex": 0}
			}
		},
		{
			"from": [0, 6, 10.2],
			"to": [6, 12, 10.25],
			"rotation": {"angle": 22.5, "axis": "y", "origin": [6, 6, 9]},
			"faces": {
				"north": {"uv": [1.125, 3.25, 0.375, 4], "texture": "#0", "tintindex": 0},
				"south": {"uv": [0.375, 3.25, 1.125, 4], "texture": "#0", "tintindex": 0}
			}
		},
		{
			"from": [3, -5, 10.1],
			"to": [6, 3, 10.15],
			"rotation": {"angle": -22.5, "axis": "z", "origin": [16, 0, 9]},
			"faces": {
				"north": {"uv": [0, 3, 0.375, 4], "texture": "#0", "tintindex": 0},
				"south": {"uv": [0, 3, 0.375, 4], "texture": "#0", "tintindex": 0}
			}
		},
		{
			"from": [10, -5, 10.1],
			"to": [13, 3, 10.15],
			"rotation": {"angle": 22.5, "axis": "z", "origin": [0, 0, 9]},
			"faces": {
				"north": {"uv": [0.375, 3, 0, 4], "texture": "#0", "tintindex": 0},
				"south": {"uv": [0.375, 3, 0, 4], "texture": "#0", "tintindex": 0}
			}
		},
		{
			"from": [6, 6, 10],
			"to": [10, 10, 21],
			"rotation": {"angle": 0, "axis": "y", "origin": [8, 8, 9]},
			"faces": {
				"north": {"uv": [3, 1.375, 3.5, 1.875], "texture": "#0"},
				"east": {"uv": [2.375, 0, 1, 0.5], "texture": "#0"},
				"south": {"uv": [3, 1.875, 3.5, 2.375], "texture": "#0"},
				"west": {"uv": [1, 0, 2.375, 0.5], "texture": "#0"},
				"up": {"uv": [1.5, 1.875, 1, 0.5], "texture": "#0"},
				"down": {"uv": [2, 0.5, 1.5, 1.875], "texture": "#0"}
			}
		},
		{
			"from": [6, 9, 15],
			"to": [10, 17, 23],
			"rotation": {"angle": 0, "axis": "y", "origin": [8, 8, 9]},
			"faces": {
				"north": {"uv": [2, 0.5, 2.5, 1.5], "texture": "#0"},
				"east": {"uv": [1, 0, 0, 1], "texture": "#0"},
				"south": {"uv": [2.5, 0, 3, 1], "texture": "#0"},
				"west": {"uv": [0, 0, 1, 1], "texture": "#0"},
				"up": {"uv": [1.5, 2.875, 1, 1.875], "texture": "#0"},
				"down": {"uv": [0.5, 3, 0, 2], "texture": "#0"}
			}
		},
		{
			"from": [6, -1, 15],
			"to": [10, 7, 23],
			"rotation": {"angle": 0, "axis": "y", "origin": [8, 8, 9]},
			"faces": {
				"north": {"uv": [2, 1.5, 2.5, 2.5], "texture": "#0"},
				"east": {"uv": [0, 1, 1, 2], "texture": "#0"},
				"south": {"uv": [2.5, 1.5, 3, 2.5], "texture": "#0"},
				"west": {"uv": [0, 1, 1, 2], "texture": "#0"},
				"up": {"uv": [2, 2.875, 1.5, 1.875], "texture": "#0"},
				"down": {"uv": [1, 3, 0.5, 2], "texture": "#0"}
			}
		},
		{
			"from": [5.5, 5.5, 10.5],
			"to": [10.5, 10.5, 14.5],
			"rotation": {"angle": 0, "axis": "y", "origin": [8, 8, 9]},
			"faces": {
				"east": {"uv": [2.625, 1, 3, 1.5], "texture": "#0", "tintindex": 0},
				"west": {"uv": [2.625, 1, 3, 1.5], "texture": "#0", "tintindex": 0},
				"up": {"uv": [3.5, 0.375, 3, 0], "texture": "#0", "tintindex": 0},
				"down": {"uv": [4, 0.375, 3.5, 0], "texture": "#0", "tintindex": 0}
			}
		},
		{
			"from": [5.5, 14.5, 17],
			"to": [10.5, 17.5, 21],
			"rotation": {"angle": 0, "axis": "y", "origin": [8, 8, 9]},
			"faces": {
				"east": {"uv": [3.75, 0.75, 3.375, 1], "texture": "#0", "tintindex": 0},
				"west": {"uv": [3.375, 0.75, 3.75, 1], "texture": "#0", "tintindex": 0},
				"up": {"uv": [3.5, 0.75, 3, 0.375], "texture": "#0", "tintindex": 0},
				"down": {"uv": [3.5, 1.375, 3, 1], "texture": "#0", "tintindex": 0}
			}
		},
		{
			"from": [10, 15, 21],
			"to": [6, 11, 17],
			"rotation": {"angle": 0, "axis": "y", "origin": [8, 8, 9]},
			"faces": {
				"north": {"uv": [3.5, 1.875, 4, 2.375], "texture": "#0"},
				"south": {"uv": [3.5, 2.375, 4, 2.875], "texture": "#0"},
				"up": {"uv": [3, 2.375, 3.5, 2.875], "texture": "#0"},
				"down": {"uv": [3.5, 1.375, 4, 1.875], "texture": "#0"}
			}
		},
		{
			"from": [10, 5, 21],
			"to": [6, 1, 17],
			"rotation": {"angle": 0, "axis": "y", "origin": [8, 8, 9]},
			"faces": {
				"north": {"uv": [3.5, 2.375, 4, 1.875], "texture": "#0"},
				"south": {"uv": [3.5, 2.875, 4, 2.375], "texture": "#0"},
				"up": {"uv": [3.5, 1.875, 4, 1.375], "texture": "#0"},
				"down": {"uv": [3, 2.875, 3.5, 2.375], "texture": "#0"}
			}
		},
		{
			"from": [10.5, 10.5, 14.5],
			"to": [5.5, 5.5, 10.5],
			"rotation": {"angle": 0, "axis": "y", "origin": [8, 8, 9]},
			"faces": {
				"east": {"uv": [2.625, 1, 3, 1.5], "texture": "#0", "tintindex": 0},
				"west": {"uv": [2.625, 1, 3, 1.5], "texture": "#0", "tintindex": 0},
				"up": {"uv": [3.5, 0.375, 3, 0], "texture": "#0", "tintindex": 0},
				"down": {"uv": [4, 0.375, 3.5, 0], "texture": "#0", "tintindex": 0}
			}
		},
		{
			"from": [10.5, 17.5, 21],
			"to": [5.5, 14.5, 17],
			"rotation": {"angle": 0, "axis": "y", "origin": [8, 8, 9]},
			"faces": {
				"east": {"uv": [3.75, 1, 3.375, 0.75], "texture": "#0", "tintindex": 0},
				"west": {"uv": [3.375, 1, 3.75, 0.75], "texture": "#0", "tintindex": 0},
				"up": {"uv": [3.5, 1, 3, 1.375], "texture": "#0", "tintindex": 0},
				"down": {"uv": [3.5, 0.375, 3, 0.75], "texture": "#0", "tintindex": 0}
			}
		},
		{
			"from": [5.5, -1.5, 17],
			"to": [10.5, 1.5, 21],
			"rotation": {"angle": 0, "axis": "y", "origin": [8, 8, 9]},
			"faces": {
				"east": {"uv": [3.375, 0.75, 3, 1], "texture": "#0", "tintindex": 0},
				"west": {"uv": [3, 0.75, 3.375, 1], "texture": "#0", "tintindex": 0},
				"up": {"uv": [4, 1.375, 3.5, 1], "texture": "#0", "tintindex": 0},
				"down": {"uv": [4, 0.75, 3.5, 0.375], "texture": "#0", "tintindex": 0}
			}
		},
		{
			"from": [10.5, 1.5, 21],
			"to": [5.5, -1.5, 17],
			"rotation": {"angle": 0, "axis": "y", "origin": [8, 8, 9]},
			"faces": {
				"east": {"uv": [3.375, 1, 3, 0.75], "texture": "#0", "tintindex": 0},
				"west": {"uv": [3, 1, 3.375, 0.75], "texture": "#0", "tintindex": 0},
				"up": {"uv": [4, 0.375, 3.5, 0.75], "texture": "#0", "tintindex": 0},
				"down": {"uv": [4, 1, 3.5, 1.375], "texture": "#0", "tintindex": 0}
			}
		},
		{
			"from": [6, 6, 10],
			"to": [10, 10, 21],
			"rotation": {"angle": -22.5, "axis": "z", "origin": [8, 8, 9]},
			"faces": {
				"north": {"uv": [7, 1.375, 7.5, 1.875], "texture": "#0"},
				"east": {"uv": [6.375, 0, 5, 0.5], "texture": "#0"},
				"south": {"uv": [7, 1.875, 7.5, 2.375], "texture": "#0"},
				"west": {"uv": [5, 0, 6.375, 0.5], "texture": "#0"},
				"up": {"uv": [5.5, 1.875, 5, 0.5], "texture": "#0"},
				"down": {"uv": [6, 0.5, 5.5, 1.875], "texture": "#0"}
			}
		},
		{
			"from": [6, 9, 15],
			"to": [10, 17, 23],
			"rotation": {"angle": -22.5, "axis": "z", "origin": [8, 8, 9]},
			"faces": {
				"north": {"uv": [6, 0.5, 6.5, 1.5], "texture": "#0"},
				"east": {"uv": [5, 0, 4, 1], "texture": "#0"},
				"south": {"uv": [6.5, 0, 7, 1], "texture": "#0"},
				"west": {"uv": [4, 0, 5, 1], "texture": "#0"},
				"up": {"uv": [5.5, 2.875, 5, 1.875], "texture": "#0"},
				"down": {"uv": [4.5, 3, 4, 2], "texture": "#0"}
			}
		},
		{
			"from": [6, -1, 15],
			"to": [10, 7, 23],
			"rotation": {"angle": -22.5, "axis": "z", "origin": [8, 8, 9]},
			"faces": {
				"north": {"uv": [6, 1.5, 6.5, 2.5], "texture": "#0"},
				"east": {"uv": [4, 1, 5, 2], "texture": "#0"},
				"south": {"uv": [6.5, 1.5, 7, 2.5], "texture": "#0"},
				"west": {"uv": [4, 1, 5, 2], "texture": "#0"},
				"up": {"uv": [6, 2.875, 5.5, 1.875], "texture": "#0"},
				"down": {"uv": [5, 3, 4.5, 2], "texture": "#0"}
			}
		},
		{
			"from": [5.5, 5.5, 10.5],
			"to": [10.5, 10.5, 14.5],
			"rotation": {"angle": -22.5, "axis": "z", "origin": [8, 8, 9]},
			"faces": {
				"east": {"uv": [6.625, 1, 7, 1.5], "texture": "#0", "tintindex": 0},
				"west": {"uv": [6.625, 1, 7, 1.5], "texture": "#0", "tintindex": 0},
				"up": {"uv": [7.5, 0.375, 7, 0], "texture": "#0", "tintindex": 0},
				"down": {"uv": [8, 0.375, 7.5, 0], "texture": "#0", "tintindex": 0}
			}
		},
		{
			"from": [5.5, 14.5, 17],
			"to": [10.5, 17.5, 21],
			"rotation": {"angle": -22.5, "axis": "z", "origin": [8, 8, 9]},
			"faces": {
				"east": {"uv": [7.75, 0.75, 7.375, 1], "texture": "#0", "tintindex": 0},
				"west": {"uv": [7.375, 0.75, 7.75, 1], "texture": "#0", "tintindex": 0},
				"up": {"uv": [7.5, 0.75, 7, 0.375], "texture": "#0", "tintindex": 0},
				"down": {"uv": [7.5, 1.375, 7, 1], "texture": "#0", "tintindex": 0}
			}
		},
		{
			"from": [10, 15, 21],
			"to": [6, 11, 17],
			"rotation": {"angle": -22.5, "axis": "z", "origin": [8, 8, 9]},
			"faces": {
				"north": {"uv": [7.5, 1.875, 8, 2.375], "texture": "#0"},
				"south": {"uv": [7.5, 2.375, 8, 2.875], "texture": "#0"},
				"up": {"uv": [7, 2.375, 7.5, 2.875], "texture": "#0"},
				"down": {"uv": [7.5, 1.375, 8, 1.875], "texture": "#0"}
			}
		},
		{
			"from": [10, 5, 21],
			"to": [6, 1, 17],
			"rotation": {"angle": -22.5, "axis": "z", "origin": [8, 8, 9]},
			"faces": {
				"north": {"uv": [7.5, 2.375, 8, 1.875], "texture": "#0"},
				"south": {"uv": [7.5, 2.875, 8, 2.375], "texture": "#0"},
				"up": {"uv": [7.5, 1.875, 8, 1.375], "texture": "#0"},
				"down": {"uv": [7, 2.875, 7.5, 2.375], "texture": "#0"}
			}
		},
		{
			"from": [10.5, 10.5, 14.5],
			"to": [5.5, 5.5, 10.5],
			"rotation": {"angle": -22.5, "axis": "z", "origin": [8, 8, 9]},
			"faces": {
				"east": {"uv": [6.625, 1, 7, 1.5], "texture": "#0", "tintindex": 0},
				"west": {"uv": [6.625, 1, 7, 1.5], "texture": "#0", "tintindex": 0},
				"up": {"uv": [7.5, 0.375, 7, 0], "texture": "#0", "tintindex": 0},
				"down": {"uv": [8, 0.375, 7.5, 0], "texture": "#0", "tintindex": 0}
			}
		},
		{
			"from": [10.5, 17.5, 21],
			"to": [5.5, 14.5, 17],
			"rotation": {"angle": -22.5, "axis": "z", "origin": [8, 8, 9]},
			"faces": {
				"east": {"uv": [7.75, 1, 7.375, 0.75], "texture": "#0", "tintindex": 0},
				"west": {"uv": [7.375, 1, 7.75, 0.75], "texture": "#0", "tintindex": 0},
				"up": {"uv": [7.5, 1, 7, 1.375], "texture": "#0", "tintindex": 0},
				"down": {"uv": [7.5, 0.375, 7, 0.75], "texture": "#0", "tintindex": 0}
			}
		},
		{
			"from": [5.5, -1.5, 17],
			"to": [10.5, 1.5, 21],
			"rotation": {"angle": -22.5, "axis": "z", "origin": [8, 8, 9]},
			"faces": {
				"east": {"uv": [7.375, 0.75, 7, 1], "texture": "#0", "tintindex": 0},
				"west": {"uv": [7, 0.75, 7.375, 1], "texture": "#0", "tintindex": 0},
				"up": {"uv": [8, 1.375, 7.5, 1], "texture": "#0", "tintindex": 0},
				"down": {"uv": [8, 0.75, 7.5, 0.375], "texture": "#0", "tintindex": 0}
			}
		},
		{
			"from": [10.5, 1.5, 21],
			"to": [5.5, -1.5, 17],
			"rotation": {"angle": -22.5, "axis": "z", "origin": [8, 8, 9]},
			"faces": {
				"east": {"uv": [7.375, 1, 7, 0.75], "texture": "#0", "tintindex": 0},
				"west": {"uv": [7, 1, 7.375, 0.75], "texture": "#0", "tintindex": 0},
				"up": {"uv": [8, 0.375, 7.5, 0.75], "texture": "#0", "tintindex": 0},
				"down": {"uv": [8, 1, 7.5, 1.375], "texture": "#0", "tintindex": 0}
			}
		},
		{
			"from": [6, 6, 10],
			"to": [10, 10, 21],
			"rotation": {"angle": -45, "axis": "z", "origin": [8, 8, 9]},
			"faces": {
				"north": {"uv": [11, 1.375, 11.5, 1.875], "texture": "#0"},
				"east": {"uv": [10.375, 0, 9, 0.5], "texture": "#0"},
				"south": {"uv": [11, 1.875, 11.5, 2.375], "texture": "#0"},
				"west": {"uv": [9, 0, 10.375, 0.5], "texture": "#0"},
				"up": {"uv": [9.5, 1.875, 9, 0.5], "texture": "#0"},
				"down": {"uv": [10, 0.5, 9.5, 1.875], "texture": "#0"}
			}
		},
		{
			"from": [6, 9, 15],
			"to": [10, 17, 23],
			"rotation": {"angle": -45, "axis": "z", "origin": [8, 8, 9]},
			"faces": {
				"north": {"uv": [10, 0.5, 10.5, 1.5], "texture": "#0"},
				"east": {"uv": [9, 0, 8, 1], "texture": "#0"},
				"south": {"uv": [10.5, 0, 11, 1], "texture": "#0"},
				"west": {"uv": [8, 0, 9, 1], "texture": "#0"},
				"up": {"uv": [9.5, 2.875, 9, 1.875], "texture": "#0"},
				"down": {"uv": [8.5, 3, 8, 2], "texture": "#0"}
			}
		},
		{
			"from": [6, -1, 15],
			"to": [10, 7, 23],
			"rotation": {"angle": -45, "axis": "z", "origin": [8, 8, 9]},
			"faces": {
				"north": {"uv": [10, 1.5, 10.5, 2.5], "texture": "#0"},
				"east": {"uv": [8, 1, 9, 2], "texture": "#0"},
				"south": {"uv": [10.5, 1.5, 11, 2.5], "texture": "#0"},
				"west": {"uv": [8, 1, 9, 2], "texture": "#0"},
				"up": {"uv": [10, 2.875, 9.5, 1.875], "texture": "#0"},
				"down": {"uv": [9, 3, 8.5, 2], "texture": "#0"}
			}
		},
		{
			"from": [5.5, 5.5, 10.5],
			"to": [10.5, 10.5, 14.5],
			"rotation": {"angle": -45, "axis": "z", "origin": [8, 8, 9]},
			"faces": {
				"east": {"uv": [10.625, 1, 11, 1.5], "texture": "#0", "tintindex": 0},
				"west": {"uv": [10.625, 1, 11, 1.5], "texture": "#0", "tintindex": 0},
				"up": {"uv": [11.5, 0.375, 11, 0], "texture": "#0", "tintindex": 0},
				"down": {"uv": [12, 0.375, 11.5, 0], "texture": "#0", "tintindex": 0}
			}
		},
		{
			"from": [5.5, 14.5, 17],
			"to": [10.5, 17.5, 21],
			"rotation": {"angle": -45, "axis": "z", "origin": [8, 8, 9]},
			"faces": {
				"east": {"uv": [11.75, 0.75, 11.375, 1], "texture": "#0", "tintindex": 0},
				"west": {"uv": [11.375, 0.75, 11.75, 1], "texture": "#0", "tintindex": 0},
				"up": {"uv": [11.5, 0.75, 11, 0.375], "texture": "#0", "tintindex": 0},
				"down": {"uv": [11.5, 1.375, 11, 1], "texture": "#0", "tintindex": 0}
			}
		},
		{
			"from": [10, 15, 21],
			"to": [6, 11, 17],
			"rotation": {"angle": -45, "axis": "z", "origin": [8, 8, 9]},
			"faces": {
				"north": {"uv": [11.5, 1.875, 12, 2.375], "texture": "#0"},
				"south": {"uv": [11.5, 2.375, 12, 2.875], "texture": "#0"},
				"up": {"uv": [11, 2.375, 11.5, 2.875], "texture": "#0"},
				"down": {"uv": [11.5, 1.375, 12, 1.875], "texture": "#0"}
			}
		},
		{
			"from": [10, 5, 21],
			"to": [6, 1, 17],
			"rotation": {"angle": -45, "axis": "z", "origin": [8, 8, 9]},
			"faces": {
				"north": {"uv": [11.5, 2.375, 12, 1.875], "texture": "#0"},
				"south": {"uv": [11.5, 2.875, 12, 2.375], "texture": "#0"},
				"up": {"uv": [11.5, 1.875, 12, 1.375], "texture": "#0"},
				"down": {"uv": [11, 2.875, 11.5, 2.375], "texture": "#0"}
			}
		},
		{
			"from": [10.5, 10.5, 14.5],
			"to": [5.5, 5.5, 10.5],
			"rotation": {"angle": -45, "axis": "z", "origin": [8, 8, 9]},
			"faces": {
				"east": {"uv": [10.625, 1, 11, 1.5], "texture": "#0", "tintindex": 0},
				"west": {"uv": [10.625, 1, 11, 1.5], "texture": "#0", "tintindex": 0},
				"up": {"uv": [11.5, 0.375, 11, 0], "texture": "#0", "tintindex": 0},
				"down": {"uv": [12, 0.375, 11.5, 0], "texture": "#0", "tintindex": 0}
			}
		},
		{
			"from": [10.5, 17.5, 21],
			"to": [5.5, 14.5, 17],
			"rotation": {"angle": -45, "axis": "z", "origin": [8, 8, 9]},
			"faces": {
				"east": {"uv": [11.75, 1, 11.375, 0.75], "texture": "#0", "tintindex": 0},
				"west": {"uv": [11.375, 1, 11.75, 0.75], "texture": "#0", "tintindex": 0},
				"up": {"uv": [11.5, 1, 11, 1.375], "texture": "#0", "tintindex": 0},
				"down": {"uv": [11.5, 0.375, 11, 0.75], "texture": "#0", "tintindex": 0}
			}
		},
		{
			"from": [5.5, -1.5, 17],
			"to": [10.5, 1.5, 21],
			"rotation": {"angle": -45, "axis": "z", "origin": [8, 8, 9]},
			"faces": {
				"east": {"uv": [11.375, 0.75, 11, 1], "texture": "#0", "tintindex": 0},
				"west": {"uv": [11, 0.75, 11.375, 1], "texture": "#0", "tintindex": 0},
				"up": {"uv": [12, 1.375, 11.5, 1], "texture": "#0", "tintindex": 0},
				"down": {"uv": [12, 0.75, 11.5, 0.375], "texture": "#0", "tintindex": 0}
			}
		},
		{
			"from": [10.5, 1.5, 21],
			"to": [5.5, -1.5, 17],
			"rotation": {"angle": -45, "axis": "z", "origin": [8, 8, 9]},
			"faces": {
				"east": {"uv": [11.375, 1, 11, 0.75], "texture": "#0", "tintindex": 0},
				"west": {"uv": [11, 1, 11.375, 0.75], "texture": "#0", "tintindex": 0},
				"up": {"uv": [12, 0.375, 11.5, 0.75], "texture": "#0", "tintindex": 0},
				"down": {"uv": [12, 1, 11.5, 1.375], "texture": "#0", "tintindex": 0}
			}
		},
		{
			"from": [6, 6, 10],
			"to": [10, 10, 21],
			"rotation": {"angle": 22.5, "axis": "z", "origin": [8, 8, 9]},
			"faces": {
				"north": {"uv": [15, 1.375, 15.5, 1.875], "rotation": 270, "texture": "#0"},
				"east": {"uv": [13.5, 1.875, 13, 0.5], "rotation": 90, "texture": "#0"},
				"south": {"uv": [15, 1.875, 15.5, 2.375], "rotation": 90, "texture": "#0"},
				"west": {"uv": [14, 0.5, 13.5, 1.875], "rotation": 90, "texture": "#0"},
				"up": {"uv": [13, 0, 14.375, 0.5], "rotation": 90, "texture": "#0"},
				"down": {"uv": [14.375, 0, 13, 0.5], "rotation": 90, "texture": "#0"}
			}
		},
		{
			"from": [9, 6, 15],
			"to": [17, 10, 23],
			"rotation": {"angle": 22.5, "axis": "z", "origin": [8, 8, 9]},
			"faces": {
				"north": {"uv": [14, 0.5, 14.5, 1.5], "rotation": 270, "texture": "#0"},
				"east": {"uv": [13.5, 2.875, 13, 1.875], "rotation": 90, "texture": "#0"},
				"south": {"uv": [14.5, 0, 15, 1], "rotation": 90, "texture": "#0"},
				"west": {"uv": [12.5, 3, 12, 2], "rotation": 90, "texture": "#0"},
				"up": {"uv": [12, 0, 13, 1], "rotation": 90, "texture": "#0"},
				"down": {"uv": [13, 0, 12, 1], "rotation": 90, "texture": "#0"}
			}
		},
		{
			"from": [-1, 6, 15],
			"to": [7, 10, 23],
			"rotation": {"angle": 22.5, "axis": "z", "origin": [8, 8, 9]},
			"faces": {
				"north": {"uv": [14, 1.5, 14.5, 2.5], "rotation": 270, "texture": "#0"},
				"east": {"uv": [14, 2.875, 13.5, 1.875], "rotation": 90, "texture": "#0"},
				"south": {"uv": [14.5, 1.5, 15, 2.5], "rotation": 90, "texture": "#0"},
				"west": {"uv": [13, 3, 12.5, 2], "rotation": 90, "texture": "#0"},
				"up": {"uv": [12, 1, 13, 2], "rotation": 90, "texture": "#0"},
				"down": {"uv": [12, 1, 13, 2], "rotation": 90, "texture": "#0"}
			}
		},
		{
			"from": [5.5, 5.5, 10.5],
			"to": [10.5, 10.5, 14.5],
			"rotation": {"angle": 22.5, "axis": "z", "origin": [8, 8, 9]},
			"faces": {
				"east": {"uv": [15.5, 0.375, 15, 0], "rotation": 90, "texture": "#0", "tintindex": 0},
				"west": {"uv": [16, 0.375, 15.5, 0], "rotation": 90, "texture": "#0", "tintindex": 0},
				"up": {"uv": [14.625, 1, 15, 1.5], "rotation": 90, "texture": "#0", "tintindex": 0},
				"down": {"uv": [14.625, 1, 15, 1.5], "rotation": 90, "texture": "#0", "tintindex": 0}
			}
		},
		{
			"from": [14.5, 5.5, 17],
			"to": [17.5, 10.5, 21],
			"rotation": {"angle": 22.5, "axis": "z", "origin": [8, 8, 9]},
			"faces": {
				"east": {"uv": [15.5, 0.75, 15, 0.375], "rotation": 90, "texture": "#0", "tintindex": 0},
				"west": {"uv": [15.5, 1.375, 15, 1], "rotation": 90, "texture": "#0", "tintindex": 0},
				"up": {"uv": [15.375, 0.75, 15.75, 1], "rotation": 90, "texture": "#0", "tintindex": 0},
				"down": {"uv": [15.75, 0.75, 15.375, 1], "rotation": 90, "texture": "#0", "tintindex": 0}
			}
		},
		{
			"from": [15, 10, 21],
			"to": [11, 6, 17],
			"rotation": {"angle": 22.5, "axis": "z", "origin": [8, 8, 9]},
			"faces": {
				"north": {"uv": [15.5, 1.875, 16, 2.375], "rotation": 270, "texture": "#0"},
				"east": {"uv": [15, 2.375, 15.5, 2.875], "rotation": 90, "texture": "#0"},
				"south": {"uv": [15.5, 2.375, 16, 2.875], "rotation": 90, "texture": "#0"},
				"west": {"uv": [15.5, 1.375, 16, 1.875], "rotation": 90, "texture": "#0"}
			}
		},
		{
			"from": [5, 10, 21],
			"to": [1, 6, 17],
			"rotation": {"angle": 22.5, "axis": "z", "origin": [8, 8, 9]},
			"faces": {
				"north": {"uv": [15.5, 2.375, 16, 1.875], "rotation": 270, "texture": "#0"},
				"east": {"uv": [15.5, 1.875, 16, 1.375], "rotation": 90, "texture": "#0"},
				"south": {"uv": [15.5, 2.875, 16, 2.375], "rotation": 90, "texture": "#0"},
				"west": {"uv": [15, 2.875, 15.5, 2.375], "rotation": 90, "texture": "#0"}
			}
		},
		{
			"from": [10.5, 10.5, 14.5],
			"to": [5.5, 5.5, 10.5],
			"rotation": {"angle": 22.5, "axis": "z", "origin": [8, 8, 9]},
			"faces": {
				"east": {"uv": [15.5, 0.375, 15, 0], "rotation": 90, "texture": "#0", "tintindex": 0},
				"west": {"uv": [16, 0.375, 15.5, 0], "rotation": 90, "texture": "#0", "tintindex": 0},
				"up": {"uv": [14.625, 1, 15, 1.5], "rotation": 90, "texture": "#0", "tintindex": 0},
				"down": {"uv": [14.625, 1, 15, 1.5], "rotation": 90, "texture": "#0", "tintindex": 0}
			}
		},
		{
			"from": [17.5, 10.5, 21],
			"to": [14.5, 5.5, 17],
			"rotation": {"angle": 22.5, "axis": "z", "origin": [8, 8, 9]},
			"faces": {
				"east": {"uv": [15.5, 1, 15, 1.375], "rotation": 90, "texture": "#0", "tintindex": 0},
				"west": {"uv": [15.5, 0.375, 15, 0.75], "rotation": 90, "texture": "#0", "tintindex": 0},
				"up": {"uv": [15.375, 1, 15.75, 0.75], "rotation": 90, "texture": "#0", "tintindex": 0},
				"down": {"uv": [15.75, 1, 15.375, 0.75], "rotation": 90, "texture": "#0", "tintindex": 0}
			}
		},
		{
			"from": [-1.5, 5.5, 17],
			"to": [1.5, 10.5, 21],
			"rotation": {"angle": 22.5, "axis": "z", "origin": [8, 8, 9]},
			"faces": {
				"east": {"uv": [16, 1.375, 15.5, 1], "rotation": 90, "texture": "#0", "tintindex": 0},
				"west": {"uv": [16, 0.75, 15.5, 0.375], "rotation": 90, "texture": "#0", "tintindex": 0},
				"up": {"uv": [15, 0.75, 15.375, 1], "rotation": 90, "texture": "#0", "tintindex": 0},
				"down": {"uv": [15.375, 0.75, 15, 1], "rotation": 90, "texture": "#0", "tintindex": 0}
			}
		},
		{
			"from": [1.5, 10.5, 21],
			"to": [-1.5, 5.5, 17],
			"rotation": {"angle": 22.5, "axis": "z", "origin": [8, 8, 9]},
			"faces": {
				"east": {"uv": [16, 0.375, 15.5, 0.75], "rotation": 90, "texture": "#0", "tintindex": 0},
				"west": {"uv": [16, 1, 15.5, 1.375], "rotation": 90, "texture": "#0", "tintindex": 0},
				"up": {"uv": [15, 1, 15.375, 0.75], "rotation": 90, "texture": "#0", "tintindex": 0},
				"down": {"uv": [15.375, 1, 15, 0.75], "rotation": 90, "texture": "#0", "tintindex": 0}
			}
		},
		{
			"from": [6, 6, 10],
			"to": [10, 10, 21],
			"rotation": {"angle": 0, "axis": "y", "origin": [8, 8, 9]},
			"faces": {
				"north": {"uv": [3, 5.375, 3.5, 5.875], "rotation": 270, "texture": "#0"},
				"east": {"uv": [1.5, 5.875, 1, 4.5], "rotation": 90, "texture": "#0"},
				"south": {"uv": [3, 5.875, 3.5, 6.375], "rotation": 90, "texture": "#0"},
				"west": {"uv": [2, 4.5, 1.5, 5.875], "rotation": 90, "texture": "#0"},
				"up": {"uv": [1, 4, 2.375, 4.5], "rotation": 90, "texture": "#0"},
				"down": {"uv": [2.375, 4, 1, 4.5], "rotation": 90, "texture": "#0"}
			}
		},
		{
			"from": [9, 6, 15],
			"to": [17, 10, 23],
			"rotation": {"angle": 0, "axis": "y", "origin": [8, 8, 9]},
			"faces": {
				"north": {"uv": [2, 4.5, 2.5, 5.5], "rotation": 270, "texture": "#0"},
				"east": {"uv": [1.5, 6.875, 1, 5.875], "rotation": 90, "texture": "#0"},
				"south": {"uv": [2.5, 4, 3, 5], "rotation": 90, "texture": "#0"},
				"west": {"uv": [0.5, 7, 0, 6], "rotation": 90, "texture": "#0"},
				"up": {"uv": [0, 4, 1, 5], "rotation": 90, "texture": "#0"},
				"down": {"uv": [1, 4, 0, 5], "rotation": 90, "texture": "#0"}
			}
		},
		{
			"from": [-1, 6, 15],
			"to": [7, 10, 23],
			"rotation": {"angle": 0, "axis": "y", "origin": [8, 8, 9]},
			"faces": {
				"north": {"uv": [2, 5.5, 2.5, 6.5], "rotation": 270, "texture": "#0"},
				"east": {"uv": [2, 6.875, 1.5, 5.875], "rotation": 90, "texture": "#0"},
				"south": {"uv": [2.5, 5.5, 3, 6.5], "rotation": 90, "texture": "#0"},
				"west": {"uv": [1, 7, 0.5, 6], "rotation": 90, "texture": "#0"},
				"up": {"uv": [0, 5, 1, 6], "rotation": 90, "texture": "#0"},
				"down": {"uv": [0, 5, 1, 6], "rotation": 90, "texture": "#0"}
			}
		},
		{
			"from": [5.5, 5.5, 10.5],
			"to": [10.5, 10.5, 14.5],
			"rotation": {"angle": 0, "axis": "y", "origin": [8, 8, 9]},
			"faces": {
				"east": {"uv": [3.5, 4.375, 3, 4], "rotation": 90, "texture": "#0", "tintindex": 0},
				"west": {"uv": [4, 4.375, 3.5, 4], "rotation": 90, "texture": "#0", "tintindex": 0},
				"up": {"uv": [2.625, 5, 3, 5.5], "rotation": 90, "texture": "#0", "tintindex": 0},
				"down": {"uv": [2.625, 5, 3, 5.5], "rotation": 90, "texture": "#0", "tintindex": 0}
			}
		},
		{
			"from": [14.5, 5.5, 17],
			"to": [17.5, 10.5, 21],
			"rotation": {"angle": 0, "axis": "y", "origin": [8, 8, 9]},
			"faces": {
				"east": {"uv": [3.5, 4.75, 3, 4.375], "rotation": 90, "texture": "#0", "tintindex": 0},
				"west": {"uv": [3.5, 5.375, 3, 5], "rotation": 90, "texture": "#0", "tintindex": 0},
				"up": {"uv": [3.375, 4.75, 3.75, 5], "rotation": 90, "texture": "#0", "tintindex": 0},
				"down": {"uv": [3.75, 4.75, 3.375, 5], "rotation": 90, "texture": "#0", "tintindex": 0}
			}
		},
		{
			"from": [15, 10, 21],
			"to": [11, 6, 17],
			"rotation": {"angle": 0, "axis": "y", "origin": [8, 8, 9]},
			"faces": {
				"north": {"uv": [3.5, 5.875, 4, 6.375], "rotation": 270, "texture": "#0"},
				"east": {"uv": [3, 6.375, 3.5, 6.875], "rotation": 90, "texture": "#0"},
				"south": {"uv": [3.5, 6.375, 4, 6.875], "rotation": 90, "texture": "#0"},
				"west": {"uv": [3.5, 5.375, 4, 5.875], "rotation": 90, "texture": "#0"}
			}
		},
		{
			"from": [5, 10, 21],
			"to": [1, 6, 17],
			"rotation": {"angle": 0, "axis": "y", "origin": [8, 8, 9]},
			"faces": {
				"north": {"uv": [3.5, 6.375, 4, 5.875], "rotation": 270, "texture": "#0"},
				"east": {"uv": [3.5, 5.875, 4, 5.375], "rotation": 90, "texture": "#0"},
				"south": {"uv": [3.5, 6.875, 4, 6.375], "rotation": 90, "texture": "#0"},
				"west": {"uv": [3, 6.875, 3.5, 6.375], "rotation": 90, "texture": "#0"}
			}
		},
		{
			"from": [10.5, 10.5, 14.5],
			"to": [5.5, 5.5, 10.5],
			"rotation": {"angle": 0, "axis": "y", "origin": [8, 8, 9]},
			"faces": {
				"east": {"uv": [3.5, 4.375, 3, 4], "rotation": 90, "texture": "#0", "tintindex": 0},
				"west": {"uv": [4, 4.375, 3.5, 4], "rotation": 90, "texture": "#0", "tintindex": 0},
				"up": {"uv": [2.625, 5, 3, 5.5], "rotation": 90, "texture": "#0", "tintindex": 0},
				"down": {"uv": [2.625, 5, 3, 5.5], "rotation": 90, "texture": "#0", "tintindex": 0}
			}
		},
		{
			"from": [17.5, 10.5, 21],
			"to": [14.5, 5.5, 17],
			"rotation": {"angle": 0, "axis": "y", "origin": [8, 8, 9]},
			"faces": {
				"east": {"uv": [3.5, 5, 3, 5.375], "rotation": 90, "texture": "#0", "tintindex": 0},
				"west": {"uv": [3.5, 4.375, 3, 4.75], "rotation": 90, "texture": "#0", "tintindex": 0},
				"up": {"uv": [3.375, 5, 3.75, 4.75], "rotation": 90, "texture": "#0", "tintindex": 0},
				"down": {"uv": [3.75, 5, 3.375, 4.75], "rotation": 90, "texture": "#0", "tintindex": 0}
			}
		},
		{
			"from": [-1.5, 5.5, 17],
			"to": [1.5, 10.5, 21],
			"rotation": {"angle": 0, "axis": "y", "origin": [8, 8, 9]},
			"faces": {
				"east": {"uv": [4, 5.375, 3.5, 5], "rotation": 90, "texture": "#0", "tintindex": 0},
				"west": {"uv": [4, 4.75, 3.5, 4.375], "rotation": 90, "texture": "#0", "tintindex": 0},
				"up": {"uv": [3, 4.75, 3.375, 5], "rotation": 90, "texture": "#0", "tintindex": 0},
				"down": {"uv": [3.375, 4.75, 3, 5], "rotation": 90, "texture": "#0", "tintindex": 0}
			}
		},
		{
			"from": [1.5, 10.5, 21],
			"to": [-1.5, 5.5, 17],
			"rotation": {"angle": 0, "axis": "y", "origin": [8, 8, 9]},
			"faces": {
				"east": {"uv": [4, 4.375, 3.5, 4.75], "rotation": 90, "texture": "#0", "tintindex": 0},
				"west": {"uv": [4, 5, 3.5, 5.375], "rotation": 90, "texture": "#0", "tintindex": 0},
				"up": {"uv": [3, 5, 3.375, 4.75], "rotation": 90, "texture": "#0", "tintindex": 0},
				"down": {"uv": [3.375, 5, 3, 4.75], "rotation": 90, "texture": "#0", "tintindex": 0}
			}
		},
		{
			"from": [6, 6, 10],
			"to": [10, 10, 21],
			"rotation": {"angle": -22.5, "axis": "z", "origin": [8, 8, 9]},
			"faces": {
				"north": {"uv": [7, 5.375, 7.5, 5.875], "rotation": 270, "texture": "#0"},
				"east": {"uv": [5.5, 5.875, 5, 4.5], "rotation": 90, "texture": "#0"},
				"south": {"uv": [7, 5.875, 7.5, 6.375], "rotation": 90, "texture": "#0"},
				"west": {"uv": [6, 4.5, 5.5, 5.875], "rotation": 90, "texture": "#0"},
				"up": {"uv": [5, 4, 6.375, 4.5], "rotation": 90, "texture": "#0"},
				"down": {"uv": [6.375, 4, 5, 4.5], "rotation": 90, "texture": "#0"}
			}
		},
		{
			"from": [9, 6, 15],
			"to": [17, 10, 23],
			"rotation": {"angle": -22.5, "axis": "z", "origin": [8, 8, 9]},
			"faces": {
				"north": {"uv": [6, 4.5, 6.5, 5.5], "rotation": 270, "texture": "#0"},
				"east": {"uv": [5.5, 6.875, 5, 5.875], "rotation": 90, "texture": "#0"},
				"south": {"uv": [6.5, 4, 7, 5], "rotation": 90, "texture": "#0"},
				"west": {"uv": [4.5, 7, 4, 6], "rotation": 90, "texture": "#0"},
				"up": {"uv": [4, 4, 5, 5], "rotation": 90, "texture": "#0"},
				"down": {"uv": [5, 4, 4, 5], "rotation": 90, "texture": "#0"}
			}
		},
		{
			"from": [-1, 6, 15],
			"to": [7, 10, 23],
			"rotation": {"angle": -22.5, "axis": "z", "origin": [8, 8, 9]},
			"faces": {
				"north": {"uv": [6, 5.5, 6.5, 6.5], "rotation": 270, "texture": "#0"},
				"east": {"uv": [6, 6.875, 5.5, 5.875], "rotation": 90, "texture": "#0"},
				"south": {"uv": [6.5, 5.5, 7, 6.5], "rotation": 90, "texture": "#0"},
				"west": {"uv": [5, 7, 4.5, 6], "rotation": 90, "texture": "#0"},
				"up": {"uv": [4, 5, 5, 6], "rotation": 90, "texture": "#0"},
				"down": {"uv": [4, 5, 5, 6], "rotation": 90, "texture": "#0"}
			}
		},
		{
			"from": [5.5, 5.5, 10.5],
			"to": [10.5, 10.5, 14.5],
			"rotation": {"angle": -22.5, "axis": "z", "origin": [8, 8, 9]},
			"faces": {
				"east": {"uv": [7.5, 4.375, 7, 4], "rotation": 90, "texture": "#0", "tintindex": 0},
				"west": {"uv": [8, 4.375, 7.5, 4], "rotation": 90, "texture": "#0", "tintindex": 0},
				"up": {"uv": [6.625, 5, 7, 5.5], "rotation": 90, "texture": "#0", "tintindex": 0},
				"down": {"uv": [6.625, 5, 7, 5.5], "rotation": 90, "texture": "#0", "tintindex": 0}
			}
		},
		{
			"from": [14.5, 5.5, 17],
			"to": [17.5, 10.5, 21],
			"rotation": {"angle": -22.5, "axis": "z", "origin": [8, 8, 9]},
			"faces": {
				"east": {"uv": [7.5, 4.75, 7, 4.375], "rotation": 90, "texture": "#0", "tintindex": 0},
				"west": {"uv": [7.5, 5.375, 7, 5], "rotation": 90, "texture": "#0", "tintindex": 0},
				"up": {"uv": [7.375, 4.75, 7.75, 5], "rotation": 90, "texture": "#0", "tintindex": 0},
				"down": {"uv": [7.75, 4.75, 7.375, 5], "rotation": 90, "texture": "#0", "tintindex": 0}
			}
		},
		{
			"from": [15, 10, 21],
			"to": [11, 6, 17],
			"rotation": {"angle": -22.5, "axis": "z", "origin": [8, 8, 9]},
			"faces": {
				"north": {"uv": [7.5, 5.875, 8, 6.375], "rotation": 270, "texture": "#0"},
				"east": {"uv": [7, 6.375, 7.5, 6.875], "rotation": 90, "texture": "#0"},
				"south": {"uv": [7.5, 6.375, 8, 6.875], "rotation": 90, "texture": "#0"},
				"west": {"uv": [7.5, 5.375, 8, 5.875], "rotation": 90, "texture": "#0"}
			}
		},
		{
			"from": [5, 10, 21],
			"to": [1, 6, 17],
			"rotation": {"angle": -22.5, "axis": "z", "origin": [8, 8, 9]},
			"faces": {
				"north": {"uv": [7.5, 6.375, 8, 5.875], "rotation": 270, "texture": "#0"},
				"east": {"uv": [7.5, 5.875, 8, 5.375], "rotation": 90, "texture": "#0"},
				"south": {"uv": [7.5, 6.875, 8, 6.375], "rotation": 90, "texture": "#0"},
				"west": {"uv": [7, 6.875, 7.5, 6.375], "rotation": 90, "texture": "#0"}
			}
		},
		{
			"from": [10.5, 10.5, 14.5],
			"to": [5.5, 5.5, 10.5],
			"rotation": {"angle": -22.5, "axis": "z", "origin": [8, 8, 9]},
			"faces": {
				"east": {"uv": [7.5, 4.375, 7, 4], "rotation": 90, "texture": "#0", "tintindex": 0},
				"west": {"uv": [8, 4.375, 7.5, 4], "rotation": 90, "texture": "#0", "tintindex": 0},
				"up": {"uv": [6.625, 5, 7, 5.5], "rotation": 90, "texture": "#0", "tintindex": 0},
				"down": {"uv": [6.625, 5, 7, 5.5], "rotation": 90, "texture": "#0", "tintindex": 0}
			}
		},
		{
			"from": [17.5, 10.5, 21],
			"to": [14.5, 5.5, 17],
			"rotation": {"angle": -22.5, "axis": "z", "origin": [8, 8, 9]},
			"faces": {
				"east": {"uv": [7.5, 5, 7, 5.375], "rotation": 90, "texture": "#0", "tintindex": 0},
				"west": {"uv": [7.5, 4.375, 7, 4.75], "rotation": 90, "texture": "#0", "tintindex": 0},
				"up": {"uv": [7.375, 5, 7.75, 4.75], "rotation": 90, "texture": "#0", "tintindex": 0},
				"down": {"uv": [7.75, 5, 7.375, 4.75], "rotation": 90, "texture": "#0", "tintindex": 0}
			}
		},
		{
			"from": [-1.5, 5.5, 17],
			"to": [1.5, 10.5, 21],
			"rotation": {"angle": -22.5, "axis": "z", "origin": [8, 8, 9]},
			"faces": {
				"east": {"uv": [8, 5.375, 7.5, 5], "rotation": 90, "texture": "#0", "tintindex": 0},
				"west": {"uv": [8, 4.75, 7.5, 4.375], "rotation": 90, "texture": "#0", "tintindex": 0},
				"up": {"uv": [7, 4.75, 7.375, 5], "rotation": 90, "texture": "#0", "tintindex": 0},
				"down": {"uv": [7.375, 4.75, 7, 5], "rotation": 90, "texture": "#0", "tintindex": 0}
			}
		},
		{
			"from": [1.5, 10.5, 21],
			"to": [-1.5, 5.5, 17],
			"rotation": {"angle": -22.5, "axis": "z", "origin": [8, 8, 9]},
			"faces": {
				"east": {"uv": [8, 4.375, 7.5, 4.75], "rotation": 90, "texture": "#0", "tintindex": 0},
				"west": {"uv": [8, 5, 7.5, 5.375], "rotation": 90, "texture": "#0", "tintindex": 0},
				"up": {"uv": [7, 5, 7.375, 4.75], "rotation": 90, "texture": "#0", "tintindex": 0},
				"down": {"uv": [7.375, 5, 7, 4.75], "rotation": 90, "texture": "#0", "tintindex": 0}
			}
		},
		{
			"from": [6, 6, 10],
			"to": [10, 10, 21],
			"rotation": {"angle": -45, "axis": "z", "origin": [8, 8, 9]},
			"faces": {
				"north": {"uv": [11, 5.375, 11.5, 5.875], "rotation": 270, "texture": "#0"},
				"east": {"uv": [9.5, 5.875, 9, 4.5], "rotation": 90, "texture": "#0"},
				"south": {"uv": [11, 5.875, 11.5, 6.375], "rotation": 90, "texture": "#0"},
				"west": {"uv": [10, 4.5, 9.5, 5.875], "rotation": 90, "texture": "#0"},
				"up": {"uv": [9, 4, 10.375, 4.5], "rotation": 90, "texture": "#0"},
				"down": {"uv": [10.375, 4, 9, 4.5], "rotation": 90, "texture": "#0"}
			}
		},
		{
			"from": [9, 6, 15],
			"to": [17, 10, 23],
			"rotation": {"angle": -45, "axis": "z", "origin": [8, 8, 9]},
			"faces": {
				"north": {"uv": [10, 4.5, 10.5, 5.5], "rotation": 270, "texture": "#0"},
				"east": {"uv": [9.5, 6.875, 9, 5.875], "rotation": 90, "texture": "#0"},
				"south": {"uv": [10.5, 4, 11, 5], "rotation": 90, "texture": "#0"},
				"west": {"uv": [8.5, 7, 8, 6], "rotation": 90, "texture": "#0"},
				"up": {"uv": [8, 4, 9, 5], "rotation": 90, "texture": "#0"},
				"down": {"uv": [9, 4, 8, 5], "rotation": 90, "texture": "#0"}
			}
		},
		{
			"from": [-1, 6, 15],
			"to": [7, 10, 23],
			"rotation": {"angle": -45, "axis": "z", "origin": [8, 8, 9]},
			"faces": {
				"north": {"uv": [10, 5.5, 10.5, 6.5], "rotation": 270, "texture": "#0"},
				"east": {"uv": [10, 6.875, 9.5, 5.875], "rotation": 90, "texture": "#0"},
				"south": {"uv": [10.5, 5.5, 11, 6.5], "rotation": 90, "texture": "#0"},
				"west": {"uv": [9, 7, 8.5, 6], "rotation": 90, "texture": "#0"},
				"up": {"uv": [8, 5, 9, 6], "rotation": 90, "texture": "#0"},
				"down": {"uv": [8, 5, 9, 6], "rotation": 90, "texture": "#0"}
			}
		},
		{
			"from": [5.5, 5.5, 10.5],
			"to": [10.5, 10.5, 14.5],
			"rotation": {"angle": -45, "axis": "z", "origin": [8, 8, 9]},
			"faces": {
				"east": {"uv": [11.5, 4.375, 11, 4], "rotation": 90, "texture": "#0", "tintindex": 0},
				"west": {"uv": [12, 4.375, 11.5, 4], "rotation": 90, "texture": "#0", "tintindex": 0},
				"up": {"uv": [10.625, 5, 11, 5.5], "rotation": 90, "texture": "#0", "tintindex": 0},
				"down": {"uv": [10.625, 5, 11, 5.5], "rotation": 90, "texture": "#0", "tintindex": 0}
			}
		},
		{
			"from": [14.5, 5.5, 17],
			"to": [17.5, 10.5, 21],
			"rotation": {"angle": -45, "axis": "z", "origin": [8, 8, 9]},
			"faces": {
				"east": {"uv": [11.5, 4.75, 11, 4.375], "rotation": 90, "texture": "#0", "tintindex": 0},
				"west": {"uv": [11.5, 5.375, 11, 5], "rotation": 90, "texture": "#0", "tintindex": 0},
				"up": {"uv": [11.375, 4.75, 11.75, 5], "rotation": 90, "texture": "#0", "tintindex": 0},
				"down": {"uv": [11.75, 4.75, 11.375, 5], "rotation": 90, "texture": "#0", "tintindex": 0}
			}
		},
		{
			"from": [15, 10, 21],
			"to": [11, 6, 17],
			"rotation": {"angle": -45, "axis": "z", "origin": [8, 8, 9]},
			"faces": {
				"north": {"uv": [11.5, 5.875, 12, 6.375], "rotation": 270, "texture": "#0"},
				"east": {"uv": [11, 6.375, 11.5, 6.875], "rotation": 90, "texture": "#0"},
				"south": {"uv": [11.5, 6.375, 12, 6.875], "rotation": 90, "texture": "#0"},
				"west": {"uv": [11.5, 5.375, 12, 5.875], "rotation": 90, "texture": "#0"}
			}
		},
		{
			"from": [5, 10, 21],
			"to": [1, 6, 17],
			"rotation": {"angle": -45, "axis": "z", "origin": [8, 8, 9]},
			"faces": {
				"north": {"uv": [11.5, 6.375, 12, 5.875], "rotation": 270, "texture": "#0"},
				"east": {"uv": [11.5, 5.875, 12, 5.375], "rotation": 90, "texture": "#0"},
				"south": {"uv": [11.5, 6.875, 12, 6.375], "rotation": 90, "texture": "#0"},
				"west": {"uv": [11, 6.875, 11.5, 6.375], "rotation": 90, "texture": "#0"}
			}
		},
		{
			"from": [10.5, 10.5, 14.5],
			"to": [5.5, 5.5, 10.5],
			"rotation": {"angle": -45, "axis": "z", "origin": [8, 8, 9]},
			"faces": {
				"east": {"uv": [11.5, 4.375, 11, 4], "rotation": 90, "texture": "#0", "tintindex": 0},
				"west": {"uv": [12, 4.375, 11.5, 4], "rotation": 90, "texture": "#0", "tintindex": 0},
				"up": {"uv": [10.625, 5, 11, 5.5], "rotation": 90, "texture": "#0", "tintindex": 0},
				"down": {"uv": [10.625, 5, 11, 5.5], "rotation": 90, "texture": "#0", "tintindex": 0}
			}
		},
		{
			"from": [17.5, 10.5, 21],
			"to": [14.5, 5.5, 17],
			"rotation": {"angle": -45, "axis": "z", "origin": [8, 8, 9]},
			"faces": {
				"east": {"uv": [11.5, 5, 11, 5.375], "rotation": 90, "texture": "#0", "tintindex": 0},
				"west": {"uv": [11.5, 4.375, 11, 4.75], "rotation": 90, "texture": "#0", "tintindex": 0},
				"up": {"uv": [11.375, 5, 11.75, 4.75], "rotation": 90, "texture": "#0", "tintindex": 0},
				"down": {"uv": [11.75, 5, 11.375, 4.75], "rotation": 90, "texture": "#0", "tintindex": 0}
			}
		},
		{
			"from": [-1.5, 5.5, 17],
			"to": [1.5, 10.5, 21],
			"rotation": {"angle": -45, "axis": "z", "origin": [8, 8, 9]},
			"faces": {
				"east": {"uv": [12, 5.375, 11.5, 5], "rotation": 90, "texture": "#0", "tintindex": 0},
				"west": {"uv": [12, 4.75, 11.5, 4.375], "rotation": 90, "texture": "#0", "tintindex": 0},
				"up": {"uv": [11, 4.75, 11.375, 5], "rotation": 90, "texture": "#0", "tintindex": 0},
				"down": {"uv": [11.375, 4.75, 11, 5], "rotation": 90, "texture": "#0", "tintindex": 0}
			}
		},
		{
			"from": [1.5, 10.5, 21],
			"to": [-1.5, 5.5, 17],
			"rotation": {"angle": -45, "axis": "z", "origin": [8, 8, 9]},
			"faces": {
				"east": {"uv": [12, 4.375, 11.5, 4.75], "rotation": 90, "texture": "#0", "tintindex": 0},
				"west": {"uv": [12, 5, 11.5, 5.375], "rotation": 90, "texture": "#0", "tintindex": 0},
				"up": {"uv": [11, 5, 11.375, 4.75], "rotation": 90, "texture": "#0", "tintindex": 0},
				"down": {"uv": [11.375, 5, 11, 4.75], "rotation": 90, "texture": "#0", "tintindex": 0}
			}
		},
		{
			"from": [6, 6, 10],
			"to": [10, 10, 21],
			"rotation": {"angle": 22.5, "axis": "z", "origin": [8, 8, 9]},
			"faces": {
				"north": {"uv": [15, 5.375, 15.5, 5.875], "rotation": 180, "texture": "#0"},
				"east": {"uv": [13, 4, 14.375, 4.5], "rotation": 180, "texture": "#0"},
				"south": {"uv": [15, 5.875, 15.5, 6.375], "rotation": 180, "texture": "#0"},
				"west": {"uv": [14.375, 4, 13, 4.5], "rotation": 180, "texture": "#0"},
				"up": {"uv": [14, 4.5, 13.5, 5.875], "rotation": 180, "texture": "#0"},
				"down": {"uv": [13.5, 5.875, 13, 4.5], "rotation": 180, "texture": "#0"}
			}
		},
		{
			"from": [6, -1, 15],
			"to": [10, 7, 23],
			"rotation": {"angle": 22.5, "axis": "z", "origin": [8, 8, 9]},
			"faces": {
				"north": {"uv": [14, 4.5, 14.5, 5.5], "rotation": 180, "texture": "#0"},
				"east": {"uv": [12, 4, 13, 5], "rotation": 180, "texture": "#0"},
				"south": {"uv": [14.5, 4, 15, 5], "rotation": 180, "texture": "#0"},
				"west": {"uv": [13, 4, 12, 5], "rotation": 180, "texture": "#0"},
				"up": {"uv": [12.5, 7, 12, 6], "rotation": 180, "texture": "#0"},
				"down": {"uv": [13.5, 6.875, 13, 5.875], "rotation": 180, "texture": "#0"}
			}
		},
		{
			"from": [6, 9, 15],
			"to": [10, 17, 23],
			"rotation": {"angle": 22.5, "axis": "z", "origin": [8, 8, 9]},
			"faces": {
				"north": {"uv": [14, 5.5, 14.5, 6.5], "rotation": 180, "texture": "#0"},
				"east": {"uv": [12, 5, 13, 6], "rotation": 180, "texture": "#0"},
				"south": {"uv": [14.5, 5.5, 15, 6.5], "rotation": 180, "texture": "#0"},
				"west": {"uv": [12, 5, 13, 6], "rotation": 180, "texture": "#0"},
				"up": {"uv": [13, 7, 12.5, 6], "rotation": 180, "texture": "#0"},
				"down": {"uv": [14, 6.875, 13.5, 5.875], "rotation": 180, "texture": "#0"}
			}
		},
		{
			"from": [5.5, 5.5, 10.5],
			"to": [10.5, 10.5, 14.5],
			"rotation": {"angle": 22.5, "axis": "z", "origin": [8, 8, 9]},
			"faces": {
				"east": {"uv": [14.625, 5, 15, 5.5], "rotation": 180, "texture": "#0", "tintindex": 0},
				"west": {"uv": [14.625, 5, 15, 5.5], "rotation": 180, "texture": "#0", "tintindex": 0},
				"up": {"uv": [16, 4.375, 15.5, 4], "rotation": 180, "texture": "#0", "tintindex": 0},
				"down": {"uv": [15.5, 4.375, 15, 4], "rotation": 180, "texture": "#0", "tintindex": 0}
			}
		},
		{
			"from": [5.5, -1.5, 17],
			"to": [10.5, 1.5, 21],
			"rotation": {"angle": 22.5, "axis": "z", "origin": [8, 8, 9]},
			"faces": {
				"east": {"uv": [15.375, 4.75, 15.75, 5], "rotation": 180, "texture": "#0", "tintindex": 0},
				"west": {"uv": [15.75, 4.75, 15.375, 5], "rotation": 180, "texture": "#0", "tintindex": 0},
				"up": {"uv": [15.5, 5.375, 15, 5], "rotation": 180, "texture": "#0", "tintindex": 0},
				"down": {"uv": [15.5, 4.75, 15, 4.375], "rotation": 180, "texture": "#0", "tintindex": 0}
			}
		},
		{
			"from": [10, 5, 21],
			"to": [6, 1, 17],
			"rotation": {"angle": 22.5, "axis": "z", "origin": [8, 8, 9]},
			"faces": {
				"north": {"uv": [15.5, 5.875, 16, 6.375], "rotation": 180, "texture": "#0"},
				"south": {"uv": [15.5, 6.375, 16, 6.875], "rotation": 180, "texture": "#0"},
				"up": {"uv": [15.5, 5.375, 16, 5.875], "rotation": 180, "texture": "#0"},
				"down": {"uv": [15, 6.375, 15.5, 6.875], "rotation": 180, "texture": "#0"}
			}
		},
		{
			"from": [10, 15, 21],
			"to": [6, 11, 17],
			"rotation": {"angle": 22.5, "axis": "z", "origin": [8, 8, 9]},
			"faces": {
				"north": {"uv": [15.5, 6.375, 16, 5.875], "rotation": 180, "texture": "#0"},
				"south": {"uv": [15.5, 6.875, 16, 6.375], "rotation": 180, "texture": "#0"},
				"up": {"uv": [15, 6.875, 15.5, 6.375], "rotation": 180, "texture": "#0"},
				"down": {"uv": [15.5, 5.875, 16, 5.375], "rotation": 180, "texture": "#0"}
			}
		},
		{
			"from": [10.5, 10.5, 14.5],
			"to": [5.5, 5.5, 10.5],
			"rotation": {"angle": 22.5, "axis": "z", "origin": [8, 8, 9]},
			"faces": {
				"east": {"uv": [14.625, 5, 15, 5.5], "rotation": 180, "texture": "#0", "tintindex": 0},
				"west": {"uv": [14.625, 5, 15, 5.5], "rotation": 180, "texture": "#0", "tintindex": 0},
				"up": {"uv": [16, 4.375, 15.5, 4], "rotation": 180, "texture": "#0", "tintindex": 0},
				"down": {"uv": [15.5, 4.375, 15, 4], "rotation": 180, "texture": "#0", "tintindex": 0}
			}
		},
		{
			"from": [10.5, 1.5, 21],
			"to": [5.5, -1.5, 17],
			"rotation": {"angle": 22.5, "axis": "z", "origin": [8, 8, 9]},
			"faces": {
				"east": {"uv": [15.375, 5, 15.75, 4.75], "rotation": 180, "texture": "#0", "tintindex": 0},
				"west": {"uv": [15.75, 5, 15.375, 4.75], "rotation": 180, "texture": "#0", "tintindex": 0},
				"up": {"uv": [15.5, 4.375, 15, 4.75], "rotation": 180, "texture": "#0", "tintindex": 0},
				"down": {"uv": [15.5, 5, 15, 5.375], "rotation": 180, "texture": "#0", "tintindex": 0}
			}
		},
		{
			"from": [5.5, 14.5, 17],
			"to": [10.5, 17.5, 21],
			"rotation": {"angle": 22.5, "axis": "z", "origin": [8, 8, 9]},
			"faces": {
				"east": {"uv": [15, 4.75, 15.375, 5], "rotation": 180, "texture": "#0", "tintindex": 0},
				"west": {"uv": [15.375, 4.75, 15, 5], "rotation": 180, "texture": "#0", "tintindex": 0},
				"up": {"uv": [16, 4.75, 15.5, 4.375], "rotation": 180, "texture": "#0", "tintindex": 0},
				"down": {"uv": [16, 5.375, 15.5, 5], "rotation": 180, "texture": "#0", "tintindex": 0}
			}
		},
		{
			"from": [10.5, 17.5, 21],
			"to": [5.5, 14.5, 17],
			"rotation": {"angle": 22.5, "axis": "z", "origin": [8, 8, 9]},
			"faces": {
				"east": {"uv": [15, 5, 15.375, 4.75], "rotation": 180, "texture": "#0", "tintindex": 0},
				"west": {"uv": [15.375, 5, 15, 4.75], "rotation": 180, "texture": "#0", "tintindex": 0},
				"up": {"uv": [16, 5, 15.5, 5.375], "rotation": 180, "texture": "#0", "tintindex": 0},
				"down": {"uv": [16, 4.375, 15.5, 4.75], "rotation": 180, "texture": "#0", "tintindex": 0}
			}
		},
		{
			"from": [6, 6, 10],
			"to": [10, 10, 21],
			"rotation": {"angle": 0, "axis": "y", "origin": [8, 8, 9]},
			"faces": {
				"north": {"uv": [3, 9.375, 3.5, 9.875], "rotation": 180, "texture": "#0"},
				"east": {"uv": [1, 8, 2.375, 8.5], "rotation": 180, "texture": "#0"},
				"south": {"uv": [3, 9.875, 3.5, 10.375], "rotation": 180, "texture": "#0"},
				"west": {"uv": [2.375, 8, 1, 8.5], "rotation": 180, "texture": "#0"},
				"up": {"uv": [2, 8.5, 1.5, 9.875], "rotation": 180, "texture": "#0"},
				"down": {"uv": [1.5, 9.875, 1, 8.5], "rotation": 180, "texture": "#0"}
			}
		},
		{
			"from": [6, -1, 15],
			"to": [10, 7, 23],
			"rotation": {"angle": 0, "axis": "y", "origin": [8, 8, 9]},
			"faces": {
				"north": {"uv": [2, 8.5, 2.5, 9.5], "rotation": 180, "texture": "#0"},
				"east": {"uv": [0, 8, 1, 9], "rotation": 180, "texture": "#0"},
				"south": {"uv": [2.5, 8, 3, 9], "rotation": 180, "texture": "#0"},
				"west": {"uv": [1, 8, 0, 9], "rotation": 180, "texture": "#0"},
				"up": {"uv": [0.5, 11, 0, 10], "rotation": 180, "texture": "#0"},
				"down": {"uv": [1.5, 10.875, 1, 9.875], "rotation": 180, "texture": "#0"}
			}
		},
		{
			"from": [6, 9, 15],
			"to": [10, 17, 23],
			"rotation": {"angle": 0, "axis": "y", "origin": [8, 8, 9]},
			"faces": {
				"north": {"uv": [2, 9.5, 2.5, 10.5], "rotation": 180, "texture": "#0"},
				"east": {"uv": [0, 9, 1, 10], "rotation": 180, "texture": "#0"},
				"south": {"uv": [2.5, 9.5, 3, 10.5], "rotation": 180, "texture": "#0"},
				"west": {"uv": [0, 9, 1, 10], "rotation": 180, "texture": "#0"},
				"up": {"uv": [1, 11, 0.5, 10], "rotation": 180, "texture": "#0"},
				"down": {"uv": [2, 10.875, 1.5, 9.875], "rotation": 180, "texture": "#0"}
			}
		},
		{
			"from": [5.5, 5.5, 10.5],
			"to": [10.5, 10.5, 14.5],
			"rotation": {"angle": 0, "axis": "y", "origin": [8, 8, 9]},
			"faces": {
				"east": {"uv": [2.625, 9, 3, 9.5], "rotation": 180, "texture": "#0", "tintindex": 0},
				"west": {"uv": [2.625, 9, 3, 9.5], "rotation": 180, "texture": "#0", "tintindex": 0},
				"up": {"uv": [4, 8.375, 3.5, 8], "rotation": 180, "texture": "#0", "tintindex": 0},
				"down": {"uv": [3.5, 8.375, 3, 8], "rotation": 180, "texture": "#0", "tintindex": 0}
			}
		},
		{
			"from": [5.5, -1.5, 17],
			"to": [10.5, 1.5, 21],
			"rotation": {"angle": 0, "axis": "y", "origin": [8, 8, 9]},
			"faces": {
				"east": {"uv": [3.375, 8.75, 3.75, 9], "rotation": 180, "texture": "#0", "tintindex": 0},
				"west": {"uv": [3.75, 8.75, 3.375, 9], "rotation": 180, "texture": "#0", "tintindex": 0},
				"up": {"uv": [3.5, 9.375, 3, 9], "rotation": 180, "texture": "#0", "tintindex": 0},
				"down": {"uv": [3.5, 8.75, 3, 8.375], "rotation": 180, "texture": "#0", "tintindex": 0}
			}
		},
		{
			"from": [10, 5, 21],
			"to": [6, 1, 17],
			"rotation": {"angle": 0, "axis": "y", "origin": [8, 8, 9]},
			"faces": {
				"north": {"uv": [3.5, 9.875, 4, 10.375], "rotation": 180, "texture": "#0"},
				"south": {"uv": [3.5, 10.375, 4, 10.875], "rotation": 180, "texture": "#0"},
				"up": {"uv": [3.5, 9.375, 4, 9.875], "rotation": 180, "texture": "#0"},
				"down": {"uv": [3, 10.375, 3.5, 10.875], "rotation": 180, "texture": "#0"}
			}
		},
		{
			"from": [10, 15, 21],
			"to": [6, 11, 17],
			"rotation": {"angle": 0, "axis": "y", "origin": [8, 8, 9]},
			"faces": {
				"north": {"uv": [3.5, 10.375, 4, 9.875], "rotation": 180, "texture": "#0"},
				"south": {"uv": [3.5, 10.875, 4, 10.375], "rotation": 180, "texture": "#0"},
				"up": {"uv": [3, 10.875, 3.5, 10.375], "rotation": 180, "texture": "#0"},
				"down": {"uv": [3.5, 9.875, 4, 9.375], "rotation": 180, "texture": "#0"}
			}
		},
		{
			"from": [10.5, 10.5, 14.5],
			"to": [5.5, 5.5, 10.5],
			"rotation": {"angle": 0, "axis": "y", "origin": [8, 8, 9]},
			"faces": {
				"east": {"uv": [2.625, 9, 3, 9.5], "rotation": 180, "texture": "#0", "tintindex": 0},
				"west": {"uv": [2.625, 9, 3, 9.5], "rotation": 180, "texture": "#0", "tintindex": 0},
				"up": {"uv": [4, 8.375, 3.5, 8], "rotation": 180, "texture": "#0", "tintindex": 0},
				"down": {"uv": [3.5, 8.375, 3, 8], "rotation": 180, "texture": "#0", "tintindex": 0}
			}
		},
		{
			"from": [10.5, 1.5, 21],
			"to": [5.5, -1.5, 17],
			"rotation": {"angle": 0, "axis": "y", "origin": [8, 8, 9]},
			"faces": {
				"east": {"uv": [3.375, 9, 3.75, 8.75], "rotation": 180, "texture": "#0", "tintindex": 0},
				"west": {"uv": [3.75, 9, 3.375, 8.75], "rotation": 180, "texture": "#0", "tintindex": 0},
				"up": {"uv": [3.5, 8.375, 3, 8.75], "rotation": 180, "texture": "#0", "tintindex": 0},
				"down": {"uv": [3.5, 9, 3, 9.375], "rotation": 180, "texture": "#0", "tintindex": 0}
			}
		},
		{
			"from": [5.5, 14.5, 17],
			"to": [10.5, 17.5, 21],
			"rotation": {"angle": 0, "axis": "y", "origin": [8, 8, 9]},
			"faces": {
				"east": {"uv": [3, 8.75, 3.375, 9], "rotation": 180, "texture": "#0", "tintindex": 0},
				"west": {"uv": [3.375, 8.75, 3, 9], "rotation": 180, "texture": "#0", "tintindex": 0},
				"up": {"uv": [4, 8.75, 3.5, 8.375], "rotation": 180, "texture": "#0", "tintindex": 0},
				"down": {"uv": [4, 9.375, 3.5, 9], "rotation": 180, "texture": "#0", "tintindex": 0}
			}
		},
		{
			"from": [10.5, 17.5, 21],
			"to": [5.5, 14.5, 17],
			"rotation": {"angle": 0, "axis": "y", "origin": [8, 8, 9]},
			"faces": {
				"east": {"uv": [3, 9, 3.375, 8.75], "rotation": 180, "texture": "#0", "tintindex": 0},
				"west": {"uv": [3.375, 9, 3, 8.75], "rotation": 180, "texture": "#0", "tintindex": 0},
				"up": {"uv": [4, 9, 3.5, 9.375], "rotation": 180, "texture": "#0", "tintindex": 0},
				"down": {"uv": [4, 8.375, 3.5, 8.75], "rotation": 180, "texture": "#0", "tintindex": 0}
			}
		},
		{
			"from": [6, 6, 10],
			"to": [10, 10, 21],
			"rotation": {"angle": -22.5, "axis": "z", "origin": [8, 8, 9]},
			"faces": {
				"north": {"uv": [7, 9.375, 7.5, 9.875], "rotation": 180, "texture": "#0"},
				"east": {"uv": [5, 8, 6.375, 8.5], "rotation": 180, "texture": "#0"},
				"south": {"uv": [7, 9.875, 7.5, 10.375], "rotation": 180, "texture": "#0"},
				"west": {"uv": [6.375, 8, 5, 8.5], "rotation": 180, "texture": "#0"},
				"up": {"uv": [6, 8.5, 5.5, 9.875], "rotation": 180, "texture": "#0"},
				"down": {"uv": [5.5, 9.875, 5, 8.5], "rotation": 180, "texture": "#0"}
			}
		},
		{
			"from": [6, -1, 15],
			"to": [10, 7, 23],
			"rotation": {"angle": -22.5, "axis": "z", "origin": [8, 8, 9]},
			"faces": {
				"north": {"uv": [6, 8.5, 6.5, 9.5], "rotation": 180, "texture": "#0"},
				"east": {"uv": [4, 8, 5, 9], "rotation": 180, "texture": "#0"},
				"south": {"uv": [6.5, 8, 7, 9], "rotation": 180, "texture": "#0"},
				"west": {"uv": [5, 8, 4, 9], "rotation": 180, "texture": "#0"},
				"up": {"uv": [4.5, 11, 4, 10], "rotation": 180, "texture": "#0"},
				"down": {"uv": [5.5, 10.875, 5, 9.875], "rotation": 180, "texture": "#0"}
			}
		},
		{
			"from": [6, 9, 15],
			"to": [10, 17, 23],
			"rotation": {"angle": -22.5, "axis": "z", "origin": [8, 8, 9]},
			"faces": {
				"north": {"uv": [6, 9.5, 6.5, 10.5], "rotation": 180, "texture": "#0"},
				"east": {"uv": [4, 9, 5, 10], "rotation": 180, "texture": "#0"},
				"south": {"uv": [6.5, 9.5, 7, 10.5], "rotation": 180, "texture": "#0"},
				"west": {"uv": [4, 9, 5, 10], "rotation": 180, "texture": "#0"},
				"up": {"uv": [5, 11, 4.5, 10], "rotation": 180, "texture": "#0"},
				"down": {"uv": [6, 10.875, 5.5, 9.875], "rotation": 180, "texture": "#0"}
			}
		},
		{
			"from": [5.5, 5.5, 10.5],
			"to": [10.5, 10.5, 14.5],
			"rotation": {"angle": -22.5, "axis": "z", "origin": [8, 8, 9]},
			"faces": {
				"east": {"uv": [6.625, 9, 7, 9.5], "rotation": 180, "texture": "#0", "tintindex": 0},
				"west": {"uv": [6.625, 9, 7, 9.5], "rotation": 180, "texture": "#0", "tintindex": 0},
				"up": {"uv": [8, 8.375, 7.5, 8], "rotation": 180, "texture": "#0", "tintindex": 0},
				"down": {"uv": [7.5, 8.375, 7, 8], "rotation": 180, "texture": "#0", "tintindex": 0}
			}
		},
		{
			"from": [5.5, -1.5, 17],
			"to": [10.5, 1.5, 21],
			"rotation": {"angle": -22.5, "axis": "z", "origin": [8, 8, 9]},
			"faces": {
				"east": {"uv": [7.375, 8.75, 7.75, 9], "rotation": 180, "texture": "#0", "tintindex": 0},
				"west": {"uv": [7.75, 8.75, 7.375, 9], "rotation": 180, "texture": "#0", "tintindex": 0},
				"up": {"uv": [7.5, 9.375, 7, 9], "rotation": 180, "texture": "#0", "tintindex": 0},
				"down": {"uv": [7.5, 8.75, 7, 8.375], "rotation": 180, "texture": "#0", "tintindex": 0}
			}
		},
		{
			"from": [10, 5, 21],
			"to": [6, 1, 17],
			"rotation": {"angle": -22.5, "axis": "z", "origin": [8, 8, 9]},
			"faces": {
				"north": {"uv": [7.5, 9.875, 8, 10.375], "rotation": 180, "texture": "#0"},
				"south": {"uv": [7.5, 10.375, 8, 10.875], "rotation": 180, "texture": "#0"},
				"up": {"uv": [7.5, 9.375, 8, 9.875], "rotation": 180, "texture": "#0"},
				"down": {"uv": [7, 10.375, 7.5, 10.875], "rotation": 180, "texture": "#0"}
			}
		},
		{
			"from": [10, 15, 21],
			"to": [6, 11, 17],
			"rotation": {"angle": -22.5, "axis": "z", "origin": [8, 8, 9]},
			"faces": {
				"north": {"uv": [7.5, 10.375, 8, 9.875], "rotation": 180, "texture": "#0"},
				"south": {"uv": [7.5, 10.875, 8, 10.375], "rotation": 180, "texture": "#0"},
				"up": {"uv": [7, 10.875, 7.5, 10.375], "rotation": 180, "texture": "#0"},
				"down": {"uv": [7.5, 9.875, 8, 9.375], "rotation": 180, "texture": "#0"}
			}
		},
		{
			"from": [10.5, 10.5, 14.5],
			"to": [5.5, 5.5, 10.5],
			"rotation": {"angle": -22.5, "axis": "z", "origin": [8, 8, 9]},
			"faces": {
				"east": {"uv": [6.625, 9, 7, 9.5], "rotation": 180, "texture": "#0", "tintindex": 0},
				"west": {"uv": [6.625, 9, 7, 9.5], "rotation": 180, "texture": "#0", "tintindex": 0},
				"up": {"uv": [8, 8.375, 7.5, 8], "rotation": 180, "texture": "#0", "tintindex": 0},
				"down": {"uv": [7.5, 8.375, 7, 8], "rotation": 180, "texture": "#0", "tintindex": 0}
			}
		},
		{
			"from": [10.5, 1.5, 21],
			"to": [5.5, -1.5, 17],
			"rotation": {"angle": -22.5, "axis": "z", "origin": [8, 8, 9]},
			"faces": {
				"east": {"uv": [7.375, 9, 7.75, 8.75], "rotation": 180, "texture": "#0", "tintindex": 0},
				"west": {"uv": [7.75, 9, 7.375, 8.75], "rotation": 180, "texture": "#0", "tintindex": 0},
				"up": {"uv": [7.5, 8.375, 7, 8.75], "rotation": 180, "texture": "#0", "tintindex": 0},
				"down": {"uv": [7.5, 9, 7, 9.375], "rotation": 180, "texture": "#0", "tintindex": 0}
			}
		},
		{
			"from": [5.5, 14.5, 17],
			"to": [10.5, 17.5, 21],
			"rotation": {"angle": -22.5, "axis": "z", "origin": [8, 8, 9]},
			"faces": {
				"east": {"uv": [7, 8.75, 7.375, 9], "rotation": 180, "texture": "#0", "tintindex": 0},
				"west": {"uv": [7.375, 8.75, 7, 9], "rotation": 180, "texture": "#0", "tintindex": 0},
				"up": {"uv": [8, 8.75, 7.5, 8.375], "rotation": 180, "texture": "#0", "tintindex": 0},
				"down": {"uv": [8, 9.375, 7.5, 9], "rotation": 180, "texture": "#0", "tintindex": 0}
			}
		},
		{
			"from": [10.5, 17.5, 21],
			"to": [5.5, 14.5, 17],
			"rotation": {"angle": -22.5, "axis": "z", "origin": [8, 8, 9]},
			"faces": {
				"east": {"uv": [7, 9, 7.375, 8.75], "rotation": 180, "texture": "#0", "tintindex": 0},
				"west": {"uv": [7.375, 9, 7, 8.75], "rotation": 180, "texture": "#0", "tintindex": 0},
				"up": {"uv": [8, 9, 7.5, 9.375], "rotation": 180, "texture": "#0", "tintindex": 0},
				"down": {"uv": [8, 8.375, 7.5, 8.75], "rotation": 180, "texture": "#0", "tintindex": 0}
			}
		},
		{
			"from": [6, 6, 10],
			"to": [10, 10, 21],
			"rotation": {"angle": -45, "axis": "z", "origin": [8, 8, 9]},
			"faces": {
				"north": {"uv": [11, 9.375, 11.5, 9.875], "rotation": 180, "texture": "#0"},
				"east": {"uv": [9, 8, 10.375, 8.5], "rotation": 180, "texture": "#0"},
				"south": {"uv": [11, 9.875, 11.5, 10.375], "rotation": 180, "texture": "#0"},
				"west": {"uv": [10.375, 8, 9, 8.5], "rotation": 180, "texture": "#0"},
				"up": {"uv": [10, 8.5, 9.5, 9.875], "rotation": 180, "texture": "#0"},
				"down": {"uv": [9.5, 9.875, 9, 8.5], "rotation": 180, "texture": "#0"}
			}
		},
		{
			"from": [6, -1, 15],
			"to": [10, 7, 23],
			"rotation": {"angle": -45, "axis": "z", "origin": [8, 8, 9]},
			"faces": {
				"north": {"uv": [10, 8.5, 10.5, 9.5], "rotation": 180, "texture": "#0"},
				"east": {"uv": [8, 8, 9, 9], "rotation": 180, "texture": "#0"},
				"south": {"uv": [10.5, 8, 11, 9], "rotation": 180, "texture": "#0"},
				"west": {"uv": [9, 8, 8, 9], "rotation": 180, "texture": "#0"},
				"up": {"uv": [8.5, 11, 8, 10], "rotation": 180, "texture": "#0"},
				"down": {"uv": [9.5, 10.875, 9, 9.875], "rotation": 180, "texture": "#0"}
			}
		},
		{
			"from": [6, 9, 15],
			"to": [10, 17, 23],
			"rotation": {"angle": -45, "axis": "z", "origin": [8, 8, 9]},
			"faces": {
				"north": {"uv": [10, 9.5, 10.5, 10.5], "rotation": 180, "texture": "#0"},
				"east": {"uv": [8, 9, 9, 10], "rotation": 180, "texture": "#0"},
				"south": {"uv": [10.5, 9.5, 11, 10.5], "rotation": 180, "texture": "#0"},
				"west": {"uv": [8, 9, 9, 10], "rotation": 180, "texture": "#0"},
				"up": {"uv": [9, 11, 8.5, 10], "rotation": 180, "texture": "#0"},
				"down": {"uv": [10, 10.875, 9.5, 9.875], "rotation": 180, "texture": "#0"}
			}
		},
		{
			"from": [5.5, 5.5, 10.5],
			"to": [10.5, 10.5, 14.5],
			"rotation": {"angle": -45, "axis": "z", "origin": [8, 8, 9]},
			"faces": {
				"east": {"uv": [10.625, 9, 11, 9.5], "rotation": 180, "texture": "#0", "tintindex": 0},
				"west": {"uv": [10.625, 9, 11, 9.5], "rotation": 180, "texture": "#0", "tintindex": 0},
				"up": {"uv": [12, 8.375, 11.5, 8], "rotation": 180, "texture": "#0", "tintindex": 0},
				"down": {"uv": [11.5, 8.375, 11, 8], "rotation": 180, "texture": "#0", "tintindex": 0}
			}
		},
		{
			"from": [5.5, -1.5, 17],
			"to": [10.5, 1.5, 21],
			"rotation": {"angle": -45, "axis": "z", "origin": [8, 8, 9]},
			"faces": {
				"east": {"uv": [11.375, 8.75, 11.75, 9], "rotation": 180, "texture": "#0", "tintindex": 0},
				"west": {"uv": [11.75, 8.75, 11.375, 9], "rotation": 180, "texture": "#0", "tintindex": 0},
				"up": {"uv": [11.5, 9.375, 11, 9], "rotation": 180, "texture": "#0", "tintindex": 0},
				"down": {"uv": [11.5, 8.75, 11, 8.375], "rotation": 180, "texture": "#0", "tintindex": 0}
			}
		},
		{
			"from": [10, 5, 21],
			"to": [6, 1, 17],
			"rotation": {"angle": -45, "axis": "z", "origin": [8, 8, 9]},
			"faces": {
				"north": {"uv": [11.5, 9.875, 12, 10.375], "rotation": 180, "texture": "#0"},
				"south": {"uv": [11.5, 10.375, 12, 10.875], "rotation": 180, "texture": "#0"},
				"up": {"uv": [11.5, 9.375, 12, 9.875], "rotation": 180, "texture": "#0"},
				"down": {"uv": [11, 10.375, 11.5, 10.875], "rotation": 180, "texture": "#0"}
			}
		},
		{
			"from": [10, 15, 21],
			"to": [6, 11, 17],
			"rotation": {"angle": -45, "axis": "z", "origin": [8, 8, 9]},
			"faces": {
				"north": {"uv": [11.5, 10.375, 12, 9.875], "rotation": 180, "texture": "#0"},
				"south": {"uv": [11.5, 10.875, 12, 10.375], "rotation": 180, "texture": "#0"},
				"up": {"uv": [11, 10.875, 11.5, 10.375], "rotation": 180, "texture": "#0"},
				"down": {"uv": [11.5, 9.875, 12, 9.375], "rotation": 180, "texture": "#0"}
			}
		},
		{
			"from": [10.5, 10.5, 14.5],
			"to": [5.5, 5.5, 10.5],
			"rotation": {"angle": -45, "axis": "z", "origin": [8, 8, 9]},
			"faces": {
				"east": {"uv": [10.625, 9, 11, 9.5], "rotation": 180, "texture": "#0", "tintindex": 0},
				"west": {"uv": [10.625, 9, 11, 9.5], "rotation": 180, "texture": "#0", "tintindex": 0},
				"up": {"uv": [12, 8.375, 11.5, 8], "rotation": 180, "texture": "#0", "tintindex": 0},
				"down": {"uv": [11.5, 8.375, 11, 8], "rotation": 180, "texture": "#0", "tintindex": 0}
			}
		},
		{
			"from": [10.5, 1.5, 21],
			"to": [5.5, -1.5, 17],
			"rotation": {"angle": -45, "axis": "z", "origin": [8, 8, 9]},
			"faces": {
				"east": {"uv": [11.375, 9, 11.75, 8.75], "rotation": 180, "texture": "#0", "tintindex": 0},
				"west": {"uv": [11.75, 9, 11.375, 8.75], "rotation": 180, "texture": "#0", "tintindex": 0},
				"up": {"uv": [11.5, 8.375, 11, 8.75], "rotation": 180, "texture": "#0", "tintindex": 0},
				"down": {"uv": [11.5, 9, 11, 9.375], "rotation": 180, "texture": "#0", "tintindex": 0}
			}
		},
		{
			"from": [5.5, 14.5, 17],
			"to": [10.5, 17.5, 21],
			"rotation": {"angle": -45, "axis": "z", "origin": [8, 8, 9]},
			"faces": {
				"east": {"uv": [11, 8.75, 11.375, 9], "rotation": 180, "texture": "#0", "tintindex": 0},
				"west": {"uv": [11.375, 8.75, 11, 9], "rotation": 180, "texture": "#0", "tintindex": 0},
				"up": {"uv": [12, 8.75, 11.5, 8.375], "rotation": 180, "texture": "#0", "tintindex": 0},
				"down": {"uv": [12, 9.375, 11.5, 9], "rotation": 180, "texture": "#0", "tintindex": 0}
			}
		},
		{
			"from": [10.5, 17.5, 21],
			"to": [5.5, 14.5, 17],
			"rotation": {"angle": -45, "axis": "z", "origin": [8, 8, 9]},
			"faces": {
				"east": {"uv": [11, 9, 11.375, 8.75], "rotation": 180, "texture": "#0", "tintindex": 0},
				"west": {"uv": [11.375, 9, 11, 8.75], "rotation": 180, "texture": "#0", "tintindex": 0},
				"up": {"uv": [12, 9, 11.5, 9.375], "rotation": 180, "texture": "#0", "tintindex": 0},
				"down": {"uv": [12, 8.375, 11.5, 8.75], "rotation": 180, "texture": "#0", "tintindex": 0}
			}
		},
		{
			"from": [6, 6, 10],
			"to": [10, 10, 21],
			"rotation": {"angle": 22.5, "axis": "z", "origin": [8, 8, 9]},
			"faces": {
				"north": {"uv": [15, 9.375, 15.5, 9.875], "rotation": 90, "texture": "#0"},
				"east": {"uv": [14, 8.5, 13.5, 9.875], "rotation": 270, "texture": "#0"},
				"south": {"uv": [15, 9.875, 15.5, 10.375], "rotation": 270, "texture": "#0"},
				"west": {"uv": [13.5, 9.875, 13, 8.5], "rotation": 270, "texture": "#0"},
				"up": {"uv": [14.375, 8, 13, 8.5], "rotation": 270, "texture": "#0"},
				"down": {"uv": [13, 8, 14.375, 8.5], "rotation": 270, "texture": "#0"}
			}
		},
		{
			"from": [-1, 6, 15],
			"to": [7, 10, 23],
			"rotation": {"angle": 22.5, "axis": "z", "origin": [8, 8, 9]},
			"faces": {
				"north": {"uv": [14, 8.5, 14.5, 9.5], "rotation": 90, "texture": "#0"},
				"east": {"uv": [12.5, 11, 12, 10], "rotation": 270, "texture": "#0"},
				"south": {"uv": [14.5, 8, 15, 9], "rotation": 270, "texture": "#0"},
				"west": {"uv": [13.5, 10.875, 13, 9.875], "rotation": 270, "texture": "#0"},
				"up": {"uv": [13, 8, 12, 9], "rotation": 270, "texture": "#0"},
				"down": {"uv": [12, 8, 13, 9], "rotation": 270, "texture": "#0"}
			}
		},
		{
			"from": [9, 6, 15],
			"to": [17, 10, 23],
			"rotation": {"angle": 22.5, "axis": "z", "origin": [8, 8, 9]},
			"faces": {
				"north": {"uv": [14, 9.5, 14.5, 10.5], "rotation": 90, "texture": "#0"},
				"east": {"uv": [13, 11, 12.5, 10], "rotation": 270, "texture": "#0"},
				"south": {"uv": [14.5, 9.5, 15, 10.5], "rotation": 270, "texture": "#0"},
				"west": {"uv": [14, 10.875, 13.5, 9.875], "rotation": 270, "texture": "#0"},
				"up": {"uv": [12, 9, 13, 10], "rotation": 270, "texture": "#0"},
				"down": {"uv": [12, 9, 13, 10], "rotation": 270, "texture": "#0"}
			}
		},
		{
			"from": [5.5, 5.5, 10.5],
			"to": [10.5, 10.5, 14.5],
			"rotation": {"angle": 22.5, "axis": "z", "origin": [8, 8, 9]},
			"faces": {
				"east": {"uv": [16, 8.375, 15.5, 8], "rotation": 270, "texture": "#0", "tintindex": 0},
				"west": {"uv": [15.5, 8.375, 15, 8], "rotation": 270, "texture": "#0", "tintindex": 0},
				"up": {"uv": [14.625, 9, 15, 9.5], "rotation": 270, "texture": "#0", "tintindex": 0},
				"down": {"uv": [14.625, 9, 15, 9.5], "rotation": 270, "texture": "#0", "tintindex": 0}
			}
		},
		{
			"from": [-1.5, 5.5, 17],
			"to": [1.5, 10.5, 21],
			"rotation": {"angle": 22.5, "axis": "z", "origin": [8, 8, 9]},
			"faces": {
				"east": {"uv": [15.5, 9.375, 15, 9], "rotation": 270, "texture": "#0", "tintindex": 0},
				"west": {"uv": [15.5, 8.75, 15, 8.375], "rotation": 270, "texture": "#0", "tintindex": 0},
				"up": {"uv": [15.75, 8.75, 15.375, 9], "rotation": 270, "texture": "#0", "tintindex": 0},
				"down": {"uv": [15.375, 8.75, 15.75, 9], "rotation": 270, "texture": "#0", "tintindex": 0}
			}
		},
		{
			"from": [5, 10, 21],
			"to": [1, 6, 17],
			"rotation": {"angle": 22.5, "axis": "z", "origin": [8, 8, 9]},
			"faces": {
				"north": {"uv": [15.5, 9.875, 16, 10.375], "rotation": 90, "texture": "#0"},
				"east": {"uv": [15.5, 9.375, 16, 9.875], "rotation": 270, "texture": "#0"},
				"south": {"uv": [15.5, 10.375, 16, 10.875], "rotation": 270, "texture": "#0"},
				"west": {"uv": [15, 10.375, 15.5, 10.875], "rotation": 270, "texture": "#0"}
			}
		},
		{
			"from": [15, 10, 21],
			"to": [11, 6, 17],
			"rotation": {"angle": 22.5, "axis": "z", "origin": [8, 8, 9]},
			"faces": {
				"north": {"uv": [15.5, 10.375, 16, 9.875], "rotation": 90, "texture": "#0"},
				"east": {"uv": [15, 10.875, 15.5, 10.375], "rotation": 270, "texture": "#0"},
				"south": {"uv": [15.5, 10.875, 16, 10.375], "rotation": 270, "texture": "#0"},
				"west": {"uv": [15.5, 9.875, 16, 9.375], "rotation": 270, "texture": "#0"}
			}
		},
		{
			"from": [10.5, 10.5, 14.5],
			"to": [5.5, 5.5, 10.5],
			"rotation": {"angle": 22.5, "axis": "z", "origin": [8, 8, 9]},
			"faces": {
				"east": {"uv": [16, 8.375, 15.5, 8], "rotation": 270, "texture": "#0", "tintindex": 0},
				"west": {"uv": [15.5, 8.375, 15, 8], "rotation": 270, "texture": "#0", "tintindex": 0},
				"up": {"uv": [14.625, 9, 15, 9.5], "rotation": 270, "texture": "#0", "tintindex": 0},
				"down": {"uv": [14.625, 9, 15, 9.5], "rotation": 270, "texture": "#0", "tintindex": 0}
			}
		},
		{
			"from": [1.5, 10.5, 21],
			"to": [-1.5, 5.5, 17],
			"rotation": {"angle": 22.5, "axis": "z", "origin": [8, 8, 9]},
			"faces": {
				"east": {"uv": [15.5, 8.375, 15, 8.75], "rotation": 270, "texture": "#0", "tintindex": 0},
				"west": {"uv": [15.5, 9, 15, 9.375], "rotation": 270, "texture": "#0", "tintindex": 0},
				"up": {"uv": [15.75, 9, 15.375, 8.75], "rotation": 270, "texture": "#0", "tintindex": 0},
				"down": {"uv": [15.375, 9, 15.75, 8.75], "rotation": 270, "texture": "#0", "tintindex": 0}
			}
		},
		{
			"from": [14.5, 5.5, 17],
			"to": [17.5, 10.5, 21],
			"rotation": {"angle": 22.5, "axis": "z", "origin": [8, 8, 9]},
			"faces": {
				"east": {"uv": [16, 8.75, 15.5, 8.375], "rotation": 270, "texture": "#0", "tintindex": 0},
				"west": {"uv": [16, 9.375, 15.5, 9], "rotation": 270, "texture": "#0", "tintindex": 0},
				"up": {"uv": [15.375, 8.75, 15, 9], "rotation": 270, "texture": "#0", "tintindex": 0},
				"down": {"uv": [15, 8.75, 15.375, 9], "rotation": 270, "texture": "#0", "tintindex": 0}
			}
		},
		{
			"from": [17.5, 10.5, 21],
			"to": [14.5, 5.5, 17],
			"rotation": {"angle": 22.5, "axis": "z", "origin": [8, 8, 9]},
			"faces": {
				"east": {"uv": [16, 9, 15.5, 9.375], "rotation": 270, "texture": "#0", "tintindex": 0},
				"west": {"uv": [16, 8.375, 15.5, 8.75], "rotation": 270, "texture": "#0", "tintindex": 0},
				"up": {"uv": [15.375, 9, 15, 8.75], "rotation": 270, "texture": "#0", "tintindex": 0},
				"down": {"uv": [15, 9, 15.375, 8.75], "rotation": 270, "texture": "#0", "tintindex": 0}
			}
		},
		{
			"from": [6, 6, 10],
			"to": [10, 10, 21],
			"rotation": {"angle": 0, "axis": "y", "origin": [8, 8, 9]},
			"faces": {
				"north": {"uv": [3, 13.375, 3.5, 13.875], "rotation": 90, "texture": "#0"},
				"east": {"uv": [2, 12.5, 1.5, 13.875], "rotation": 270, "texture": "#0"},
				"south": {"uv": [3, 13.875, 3.5, 14.375], "rotation": 270, "texture": "#0"},
				"west": {"uv": [1.5, 13.875, 1, 12.5], "rotation": 270, "texture": "#0"},
				"up": {"uv": [2.375, 12, 1, 12.5], "rotation": 270, "texture": "#0"},
				"down": {"uv": [1, 12, 2.375, 12.5], "rotation": 270, "texture": "#0"}
			}
		},
		{
			"from": [-1, 6, 15],
			"to": [7, 10, 23],
			"rotation": {"angle": 0, "axis": "y", "origin": [8, 8, 9]},
			"faces": {
				"north": {"uv": [2, 12.5, 2.5, 13.5], "rotation": 90, "texture": "#0"},
				"east": {"uv": [0.5, 15, 0, 14], "rotation": 270, "texture": "#0"},
				"south": {"uv": [2.5, 12, 3, 13], "rotation": 270, "texture": "#0"},
				"west": {"uv": [1.5, 14.875, 1, 13.875], "rotation": 270, "texture": "#0"},
				"up": {"uv": [1, 12, 0, 13], "rotation": 270, "texture": "#0"},
				"down": {"uv": [0, 12, 1, 13], "rotation": 270, "texture": "#0"}
			}
		},
		{
			"from": [9, 6, 15],
			"to": [17, 10, 23],
			"rotation": {"angle": 0, "axis": "y", "origin": [8, 8, 9]},
			"faces": {
				"north": {"uv": [2, 13.5, 2.5, 14.5], "rotation": 90, "texture": "#0"},
				"east": {"uv": [1, 15, 0.5, 14], "rotation": 270, "texture": "#0"},
				"south": {"uv": [2.5, 13.5, 3, 14.5], "rotation": 270, "texture": "#0"},
				"west": {"uv": [2, 14.875, 1.5, 13.875], "rotation": 270, "texture": "#0"},
				"up": {"uv": [0, 13, 1, 14], "rotation": 270, "texture": "#0"},
				"down": {"uv": [0, 13, 1, 14], "rotation": 270, "texture": "#0"}
			}
		},
		{
			"from": [5.5, 5.5, 10.5],
			"to": [10.5, 10.5, 14.5],
			"rotation": {"angle": 0, "axis": "y", "origin": [8, 8, 9]},
			"faces": {
				"east": {"uv": [4, 12.375, 3.5, 12], "rotation": 270, "texture": "#0", "tintindex": 0},
				"west": {"uv": [3.5, 12.375, 3, 12], "rotation": 270, "texture": "#0", "tintindex": 0},
				"up": {"uv": [2.625, 13, 3, 13.5], "rotation": 270, "texture": "#0", "tintindex": 0},
				"down": {"uv": [2.625, 13, 3, 13.5], "rotation": 270, "texture": "#0", "tintindex": 0}
			}
		},
		{
			"from": [-1.5, 5.5, 17],
			"to": [1.5, 10.5, 21],
			"rotation": {"angle": 0, "axis": "y", "origin": [8, 8, 9]},
			"faces": {
				"east": {"uv": [3.5, 13.375, 3, 13], "rotation": 270, "texture": "#0", "tintindex": 0},
				"west": {"uv": [3.5, 12.75, 3, 12.375], "rotation": 270, "texture": "#0", "tintindex": 0},
				"up": {"uv": [3.75, 12.75, 3.375, 13], "rotation": 270, "texture": "#0", "tintindex": 0},
				"down": {"uv": [3.375, 12.75, 3.75, 13], "rotation": 270, "texture": "#0", "tintindex": 0}
			}
		},
		{
			"from": [5, 10, 21],
			"to": [1, 6, 17],
			"rotation": {"angle": 0, "axis": "y", "origin": [8, 8, 9]},
			"faces": {
				"north": {"uv": [3.5, 13.875, 4, 14.375], "rotation": 90, "texture": "#0"},
				"east": {"uv": [3.5, 13.375, 4, 13.875], "rotation": 270, "texture": "#0"},
				"south": {"uv": [3.5, 14.375, 4, 14.875], "rotation": 270, "texture": "#0"},
				"west": {"uv": [3, 14.375, 3.5, 14.875], "rotation": 270, "texture": "#0"}
			}
		},
		{
			"from": [15, 10, 21],
			"to": [11, 6, 17],
			"rotation": {"angle": 0, "axis": "y", "origin": [8, 8, 9]},
			"faces": {
				"north": {"uv": [3.5, 14.375, 4, 13.875], "rotation": 90, "texture": "#0"},
				"east": {"uv": [3, 14.875, 3.5, 14.375], "rotation": 270, "texture": "#0"},
				"south": {"uv": [3.5, 14.875, 4, 14.375], "rotation": 270, "texture": "#0"},
				"west": {"uv": [3.5, 13.875, 4, 13.375], "rotation": 270, "texture": "#0"}
			}
		},
		{
			"from": [10.5, 10.5, 14.5],
			"to": [5.5, 5.5, 10.5],
			"rotation": {"angle": 0, "axis": "y", "origin": [8, 8, 9]},
			"faces": {
				"east": {"uv": [4, 12.375, 3.5, 12], "rotation": 270, "texture": "#0", "tintindex": 0},
				"west": {"uv": [3.5, 12.375, 3, 12], "rotation": 270, "texture": "#0", "tintindex": 0},
				"up": {"uv": [2.625, 13, 3, 13.5], "rotation": 270, "texture": "#0", "tintindex": 0},
				"down": {"uv": [2.625, 13, 3, 13.5], "rotation": 270, "texture": "#0", "tintindex": 0}
			}
		},
		{
			"from": [1.5, 10.5, 21],
			"to": [-1.5, 5.5, 17],
			"rotation": {"angle": 0, "axis": "y", "origin": [8, 8, 9]},
			"faces": {
				"east": {"uv": [3.5, 12.375, 3, 12.75], "rotation": 270, "texture": "#0", "tintindex": 0},
				"west": {"uv": [3.5, 13, 3, 13.375], "rotation": 270, "texture": "#0", "tintindex": 0},
				"up": {"uv": [3.75, 13, 3.375, 12.75], "rotation": 270, "texture": "#0", "tintindex": 0},
				"down": {"uv": [3.375, 13, 3.75, 12.75], "rotation": 270, "texture": "#0", "tintindex": 0}
			}
		},
		{
			"from": [14.5, 5.5, 17],
			"to": [17.5, 10.5, 21],
			"rotation": {"angle": 0, "axis": "y", "origin": [8, 8, 9]},
			"faces": {
				"east": {"uv": [4, 12.75, 3.5, 12.375], "rotation": 270, "texture": "#0", "tintindex": 0},
				"west": {"uv": [4, 13.375, 3.5, 13], "rotation": 270, "texture": "#0", "tintindex": 0},
				"up": {"uv": [3.375, 12.75, 3, 13], "rotation": 270, "texture": "#0", "tintindex": 0},
				"down": {"uv": [3, 12.75, 3.375, 13], "rotation": 270, "texture": "#0", "tintindex": 0}
			}
		},
		{
			"from": [17.5, 10.5, 21],
			"to": [14.5, 5.5, 17],
			"rotation": {"angle": 0, "axis": "y", "origin": [8, 8, 9]},
			"faces": {
				"east": {"uv": [4, 13, 3.5, 13.375], "rotation": 270, "texture": "#0", "tintindex": 0},
				"west": {"uv": [4, 12.375, 3.5, 12.75], "rotation": 270, "texture": "#0", "tintindex": 0},
				"up": {"uv": [3.375, 13, 3, 12.75], "rotation": 270, "texture": "#0", "tintindex": 0},
				"down": {"uv": [3, 13, 3.375, 12.75], "rotation": 270, "texture": "#0", "tintindex": 0}
			}
		},
		{
			"from": [6, 6, 10],
			"to": [10, 10, 21],
			"rotation": {"angle": -22.5, "axis": "z", "origin": [8, 8, 9]},
			"faces": {
				"north": {"uv": [7, 13.375, 7.5, 13.875], "rotation": 90, "texture": "#0"},
				"east": {"uv": [6, 12.5, 5.5, 13.875], "rotation": 270, "texture": "#0"},
				"south": {"uv": [7, 13.875, 7.5, 14.375], "rotation": 270, "texture": "#0"},
				"west": {"uv": [5.5, 13.875, 5, 12.5], "rotation": 270, "texture": "#0"},
				"up": {"uv": [6.375, 12, 5, 12.5], "rotation": 270, "texture": "#0"},
				"down": {"uv": [5, 12, 6.375, 12.5], "rotation": 270, "texture": "#0"}
			}
		},
		{
			"from": [-1, 6, 15],
			"to": [7, 10, 23],
			"rotation": {"angle": -22.5, "axis": "z", "origin": [8, 8, 9]},
			"faces": {
				"north": {"uv": [6, 12.5, 6.5, 13.5], "rotation": 90, "texture": "#0"},
				"east": {"uv": [4.5, 15, 4, 14], "rotation": 270, "texture": "#0"},
				"south": {"uv": [6.5, 12, 7, 13], "rotation": 270, "texture": "#0"},
				"west": {"uv": [5.5, 14.875, 5, 13.875], "rotation": 270, "texture": "#0"},
				"up": {"uv": [5, 12, 4, 13], "rotation": 270, "texture": "#0"},
				"down": {"uv": [4, 12, 5, 13], "rotation": 270, "texture": "#0"}
			}
		},
		{
			"from": [9, 6, 15],
			"to": [17, 10, 23],
			"rotation": {"angle": -22.5, "axis": "z", "origin": [8, 8, 9]},
			"faces": {
				"north": {"uv": [6, 13.5, 6.5, 14.5], "rotation": 90, "texture": "#0"},
				"east": {"uv": [5, 15, 4.5, 14], "rotation": 270, "texture": "#0"},
				"south": {"uv": [6.5, 13.5, 7, 14.5], "rotation": 270, "texture": "#0"},
				"west": {"uv": [6, 14.875, 5.5, 13.875], "rotation": 270, "texture": "#0"},
				"up": {"uv": [4, 13, 5, 14], "rotation": 270, "texture": "#0"},
				"down": {"uv": [4, 13, 5, 14], "rotation": 270, "texture": "#0"}
			}
		},
		{
			"from": [5.5, 5.5, 10.5],
			"to": [10.5, 10.5, 14.5],
			"rotation": {"angle": -22.5, "axis": "z", "origin": [8, 8, 9]},
			"faces": {
				"east": {"uv": [8, 12.375, 7.5, 12], "rotation": 270, "texture": "#0", "tintindex": 0},
				"west": {"uv": [7.5, 12.375, 7, 12], "rotation": 270, "texture": "#0", "tintindex": 0},
				"up": {"uv": [6.625, 13, 7, 13.5], "rotation": 270, "texture": "#0", "tintindex": 0},
				"down": {"uv": [6.625, 13, 7, 13.5], "rotation": 270, "texture": "#0", "tintindex": 0}
			}
		},
		{
			"from": [-1.5, 5.5, 17],
			"to": [1.5, 10.5, 21],
			"rotation": {"angle": -22.5, "axis": "z", "origin": [8, 8, 9]},
			"faces": {
				"east": {"uv": [7.5, 13.375, 7, 13], "rotation": 270, "texture": "#0", "tintindex": 0},
				"west": {"uv": [7.5, 12.75, 7, 12.375], "rotation": 270, "texture": "#0", "tintindex": 0},
				"up": {"uv": [7.75, 12.75, 7.375, 13], "rotation": 270, "texture": "#0", "tintindex": 0},
				"down": {"uv": [7.375, 12.75, 7.75, 13], "rotation": 270, "texture": "#0", "tintindex": 0}
			}
		},
		{
			"from": [5, 10, 21],
			"to": [1, 6, 17],
			"rotation": {"angle": -22.5, "axis": "z", "origin": [8, 8, 9]},
			"faces": {
				"north": {"uv": [7.5, 13.875, 8, 14.375], "rotation": 90, "texture": "#0"},
				"east": {"uv": [7.5, 13.375, 8, 13.875], "rotation": 270, "texture": "#0"},
				"south": {"uv": [7.5, 14.375, 8, 14.875], "rotation": 270, "texture": "#0"},
				"west": {"uv": [7, 14.375, 7.5, 14.875], "rotation": 270, "texture": "#0"}
			}
		},
		{
			"from": [15, 10, 21],
			"to": [11, 6, 17],
			"rotation": {"angle": -22.5, "axis": "z", "origin": [8, 8, 9]},
			"faces": {
				"north": {"uv": [7.5, 14.375, 8, 13.875], "rotation": 90, "texture": "#0"},
				"east": {"uv": [7, 14.875, 7.5, 14.375], "rotation": 270, "texture": "#0"},
				"south": {"uv": [7.5, 14.875, 8, 14.375], "rotation": 270, "texture": "#0"},
				"west": {"uv": [7.5, 13.875, 8, 13.375], "rotation": 270, "texture": "#0"}
			}
		},
		{
			"from": [10.5, 10.5, 14.5],
			"to": [5.5, 5.5, 10.5],
			"rotation": {"angle": -22.5, "axis": "z", "origin": [8, 8, 9]},
			"faces": {
				"east": {"uv": [8, 12.375, 7.5, 12], "rotation": 270, "texture": "#0", "tintindex": 0},
				"west": {"uv": [7.5, 12.375, 7, 12], "rotation": 270, "texture": "#0", "tintindex": 0},
				"up": {"uv": [6.625, 13, 7, 13.5], "rotation": 270, "texture": "#0", "tintindex": 0},
				"down": {"uv": [6.625, 13, 7, 13.5], "rotation": 270, "texture": "#0", "tintindex": 0}
			}
		},
		{
			"from": [1.5, 10.5, 21],
			"to": [-1.5, 5.5, 17],
			"rotation": {"angle": -22.5, "axis": "z", "origin": [8, 8, 9]},
			"faces": {
				"east": {"uv": [7.5, 12.375, 7, 12.75], "rotation": 270, "texture": "#0", "tintindex": 0},
				"west": {"uv": [7.5, 13, 7, 13.375], "rotation": 270, "texture": "#0", "tintindex": 0},
				"up": {"uv": [7.75, 13, 7.375, 12.75], "rotation": 270, "texture": "#0", "tintindex": 0},
				"down": {"uv": [7.375, 13, 7.75, 12.75], "rotation": 270, "texture": "#0", "tintindex": 0}
			}
		},
		{
			"from": [14.5, 5.5, 17],
			"to": [17.5, 10.5, 21],
			"rotation": {"angle": -22.5, "axis": "z", "origin": [8, 8, 9]},
			"faces": {
				"east": {"uv": [8, 12.75, 7.5, 12.375], "rotation": 270, "texture": "#0", "tintindex": 0},
				"west": {"uv": [8, 13.375, 7.5, 13], "rotation": 270, "texture": "#0", "tintindex": 0},
				"up": {"uv": [7.375, 12.75, 7, 13], "rotation": 270, "texture": "#0", "tintindex": 0},
				"down": {"uv": [7, 12.75, 7.375, 13], "rotation": 270, "texture": "#0", "tintindex": 0}
			}
		},
		{
			"from": [17.5, 10.5, 21],
			"to": [14.5, 5.5, 17],
			"rotation": {"angle": -22.5, "axis": "z", "origin": [8, 8, 9]},
			"faces": {
				"east": {"uv": [8, 13, 7.5, 13.375], "rotation": 270, "texture": "#0", "tintindex": 0},
				"west": {"uv": [8, 12.375, 7.5, 12.75], "rotation": 270, "texture": "#0", "tintindex": 0},
				"up": {"uv": [7.375, 13, 7, 12.75], "rotation": 270, "texture": "#0", "tintindex": 0},
				"down": {"uv": [7, 13, 7.375, 12.75], "rotation": 270, "texture": "#0", "tintindex": 0}
			}
		},
		{
			"from": [6, 6, 10],
			"to": [10, 10, 21],
			"rotation": {"angle": -45, "axis": "z", "origin": [8, 8, 9]},
			"faces": {
				"north": {"uv": [11, 13.375, 11.5, 13.875], "rotation": 90, "texture": "#0"},
				"east": {"uv": [10, 12.5, 9.5, 13.875], "rotation": 270, "texture": "#0"},
				"south": {"uv": [11, 13.875, 11.5, 14.375], "rotation": 270, "texture": "#0"},
				"west": {"uv": [9.5, 13.875, 9, 12.5], "rotation": 270, "texture": "#0"},
				"up": {"uv": [10.375, 12, 9, 12.5], "rotation": 270, "texture": "#0"},
				"down": {"uv": [9, 12, 10.375, 12.5], "rotation": 270, "texture": "#0"}
			}
		},
		{
			"from": [-1, 6, 15],
			"to": [7, 10, 23],
			"rotation": {"angle": -45, "axis": "z", "origin": [8, 8, 9]},
			"faces": {
				"north": {"uv": [10, 12.5, 10.5, 13.5], "rotation": 90, "texture": "#0"},
				"east": {"uv": [8.5, 15, 8, 14], "rotation": 270, "texture": "#0"},
				"south": {"uv": [10.5, 12, 11, 13], "rotation": 270, "texture": "#0"},
				"west": {"uv": [9.5, 14.875, 9, 13.875], "rotation": 270, "texture": "#0"},
				"up": {"uv": [9, 12, 8, 13], "rotation": 270, "texture": "#0"},
				"down": {"uv": [8, 12, 9, 13], "rotation": 270, "texture": "#0"}
			}
		},
		{
			"from": [9, 6, 15],
			"to": [17, 10, 23],
			"rotation": {"angle": -45, "axis": "z", "origin": [8, 8, 9]},
			"faces": {
				"north": {"uv": [10, 13.5, 10.5, 14.5], "rotation": 90, "texture": "#0"},
				"east": {"uv": [9, 15, 8.5, 14], "rotation": 270, "texture": "#0"},
				"south": {"uv": [10.5, 13.5, 11, 14.5], "rotation": 270, "texture": "#0"},
				"west": {"uv": [10, 14.875, 9.5, 13.875], "rotation": 270, "texture": "#0"},
				"up": {"uv": [8, 13, 9, 14], "rotation": 270, "texture": "#0"},
				"down": {"uv": [8, 13, 9, 14], "rotation": 270, "texture": "#0"}
			}
		},
		{
			"from": [5.5, 5.5, 10.5],
			"to": [10.5, 10.5, 14.5],
			"rotation": {"angle": -45, "axis": "z", "origin": [8, 8, 9]},
			"faces": {
				"east": {"uv": [12, 12.375, 11.5, 12], "rotation": 270, "texture": "#0", "tintindex": 0},
				"west": {"uv": [11.5, 12.375, 11, 12], "rotation": 270, "texture": "#0", "tintindex": 0},
				"up": {"uv": [10.625, 13, 11, 13.5], "rotation": 270, "texture": "#0", "tintindex": 0},
				"down": {"uv": [10.625, 13, 11, 13.5], "rotation": 270, "texture": "#0", "tintindex": 0}
			}
		},
		{
			"from": [-1.5, 5.5, 17],
			"to": [1.5, 10.5, 21],
			"rotation": {"angle": -45, "axis": "z", "origin": [8, 8, 9]},
			"faces": {
				"east": {"uv": [11.5, 13.375, 11, 13], "rotation": 270, "texture": "#0", "tintindex": 0},
				"west": {"uv": [11.5, 12.75, 11, 12.375], "rotation": 270, "texture": "#0", "tintindex": 0},
				"up": {"uv": [11.75, 12.75, 11.375, 13], "rotation": 270, "texture": "#0", "tintindex": 0},
				"down": {"uv": [11.375, 12.75, 11.75, 13], "rotation": 270, "texture": "#0", "tintindex": 0}
			}
		},
		{
			"from": [5, 10, 21],
			"to": [1, 6, 17],
			"rotation": {"angle": -45, "axis": "z", "origin": [8, 8, 9]},
			"faces": {
				"north": {"uv": [11.5, 13.875, 12, 14.375], "rotation": 90, "texture": "#0"},
				"east": {"uv": [11.5, 13.375, 12, 13.875], "rotation": 270, "texture": "#0"},
				"south": {"uv": [11.5, 14.375, 12, 14.875], "rotation": 270, "texture": "#0"},
				"west": {"uv": [11, 14.375, 11.5, 14.875], "rotation": 270, "texture": "#0"}
			}
		},
		{
			"from": [15, 10, 21],
			"to": [11, 6, 17],
			"rotation": {"angle": -45, "axis": "z", "origin": [8, 8, 9]},
			"faces": {
				"north": {"uv": [11.5, 14.375, 12, 13.875], "rotation": 90, "texture": "#0"},
				"east": {"uv": [11, 14.875, 11.5, 14.375], "rotation": 270, "texture": "#0"},
				"south": {"uv": [11.5, 14.875, 12, 14.375], "rotation": 270, "texture": "#0"},
				"west": {"uv": [11.5, 13.875, 12, 13.375], "rotation": 270, "texture": "#0"}
			}
		},
		{
			"from": [10.5, 10.5, 14.5],
			"to": [5.5, 5.5, 10.5],
			"rotation": {"angle": -45, "axis": "z", "origin": [8, 8, 9]},
			"faces": {
				"east": {"uv": [12, 12.375, 11.5, 12], "rotation": 270, "texture": "#0", "tintindex": 0},
				"west": {"uv": [11.5, 12.375, 11, 12], "rotation": 270, "texture": "#0", "tintindex": 0},
				"up": {"uv": [10.625, 13, 11, 13.5], "rotation": 270, "texture": "#0", "tintindex": 0},
				"down": {"uv": [10.625, 13, 11, 13.5], "rotation": 270, "texture": "#0", "tintindex": 0}
			}
		},
		{
			"from": [1.5, 10.5, 21],
			"to": [-1.5, 5.5, 17],
			"rotation": {"angle": -45, "axis": "z", "origin": [8, 8, 9]},
			"faces": {
				"east": {"uv": [11.5, 12.375, 11, 12.75], "rotation": 270, "texture": "#0", "tintindex": 0},
				"west": {"uv": [11.5, 13, 11, 13.375], "rotation": 270, "texture": "#0", "tintindex": 0},
				"up": {"uv": [11.75, 13, 11.375, 12.75], "rotation": 270, "texture": "#0", "tintindex": 0},
				"down": {"uv": [11.375, 13, 11.75, 12.75], "rotation": 270, "texture": "#0", "tintindex": 0}
			}
		},
		{
			"from": [14.5, 5.5, 17],
			"to": [17.5, 10.5, 21],
			"rotation": {"angle": -45, "axis": "z", "origin": [8, 8, 9]},
			"faces": {
				"east": {"uv": [12, 12.75, 11.5, 12.375], "rotation": 270, "texture": "#0", "tintindex": 0},
				"west": {"uv": [12, 13.375, 11.5, 13], "rotation": 270, "texture": "#0", "tintindex": 0},
				"up": {"uv": [11.375, 12.75, 11, 13], "rotation": 270, "texture": "#0", "tintindex": 0},
				"down": {"uv": [11, 12.75, 11.375, 13], "rotation": 270, "texture": "#0", "tintindex": 0}
			}
		},
		{
			"from": [17.5, 10.5, 21],
			"to": [14.5, 5.5, 17],
			"rotation": {"angle": -45, "axis": "z", "origin": [8, 8, 9]},
			"faces": {
				"east": {"uv": [12, 13, 11.5, 13.375], "rotation": 270, "texture": "#0", "tintindex": 0},
				"west": {"uv": [12, 12.375, 11.5, 12.75], "rotation": 270, "texture": "#0", "tintindex": 0},
				"up": {"uv": [11.375, 13, 11, 12.75], "rotation": 270, "texture": "#0", "tintindex": 0},
				"down": {"uv": [11, 13, 11.375, 12.75], "rotation": 270, "texture": "#0", "tintindex": 0}
			}
		},
		{
			"from": [6, 6, 10],
			"to": [10, 10, 21],
			"rotation": {"angle": 22.5, "axis": "z", "origin": [8, 8, 9]},
			"faces": {
				"north": {"uv": [15, 13.375, 15.5, 13.875], "texture": "#0"},
				"east": {"uv": [14.375, 12, 13, 12.5], "texture": "#0"},
				"south": {"uv": [15, 13.875, 15.5, 14.375], "texture": "#0"},
				"west": {"uv": [13, 12, 14.375, 12.5], "texture": "#0"},
				"up": {"uv": [13.5, 13.875, 13, 12.5], "texture": "#0"},
				"down": {"uv": [14, 12.5, 13.5, 13.875], "texture": "#0"}
			}
		},
		{
			"from": [6, 9, 15],
			"to": [10, 17, 23],
			"rotation": {"angle": 22.5, "axis": "z", "origin": [8, 8, 9]},
			"faces": {
				"north": {"uv": [14, 12.5, 14.5, 13.5], "texture": "#0"},
				"east": {"uv": [13, 12, 12, 13], "texture": "#0"},
				"south": {"uv": [14.5, 12, 15, 13], "texture": "#0"},
				"west": {"uv": [12, 12, 13, 13], "texture": "#0"},
				"up": {"uv": [13.5, 14.875, 13, 13.875], "texture": "#0"},
				"down": {"uv": [12.5, 15, 12, 14], "texture": "#0"}
			}
		},
		{
			"from": [6, -1, 15],
			"to": [10, 7, 23],
			"rotation": {"angle": 22.5, "axis": "z", "origin": [8, 8, 9]},
			"faces": {
				"north": {"uv": [14, 13.5, 14.5, 14.5], "texture": "#0"},
				"east": {"uv": [12, 13, 13, 14], "texture": "#0"},
				"south": {"uv": [14.5, 13.5, 15, 14.5], "texture": "#0"},
				"west": {"uv": [12, 13, 13, 14], "texture": "#0"},
				"up": {"uv": [14, 14.875, 13.5, 13.875], "texture": "#0"},
				"down": {"uv": [13, 15, 12.5, 14], "texture": "#0"}
			}
		},
		{
			"from": [5.5, 5.5, 10.5],
			"to": [10.5, 10.5, 14.5],
			"rotation": {"angle": 22.5, "axis": "z", "origin": [8, 8, 9]},
			"faces": {
				"east": {"uv": [14.625, 13, 15, 13.5], "texture": "#0", "tintindex": 0},
				"west": {"uv": [14.625, 13, 15, 13.5], "texture": "#0", "tintindex": 0},
				"up": {"uv": [15.5, 12.375, 15, 12], "texture": "#0", "tintindex": 0},
				"down": {"uv": [16, 12.375, 15.5, 12], "texture": "#0", "tintindex": 0}
			}
		},
		{
			"from": [5.5, 14.5, 17],
			"to": [10.5, 17.5, 21],
			"rotation": {"angle": 22.5, "axis": "z", "origin": [8, 8, 9]},
			"faces": {
				"east": {"uv": [15.75, 12.75, 15.375, 13], "texture": "#0", "tintindex": 0},
				"west": {"uv": [15.375, 12.75, 15.75, 13], "texture": "#0", "tintindex": 0},
				"up": {"uv": [15.5, 12.75, 15, 12.375], "texture": "#0", "tintindex": 0},
				"down": {"uv": [15.5, 13.375, 15, 13], "texture": "#0", "tintindex": 0}
			}
		},
		{
			"from": [10, 15, 21],
			"to": [6, 11, 17],
			"rotation": {"angle": 22.5, "axis": "z", "origin": [8, 8, 9]},
			"faces": {
				"north": {"uv": [15.5, 13.875, 16, 14.375], "texture": "#0"},
				"south": {"uv": [15.5, 14.375, 16, 14.875], "texture": "#0"},
				"up": {"uv": [15, 14.375, 15.5, 14.875], "texture": "#0"},
				"down": {"uv": [15.5, 13.375, 16, 13.875], "texture": "#0"}
			}
		},
		{
			"from": [10, 5, 21],
			"to": [6, 1, 17],
			"rotation": {"angle": 22.5, "axis": "z", "origin": [8, 8, 9]},
			"faces": {
				"north": {"uv": [15.5, 14.375, 16, 13.875], "texture": "#0"},
				"south": {"uv": [15.5, 14.875, 16, 14.375], "texture": "#0"},
				"up": {"uv": [15.5, 13.875, 16, 13.375], "texture": "#0"},
				"down": {"uv": [15, 14.875, 15.5, 14.375], "texture": "#0"}
			}
		},
		{
			"from": [10.5, 10.5, 14.5],
			"to": [5.5, 5.5, 10.5],
			"rotation": {"angle": 22.5, "axis": "z", "origin": [8, 8, 9]},
			"faces": {
				"east": {"uv": [14.625, 13, 15, 13.5], "texture": "#0", "tintindex": 0},
				"west": {"uv": [14.625, 13, 15, 13.5], "texture": "#0", "tintindex": 0},
				"up": {"uv": [15.5, 12.375, 15, 12], "texture": "#0", "tintindex": 0},
				"down": {"uv": [16, 12.375, 15.5, 12], "texture": "#0", "tintindex": 0}
			}
		},
		{
			"from": [10.5, 17.5, 21],
			"to": [5.5, 14.5, 17],
			"rotation": {"angle": 22.5, "axis": "z", "origin": [8, 8, 9]},
			"faces": {
				"east": {"uv": [15.75, 13, 15.375, 12.75], "texture": "#0", "tintindex": 0},
				"west": {"uv": [15.375, 13, 15.75, 12.75], "texture": "#0", "tintindex": 0},
				"up": {"uv": [15.5, 13, 15, 13.375], "texture": "#0", "tintindex": 0},
				"down": {"uv": [15.5, 12.375, 15, 12.75], "texture": "#0", "tintindex": 0}
			}
		},
		{
			"from": [5.5, -1.5, 17],
			"to": [10.5, 1.5, 21],
			"rotation": {"angle": 22.5, "axis": "z", "origin": [8, 8, 9]},
			"faces": {
				"east": {"uv": [15.375, 12.75, 15, 13], "texture": "#0", "tintindex": 0},
				"west": {"uv": [15, 12.75, 15.375, 13], "texture": "#0", "tintindex": 0},
				"up": {"uv": [16, 13.375, 15.5, 13], "texture": "#0", "tintindex": 0},
				"down": {"uv": [16, 12.75, 15.5, 12.375], "texture": "#0", "tintindex": 0}
			}
		},
		{
			"from": [10.5, 1.5, 21],
			"to": [5.5, -1.5, 17],
			"rotation": {"angle": 22.5, "axis": "z", "origin": [8, 8, 9]},
			"faces": {
				"east": {"uv": [15.375, 13, 15, 12.75], "texture": "#0", "tintindex": 0},
				"west": {"uv": [15, 13, 15.375, 12.75], "texture": "#0", "tintindex": 0},
				"up": {"uv": [16, 12.375, 15.5, 12.75], "texture": "#0", "tintindex": 0},
				"down": {"uv": [16, 13, 15.5, 13.375], "texture": "#0", "tintindex": 0}
			}
		}
	],
	"display": {
		"gui": {
			"rotation": [0, 62.5, 0],
			"translation": [-5.5, 0, 0],
			"scale": [0.8, 0.8, 0.8]
		}
	},
	"groups": [
		{
			"name": "knot",
			"origin": [0, 0, 0],
			"color": 0,
			"nbt": "{}",
			"children": [0, 1, 2, 3]
		},
		{
			"name": "key1",
			"origin": [0, 16, 0.5],
			"color": 0,
			"nbt": "{}",
			"children": [4, 5, 6, 7, 8, 9, 10, 11, 12, 13, 14]
		},
		{
			"name": "key2",
			"origin": [0, 16, 0.5],
			"color": 0,
			"nbt": "{}",
			"children": [15, 16, 17, 18, 19, 20, 21, 22, 23, 24, 25]
		},
		{
			"name": "key3",
			"origin": [0, 16, 0.5],
			"color": 0,
			"nbt": "{}",
			"children": [26, 27, 28, 29, 30, 31, 32, 33, 34, 35, 36]
		},
		{
			"name": "key4",
			"origin": [0, 16, 0.5],
			"color": 0,
			"nbt": "{}",
			"children": [37, 38, 39, 40, 41, 42, 43, 44, 45, 46, 47]
		},
		{
			"name": "key5",
			"origin": [0, 16, 0.5],
			"color": 0,
			"nbt": "{}",
			"children": [48, 49, 50, 51, 52, 53, 54, 55, 56, 57, 58]
		},
		{
			"name": "key6",
			"origin": [0, 16, 0.5],
			"color": 0,
			"nbt": "{}",
			"children": [59, 60, 61, 62, 63, 64, 65, 66, 67, 68, 69]
		},
		{
			"name": "key7",
			"origin": [0, 16, 0.5],
			"color": 0,
			"nbt": "{}",
			"children": [70, 71, 72, 73, 74, 75, 76, 77, 78, 79, 80]
		},
		{
			"name": "key8",
			"origin": [0, 16, 0.5],
			"color": 0,
			"nbt": "{}",
			"children": [81, 82, 83, 84, 85, 86, 87, 88, 89, 90, 91]
		},
		{
			"name": "key9",
			"origin": [0, 16, 0.5],
			"color": 0,
			"nbt": "{}",
			"children": [92, 93, 94, 95, 96, 97, 98, 99, 100, 101, 102]
		},
		{
			"name": "key10",
			"origin": [0, 16, 0.5],
			"color": 0,
			"nbt": "{}",
			"children": [103, 104, 105, 106, 107, 108, 109, 110, 111, 112, 113]
		},
		{
			"name": "key11",
			"origin": [0, 16, 0.5],
			"color": 0,
			"nbt": "{}",
			"children": [114, 115, 116, 117, 118, 119, 120, 121, 122, 123, 124]
		},
		{
			"name": "key12",
			"origin": [0, 16, 0.5],
			"color": 0,
			"nbt": "{}",
			"children": [125, 126, 127, 128, 129, 130, 131, 132, 133, 134, 135]
		},
		{
			"name": "key13",
			"origin": [0, 16, 0.5],
			"color": 0,
			"nbt": "{}",
			"children": [136, 137, 138, 139, 140, 141, 142, 143, 144, 145, 146]
		},
		{
			"name": "key14",
			"origin": [0, 16, 0.5],
			"color": 0,
			"nbt": "{}",
			"children": [147, 148, 149, 150, 151, 152, 153, 154, 155, 156, 157]
		},
		{
			"name": "key15",
			"origin": [0, 16, 0.5],
			"color": 0,
			"nbt": "{}",
			"children": [158, 159, 160, 161, 162, 163, 164, 165, 166, 167, 168]
		},
		{
			"name": "key16",
			"origin": [0, 16, 0.5],
			"color": 0,
			"nbt": "{}",
			"children": [169, 170, 171, 172, 173, 174, 175, 176, 177, 178, 179]
		}
	]
}