{
	"credit": "Made with Blockbench",
	"parent": "hideaway:display_parents/back",
	"texture_size": [64, 64],
	"textures": {
		"1": "hideaway:back/ocean_wave"
	},
	"elements": [
		{
			"from": [4.99018, 6.06032, 10.36484],
			"to": [10.99018, 12.06032, 10.36484],
			"rotation": {"angle": 0, "axis": "y", "origin": [8, 9.06032, 9.95357]},
			"faces": {
				"north": {"uv": [6.992, 0.008, 5.758, 0.734], "rotation": 90, "texture": "#1"},
				"south": {"uv": [6.992, 0.008, 5.758, 0.742], "rotation": 270, "texture": "#1"}
			}
		},
		{
			"from": [2.00982, 6.06032, 8.36484],
			"to": [8.00982, 12.06032, 8.36484],
			"rotation": {"angle": 45, "axis": "y", "origin": [8, 9.06032, 9.95357]},
			"faces": {
				"north": {"uv": [11.242, 1.492, 9.758, 0.008], "rotation": 90, "texture": "#1"},
				"south": {"uv": [11.242, 1.492, 9.758, 0.008], "rotation": 270, "texture": "#1"}
			}
		},
		{
			"from": [7.99018, 6.06032, 8.36484],
			"to": [13.99018, 12.06032, 8.36484],
			"rotation": {"angle": -45, "axis": "y", "origin": [8, 9.06032, 9.95357]},
			"faces": {
				"north": {"uv": [11.242, 0.008, 9.758, 1.484], "rotation": 90, "texture": "#1"},
				"south": {"uv": [11.242, 0.008, 9.758, 1.492], "rotation": 270, "texture": "#1"}
			}
		},
		{
			"from": [5, 10, 8.75],
			"to": [11, 16, 8.75],
			"rotation": {"angle": 45, "axis": "x", "origin": [8, 10, 9]},
			"faces": {
				"north": {"uv": [9.758, 0.008, 11.242, 1.492], "texture": "#1"},
				"south": {"uv": [9.758, 1.492, 11.242, 0.008], "texture": "#1"}
			}
		},
		{
			"from": [6.61515, 6.75, 9.37492],
			"to": [6.61515, 11.75, 14.37492],
			"rotation": {"angle": -22.5, "axis": "y", "origin": [8, 9.25, 10.15485]},
			"faces": {
				"east": {"uv": [8.508, 1.242, 9.742, 0.008], "rotation": 270, "texture": "#1"},
				"west": {"uv": [9.742, 1.242, 8.508, 0.008], "rotation": 90, "texture": "#1"}
			}
		},
		{
			"from": [5.5, 8.25, 9],
			"to": [10.5, 8.25, 14],
			"rotation": {"angle": 22.5, "axis": "x", "origin": [8, 8.5, 9]},
			"faces": {
				"up": {"uv": [8.508, 0.008, 9.742, 1.242], "texture": "#1"},
				"down": {"uv": [8.508, 0.008, 9.742, 1.242], "rotation": 180, "texture": "#1"}
			}
		},
		{
			"from": [5.5, 10.25, 9],
			"to": [10.5, 10.25, 14],
			"rotation": {"angle": -22.5, "axis": "x", "origin": [7.75, 10, 9]},
			"faces": {
				"up": {"uv": [8.508, 1.234, 9.742, 0.008], "rotation": 180, "texture": "#1"},
				"down": {"uv": [8.508, 1.242, 9.742, 0.008], "texture": "#1"}
			}
		},
		{
			"from": [11.12213, -0.90472, 9.85],
			"to": [11.12213, 21.09528, 25.85],
			"rotation": {"angle": 45, "axis": "y", "origin": [12.12213, 11.09528, 9.85]},
			"faces": {
				"east": {"uv": [0.008, 5.492, 3.992, 0.008], "rotation": 180, "texture": "#1"},
				"west": {"uv": [0.008, 0.008, 3.992, 5.492], "texture": "#1"}
			}
		},
		{
			"from": [10.95868, -4.90472, 15.4422],
			"to": [31.95868, 30.09528, 15.4422],
			"rotation": {"angle": -22.5, "axis": "y", "origin": [23.20868, 10.59528, 14.4422]},
			"faces": {
				"north": {"uv": [0.008, 14.492, 5.242, 5.758], "rotation": 180, "texture": "#1"},
				"south": {"uv": [0.008, 5.758, 5.242, 14.492], "texture": "#1"}
			}
		},
		{
			"from": [-15.95868, -4.90472, 15.4422],
			"to": [5.04132, 30.09528, 15.4422],
			"rotation": {"angle": 22.5, "axis": "y", "origin": [-7.20868, 10.59528, 14.4422]},
			"faces": {
				"north": {"uv": [5.242, 14.492, 0.008, 5.758], "rotation": 180, "texture": "#1"},
				"south": {"uv": [5.242, 5.758, 0.008, 14.492], "texture": "#1"}
			}
		},
		{
			"from": [4.87787, -0.90472, 9.85],
			"to": [4.87787, 21.09528, 25.85],
			"rotation": {"angle": -45, "axis": "y", "origin": [3.87787, 11.09528, 9.85]},
			"faces": {
				"east": {"uv": [3.992, 0.008, 0.008, 5.492], "texture": "#1"},
				"west": {"uv": [3.992, 5.492, 0.008, 0.008], "rotation": 180, "texture": "#1"}
			}
		},
		{
			"from": [0, -1.3085, 6.66206],
			"to": [16, -1.3085, 30.66206],
			"rotation": {"angle": 45, "axis": "x", "origin": [8, -1.3085, 18.66206]},
			"faces": {
				"up": {"uv": [4.508, 0.008, 8.492, 5.992], "texture": "#1"},
				"down": {"uv": [4.508, 5.992, 8.492, 0.008], "texture": "#1"}
			}
		},
		{
			"from": [9.38485, 6.75, 9.37492],
			"to": [9.38485, 11.75, 14.37492],
			"rotation": {"angle": 22.5, "axis": "y", "origin": [8, 9.25, 10.15485]},
			"faces": {
				"east": {"uv": [8.508, 0.008, 9.742, 1.242], "rotation": 90, "texture": "#1"},
				"west": {"uv": [8.508, 0.008, 9.742, 1.242], "rotation": 270, "texture": "#1"}
			}
		}
	],
	"display": {
		"gui": {
			"translation": [0, -0.75, 0],
			"scale": [0.4, 0.4, 0.4]
		}
	},
	"groups": [
		{
			"name": "group",
			"origin": [8, 8, 8],
			"color": 0,
			"nbt": "{}",
			"children": [0, 1, 2, 3, 4, 5, 6, 7, 8, 9, 10, 11, 12]
		}
	],
	"__credit": "Generated using Animated Java (https://animated-java.dev/)"
}