{
	"credit": "Made with Blockbench",
	"parent": "hideaway:display_parents/back",
	"texture_size": [64, 64],
	"textures": {
		"3": "hideaway:back/octo_arms"
	},
	"elements": [
		{
			"from": [9, -1, 11],
			"to": [19, 20, 11],
			"rotation": {"angle": -22.5, "axis": "y", "origin": [11, 10.75, 12.5]},
			"faces": {
				"north": {"uv": [0, 7.25, 2.5, 12.5], "texture": "#3"},
				"east": {"uv": [0, 0, 0, 5.25], "texture": "#3"},
				"south": {"uv": [2.5, 7.25, 0, 12.5], "texture": "#3"},
				"west": {"uv": [0, 0, 0, 5.25], "texture": "#3"},
				"up": {"uv": [2.5, 0, 0, 0], "texture": "#3"},
				"down": {"uv": [2.5, 0, 0, 0], "texture": "#3"}
			}
		},
		{
			"from": [20.45082, -5, 12.64889],
			"to": [31.45082, 24, 12.64889],
			"rotation": {"angle": 22.5, "axis": "y", "origin": [23.54531, 1.25, 17.14889]},
			"faces": {
				"north": {"uv": [0, 0, 2.75, 7.25], "texture": "#3"},
				"east": {"uv": [0, 0, 0, 7.25], "texture": "#3"},
				"south": {"uv": [2.75, 0, 0, 7.25], "texture": "#3"},
				"west": {"uv": [0, 0, 0, 7.25], "texture": "#3"},
				"up": {"uv": [2.75, 0, 0, 0], "texture": "#3"},
				"down": {"uv": [2.75, 0, 0, 0], "texture": "#3"}
			}
		},
		{
			"from": [-15.45082, -5, 12.64889],
			"to": [-4.45082, 24, 12.64889],
			"rotation": {"angle": -22.5, "axis": "y", "origin": [-7.54531, 1.25, 17.14889]},
			"faces": {
				"north": {"uv": [2.75, 0, 0, 7.25], "texture": "#3"},
				"east": {"uv": [0, 0, 0, 7.25], "texture": "#3"},
				"south": {"uv": [0, 0, 2.75, 7.25], "texture": "#3"},
				"west": {"uv": [0, 0, 0, 7.25], "texture": "#3"},
				"up": {"uv": [0, 0, 2.75, 0], "texture": "#3"},
				"down": {"uv": [0, 0, 2.75, 0], "texture": "#3"}
			}
		},
		{
			"from": [-3, -1, 11],
			"to": [7, 20, 11],
			"rotation": {"angle": 22.5, "axis": "y", "origin": [5, 10.75, 12.5]},
			"faces": {
				"north": {"uv": [2.5, 7.25, 0, 12.5], "texture": "#3"},
				"east": {"uv": [0, 0, 0, 5.25], "texture": "#3"},
				"south": {"uv": [0, 7.25, 2.5, 12.5], "texture": "#3"},
				"west": {"uv": [0, 0, 0, 5.25], "texture": "#3"},
				"up": {"uv": [0, 0, 2.5, 0], "texture": "#3"},
				"down": {"uv": [0, 0, 2.5, 0], "texture": "#3"}
			}
		},
		{
			"from": [20.45082, -5, 12.64889],
			"to": [31.45082, 24, 12.64889],
			"rotation": {"angle": 22.5, "axis": "y", "origin": [23.54531, 1.25, 17.14889]},
			"faces": {
				"north": {"uv": [2.75, 0, 5.5, 7.25], "texture": "#3", "tintindex": 0},
				"east": {"uv": [0, 0, 0, 7.25], "texture": "#3", "tintindex": 0},
				"south": {"uv": [5.5, 0, 2.75, 7.25], "texture": "#3", "tintindex": 0},
				"west": {"uv": [0, 0, 0, 7.25], "texture": "#3", "tintindex": 0},
				"up": {"uv": [2.75, 0, 0, 0], "texture": "#3", "tintindex": 0},
				"down": {"uv": [2.75, 0, 0, 0], "texture": "#3", "tintindex": 0}
			}
		},
		{
			"from": [9, -1, 11],
			"to": [19, 20, 11],
			"rotation": {"angle": -22.5, "axis": "y", "origin": [11, 10.75, 12.5]},
			"faces": {
				"north": {"uv": [2.75, 7.5, 5.25, 12.75], "texture": "#3", "tintindex": 0},
				"east": {"uv": [0, 0, 0, 5.25], "texture": "#3", "tintindex": 0},
				"south": {"uv": [5.25, 7.5, 2.75, 12.75], "texture": "#3", "tintindex": 0},
				"west": {"uv": [0, 0, 0, 5.25], "texture": "#3", "tintindex": 0},
				"up": {"uv": [2.5, 0, 0, 0], "texture": "#3", "tintindex": 0},
				"down": {"uv": [2.5, 0, 0, 0], "texture": "#3", "tintindex": 0}
			}
		},
		{
			"from": [-3, -1, 11],
			"to": [7, 20, 11],
			"rotation": {"angle": 22.5, "axis": "y", "origin": [5, 10.75, 12.5]},
			"faces": {
				"north": {"uv": [5.25, 7.5, 2.75, 12.75], "texture": "#3", "tintindex": 0},
				"east": {"uv": [0, 0, 0, 5.25], "texture": "#3", "tintindex": 0},
				"south": {"uv": [2.75, 7.5, 5.25, 12.75], "texture": "#3", "tintindex": 0},
				"west": {"uv": [0, 0, 0, 5.25], "texture": "#3", "tintindex": 0},
				"up": {"uv": [0, 0, 2.5, 0], "texture": "#3", "tintindex": 0},
				"down": {"uv": [0, 0, 2.5, 0], "texture": "#3", "tintindex": 0}
			}
		},
		{
			"from": [-15.45082, -5, 12.64889],
			"to": [-4.45082, 24, 12.64889],
			"rotation": {"angle": -22.5, "axis": "y", "origin": [-7.54531, 1.25, 17.14889]},
			"faces": {
				"north": {"uv": [5.5, 0, 2.75, 7.25], "texture": "#3", "tintindex": 0},
				"east": {"uv": [0, 0, 0, 7.25], "texture": "#3", "tintindex": 0},
				"south": {"uv": [2.75, 0, 5.5, 7.25], "texture": "#3", "tintindex": 0},
				"west": {"uv": [0, 0, 0, 7.25], "texture": "#3", "tintindex": 0},
				"up": {"uv": [0, 0, 2.75, 0], "texture": "#3", "tintindex": 0},
				"down": {"uv": [0, 0, 2.75, 0], "texture": "#3", "tintindex": 0}
			}
		}
	],
	"display": {
		"gui": {
			"rotation": [18, 30.75, 0],
			"translation": [-0.75, 0, 0],
			"scale": [0.4, 0.4, 0.4]
		}
	},
	"groups": [
		0,
		1,
		2,
		3,
		{
			"name": "color",
			"origin": [11, 10.75, 12.5],
			"color": 0,
			"nbt": "{}",
			"armAnimationEnabled": false,
			"children": [4, 5, 6, 7]
		}
	]
}