{
	"credit": "Made with Blockbench",
	"parent": "hideaway:display_parents/back",
	"texture_size": [32, 32],
	"textures": {
		"0": "hideaway:back/overgrown_back",
		"particle": "hideaway:back/overgrown_back"
	},
	"elements": [
		{
			"from": [5.5, 3, 10],
			"to": [5.5, 15, 15],
			"rotation": {"angle": -22.5, "axis": "y", "origin": [5.5, 9, 12.5]},
			"faces": {
				"north": {"uv": [0, 0, 0, 6], "texture": "#0"},
				"east": {"uv": [5, 0, 2.5, 6], "texture": "#0"},
				"south": {"uv": [0, 0, 0, 6], "texture": "#0"},
				"west": {"uv": [2.5, 0, 5, 6], "texture": "#0"},
				"up": {"uv": [0, 2.5, 0, 0], "texture": "#0"},
				"down": {"uv": [0, 0, 0, 2.5], "texture": "#0"}
			}
		},
		{
			"from": [10.5, 3, 10],
			"to": [10.5, 15, 15],
			"rotation": {"angle": 22.5, "axis": "y", "origin": [10.5, 9, 12.5]},
			"faces": {
				"north": {"uv": [0, 0, 0, 6], "texture": "#0"},
				"east": {"uv": [5, 0, 7.5, 6], "texture": "#0"},
				"south": {"uv": [0, 0, 0, 6], "texture": "#0"},
				"west": {"uv": [7.5, 0, 5, 6], "texture": "#0"},
				"up": {"uv": [0, 2.5, 0, 0], "texture": "#0"},
				"down": {"uv": [0, 0, 0, 2.5], "texture": "#0"}
			}
		},
		{
			"from": [2.5, 10, 12],
			"to": [7.5, 12, 17],
			"rotation": {"angle": 22.5, "axis": "z", "origin": [5, 11, 14.5]},
			"faces": {
				"north": {"uv": [6.5, 9, 9, 10], "texture": "#0"},
				"east": {"uv": [9, 9, 11.5, 10], "texture": "#0"},
				"south": {"uv": [9.5, 5, 12, 6], "texture": "#0"},
				"west": {"uv": [9.5, 6, 12, 7], "texture": "#0"},
				"up": {"uv": [5, 8.5, 2.5, 6], "texture": "#0"},
				"down": {"uv": [7.5, 6, 5, 8.5], "texture": "#0"}
			}
		},
		{
			"from": [8.5, 6, 12],
			"to": [13.5, 8, 17],
			"rotation": {"angle": -22.5, "axis": "z", "origin": [12, 7, 14.5]},
			"faces": {
				"north": {"uv": [9.5, 7, 12, 8], "texture": "#0"},
				"east": {"uv": [9.5, 8, 12, 9], "texture": "#0"},
				"south": {"uv": [10, 0, 12.5, 1], "texture": "#0"},
				"west": {"uv": [10, 1, 12.5, 2], "texture": "#0"},
				"up": {"uv": [10, 2.5, 7.5, 0], "texture": "#0"},
				"down": {"uv": [10, 2.5, 7.5, 5], "texture": "#0"}
			}
		},
		{
			"from": [9, 12, 10.5],
			"to": [13, 14, 14.5],
			"rotation": {"angle": 0, "axis": "y", "origin": [10.5, 13, 12.5]},
			"faces": {
				"north": {"uv": [10, 2, 12, 3], "texture": "#0"},
				"east": {"uv": [10, 3, 12, 4], "texture": "#0"},
				"south": {"uv": [10, 4, 12, 5], "texture": "#0"},
				"west": {"uv": [6.5, 10, 8.5, 11], "texture": "#0"},
				"up": {"uv": [9.5, 7, 7.5, 5], "texture": "#0"},
				"down": {"uv": [9.5, 7, 7.5, 9], "texture": "#0"}
			}
		},
		{
			"from": [3.5, 4.5, 10.5],
			"to": [7.5, 6.5, 14.5],
			"rotation": {"angle": 22.5, "axis": "x", "origin": [5.5, 4.5, 12.5]},
			"faces": {
				"north": {"uv": [8.5, 10, 10.5, 11], "texture": "#0"},
				"east": {"uv": [2.5, 10.5, 4.5, 11.5], "texture": "#0"},
				"south": {"uv": [4.5, 10.5, 6.5, 11.5], "texture": "#0"},
				"west": {"uv": [10.5, 10, 12.5, 11], "texture": "#0"},
				"up": {"uv": [4.5, 10.5, 2.5, 8.5], "texture": "#0"},
				"down": {"uv": [6.5, 8.5, 4.5, 10.5], "texture": "#0"}
			}
		}
	],
	"display": {
		"gui": {
			"rotation": [0, -32, 0],
			"translation": [2.75, 0, 0]
		}
	}
}