{
	"credit": "Made by Ziqqy using Blockbench",
	"parent": "hideaway:display_parents/back",
	"texture_size": [64, 64],
	"textures": {
		"0": "hideaway:back/paint_brush",
		"particle": "hideaway:back/paint_brush"
	},
	"elements": [
		{
			"from": [-4, 9, 10],
			"to": [22, 12, 13],
			"rotation": {"angle": -45, "axis": "z", "origin": [8, 12, 11]},
			"faces": {
				"north": {"uv": [2.258, 0.008, 8.742, 0.742], "texture": "#0"},
				"east": {"uv": [6.258, 5.258, 6.992, 5.992], "texture": "#0"},
				"south": {"uv": [2.258, 0.758, 8.742, 1.492], "texture": "#0"},
				"west": {"uv": [6.258, 6.008, 6.992, 6.742], "texture": "#0"},
				"up": {"uv": [8.742, 2.242, 2.258, 1.508], "texture": "#0"},
				"down": {"uv": [8.742, 2.258, 2.258, 2.992], "texture": "#0"}
			}
		},
		{
			"from": [-4.3, 8.7, 9.7],
			"to": [0.3, 12.3, 13.3],
			"rotation": {"angle": -45, "axis": "z", "origin": [8, 12, 11]},
			"faces": {
				"north": {"uv": [1.258, 4.508, 2.242, 5.242], "texture": "#0"},
				"east": {"uv": [1.258, 6.758, 1.992, 7.492], "texture": "#0"},
				"south": {"uv": [6.008, 3.008, 6.992, 3.742], "texture": "#0"},
				"west": {"uv": [2.008, 6.758, 2.742, 7.492], "texture": "#0"},
				"up": {"uv": [6.992, 4.492, 6.008, 3.758], "texture": "#0"},
				"down": {"uv": [6.992, 4.508, 6.008, 5.242], "texture": "#0"}
			}
		},
		{
			"from": [-9, 8, 9],
			"to": [-4, 13, 14],
			"rotation": {"angle": -45, "axis": "z", "origin": [8, 12, 11]},
			"faces": {
				"north": {"uv": [2.258, 3.008, 3.492, 4.242], "texture": "#0"},
				"east": {"uv": [3.508, 3.008, 4.742, 4.242], "texture": "#0"},
				"south": {"uv": [2.258, 4.258, 3.492, 5.492], "texture": "#0"},
				"west": {"uv": [3.508, 4.258, 4.742, 5.492], "texture": "#0"},
				"up": {"uv": [1.242, 5.742, 0.008, 4.508], "texture": "#0"},
				"down": {"uv": [5.992, 3.008, 4.758, 4.242], "texture": "#0"}
			}
		},
		{
			"from": [-13, 3.75, 11.5],
			"to": [-4, 12.75, 11.5],
			"rotation": {"angle": -45, "axis": "z", "origin": [8, 12, 11]},
			"faces": {
				"north": {"uv": [0.008, 0.008, 2.242, 2.242], "texture": "#0", "tintindex": 0},
				"east": {"uv": [0.008, 0.008, 0.008, 2.242], "texture": "#0", "tintindex": 0},
				"south": {"uv": [0.008, 2.258, 2.242, 4.492], "texture": "#0", "tintindex": 0},
				"west": {"uv": [0.008, 0.008, 0.008, 2.242], "texture": "#0", "tintindex": 0},
				"up": {"uv": [2.242, 0.008, 0.008, 0.008], "texture": "#0", "tintindex": 0},
				"down": {"uv": [2.242, 0.008, 0.008, 0.008], "texture": "#0", "tintindex": 0}
			}
		},
		{
			"from": [-9.3, 7.7, 8.7],
			"to": [-3.7, 13.3, 14.3],
			"rotation": {"angle": -45, "axis": "z", "origin": [8, 12, 11]},
			"faces": {
				"north": {"uv": [4.758, 4.258, 5.992, 5.492], "texture": "#0", "tintindex": 0},
				"east": {"uv": [1.258, 5.508, 2.492, 6.742], "texture": "#0", "tintindex": 0},
				"south": {"uv": [2.508, 5.508, 3.742, 6.742], "texture": "#0", "tintindex": 0},
				"west": {"uv": [3.758, 5.508, 4.992, 6.742], "texture": "#0", "tintindex": 0},
				"up": {"uv": [6.242, 6.742, 5.008, 5.508], "texture": "#0", "tintindex": 0},
				"down": {"uv": [1.242, 5.758, 0.008, 6.992], "texture": "#0", "tintindex": 0}
			}
		}
	],
	"display": {
		"gui": {
			"rotation": [30, -135, 0],
			"translation": [-0.25, -3.25, 0],
			"scale": [0.5, 0.5, 0.5]
		}
	},
	"groups": [
		{
			"name": "group",
			"origin": [8, 8, 8],
			"color": 0,
			"children": [
				0,
				1,
				{
					"name": "group",
					"origin": [8, 8, 11],
					"color": 0,
					"children": [2, 3, 4]
				}
			]
		}
	]
}