{
	"credit": "Made by Ziqqy using Blockbench",
	"parent": "hideaway:display_parents/back",
	"texture_size": [128, 128],
	"textures": {
		"2": "hideaway:back/palm_tree_pot",
		"particle": "hideaway:back/palm_tree_pot"
	},
	"elements": [
		{
			"from": [-6.5, 25.01, 0.5],
			"to": [22.5, 25.01, 29.5],
			"rotation": {"angle": -45, "axis": "y", "origin": [8, 17.86373, 15]},
			"faces": {
				"north": {"uv": [0.004, 0.004, 3.621, 0.004], "texture": "#2"},
				"east": {"uv": [0.004, 0.004, 3.621, 0.004], "texture": "#2"},
				"south": {"uv": [0.004, 0.004, 3.621, 0.004], "texture": "#2"},
				"west": {"uv": [0.004, 0.004, 3.621, 0.004], "texture": "#2"},
				"up": {"uv": [3.621, 3.621, 0.004, 0.004], "texture": "#2"},
				"down": {"uv": [3.621, 3.629, 0.004, 7.246], "texture": "#2"}
			}
		},
		{
			"from": [4.5, 22.90983, 20.04611],
			"to": [11.5, 29.90983, 20.04611],
			"rotation": {"angle": -45, "axis": "x", "origin": [8, 17.86373, 15]},
			"faces": {
				"north": {"uv": [5.879, 1.754, 6.746, 2.621], "texture": "#2"},
				"east": {"uv": [0.004, 0.004, 0.004, 0.871], "texture": "#2"},
				"south": {"uv": [5.879, 2.629, 6.746, 3.496], "texture": "#2"},
				"west": {"uv": [0.004, 0.004, 0.004, 0.871], "texture": "#2"},
				"up": {"uv": [0.871, 0.004, 0.004, 0.004], "texture": "#2"},
				"down": {"uv": [0.871, 0.004, 0.004, 0.004], "texture": "#2"}
			}
		},
		{
			"from": [4.5, 30.92332, 6.05307],
			"to": [11.5, 30.92332, 15.05307],
			"rotation": {"angle": -22.5, "axis": "x", "origin": [8, 17.86373, 15]},
			"faces": {
				"north": {"uv": [0.004, 0.004, 0.871, 0.004], "texture": "#2"},
				"east": {"uv": [0.004, 0.004, 1.121, 0.004], "texture": "#2"},
				"south": {"uv": [0.004, 0.004, 0.871, 0.004], "texture": "#2"},
				"west": {"uv": [0.004, 0.004, 1.121, 0.004], "texture": "#2"},
				"up": {"uv": [5.871, 1.121, 5.004, 0.004], "texture": "#2"},
				"down": {"uv": [5.871, 1.129, 5.004, 2.246], "texture": "#2"}
			}
		},
		{
			"from": [4.5, 15.77253, -0.56167],
			"to": [11.5, 20.77253, -0.56167],
			"rotation": {"angle": 22.5, "axis": "x", "origin": [8, 17.86373, 15]},
			"faces": {
				"north": {"uv": [5.879, 5.754, 6.746, 6.371], "texture": "#2"},
				"east": {"uv": [0.004, 0.004, 0.004, 0.621], "texture": "#2"},
				"south": {"uv": [5.879, 6.379, 6.746, 6.996], "texture": "#2"},
				"west": {"uv": [0.004, 0.004, 0.004, 0.621], "texture": "#2"},
				"up": {"uv": [0.871, 0.004, 0.004, 0.004], "texture": "#2"},
				"down": {"uv": [0.871, 0.004, 0.004, 0.004], "texture": "#2"}
			}
		},
		{
			"from": [4.5, 22.90983, 9.95389],
			"to": [11.5, 29.90983, 9.95389],
			"rotation": {"angle": 45, "axis": "x", "origin": [8, 17.86373, 15]},
			"faces": {
				"north": {"uv": [6.746, 2.629, 5.879, 3.496], "texture": "#2"},
				"east": {"uv": [0.004, 0.004, 0.004, 0.871], "texture": "#2"},
				"south": {"uv": [6.746, 1.754, 5.879, 2.621], "texture": "#2"},
				"west": {"uv": [0.004, 0.004, 0.004, 0.871], "texture": "#2"},
				"up": {"uv": [0.871, 0.004, 0.004, 0.004], "texture": "#2"},
				"down": {"uv": [0.871, 0.004, 0.004, 0.004], "texture": "#2"}
			}
		},
		{
			"from": [4.5, 30.92332, 14.94693],
			"to": [11.5, 30.92332, 23.94693],
			"rotation": {"angle": 22.5, "axis": "x", "origin": [8, 17.86373, 15]},
			"faces": {
				"north": {"uv": [0.871, 0.004, 0.004, 0.004], "texture": "#2"},
				"east": {"uv": [1.121, 0.004, 0.004, 0.004], "texture": "#2"},
				"south": {"uv": [0.871, 0.004, 0.004, 0.004], "texture": "#2"},
				"west": {"uv": [1.121, 0.004, 0.004, 0.004], "texture": "#2"},
				"up": {"uv": [5.871, 0.004, 5.004, 1.121], "texture": "#2"},
				"down": {"uv": [5.871, 2.246, 5.004, 1.129], "texture": "#2"}
			}
		},
		{
			"from": [4.5, 15.77253, 30.56167],
			"to": [11.5, 20.77253, 30.56167],
			"rotation": {"angle": -22.5, "axis": "x", "origin": [8, 17.86373, 15]},
			"faces": {
				"north": {"uv": [6.746, 6.379, 5.879, 6.996], "texture": "#2"},
				"east": {"uv": [0.004, 0.004, 0.004, 0.621], "texture": "#2"},
				"south": {"uv": [6.746, 5.754, 5.879, 6.371], "texture": "#2"},
				"west": {"uv": [0.004, 0.004, 0.004, 0.621], "texture": "#2"},
				"up": {"uv": [0.871, 0.004, 0.004, 0.004], "texture": "#2"},
				"down": {"uv": [0.871, 0.004, 0.004, 0.004], "texture": "#2"}
			}
		},
		{
			"from": [13.04611, 22.90983, 11.5],
			"to": [13.04611, 29.90983, 18.5],
			"rotation": {"angle": 45, "axis": "z", "origin": [8, 17.86373, 15]},
			"faces": {
				"north": {"uv": [0.004, 0.004, 0.004, 0.871], "texture": "#2"},
				"east": {"uv": [6.746, 2.629, 5.879, 3.496], "texture": "#2"},
				"south": {"uv": [0.004, 0.004, 0.004, 0.871], "texture": "#2"},
				"west": {"uv": [6.746, 1.754, 5.879, 2.621], "texture": "#2"},
				"up": {"uv": [0.871, 0.004, 0.004, 0.004], "rotation": 90, "texture": "#2"},
				"down": {"uv": [0.871, 0.004, 0.004, 0.004], "rotation": 270, "texture": "#2"}
			}
		},
		{
			"from": [-0.94693, 30.92332, 11.5],
			"to": [8.05307, 30.92332, 18.5],
			"rotation": {"angle": 22.5, "axis": "z", "origin": [8, 17.86373, 15]},
			"faces": {
				"north": {"uv": [1.121, 0.004, 0.004, 0.004], "texture": "#2"},
				"east": {"uv": [0.871, 0.004, 0.004, 0.004], "texture": "#2"},
				"south": {"uv": [1.121, 0.004, 0.004, 0.004], "texture": "#2"},
				"west": {"uv": [0.871, 0.004, 0.004, 0.004], "texture": "#2"},
				"up": {"uv": [5.871, 0.004, 5.004, 1.121], "rotation": 90, "texture": "#2"},
				"down": {"uv": [5.871, 2.246, 5.004, 1.129], "rotation": 270, "texture": "#2"}
			}
		},
		{
			"from": [-7.56167, 15.77253, 11.5],
			"to": [-7.56167, 20.77253, 18.5],
			"rotation": {"angle": -22.5, "axis": "z", "origin": [8, 17.86373, 15]},
			"faces": {
				"north": {"uv": [0.004, 0.004, 0.004, 0.621], "texture": "#2"},
				"east": {"uv": [6.746, 6.379, 5.879, 6.996], "texture": "#2"},
				"south": {"uv": [0.004, 0.004, 0.004, 0.621], "texture": "#2"},
				"west": {"uv": [6.746, 5.754, 5.879, 6.371], "texture": "#2"},
				"up": {"uv": [0.871, 0.004, 0.004, 0.004], "rotation": 90, "texture": "#2"},
				"down": {"uv": [0.871, 0.004, 0.004, 0.004], "rotation": 270, "texture": "#2"}
			}
		},
		{
			"from": [2.95389, 22.90983, 11.5],
			"to": [2.95389, 29.90983, 18.5],
			"rotation": {"angle": -45, "axis": "z", "origin": [8, 17.86373, 15]},
			"faces": {
				"north": {"uv": [0.004, 0.004, 0.004, 0.871], "texture": "#2"},
				"east": {"uv": [5.879, 1.754, 6.746, 2.621], "texture": "#2"},
				"south": {"uv": [0.004, 0.004, 0.004, 0.871], "texture": "#2"},
				"west": {"uv": [5.879, 2.629, 6.746, 3.496], "texture": "#2"},
				"up": {"uv": [0.871, 0.004, 0.004, 0.004], "rotation": 90, "texture": "#2"},
				"down": {"uv": [0.871, 0.004, 0.004, 0.004], "rotation": 270, "texture": "#2"}
			}
		},
		{
			"from": [7.94693, 30.92332, 11.5],
			"to": [16.94693, 30.92332, 18.5],
			"rotation": {"angle": -22.5, "axis": "z", "origin": [8, 17.86373, 15]},
			"faces": {
				"north": {"uv": [0.004, 0.004, 1.121, 0.004], "texture": "#2"},
				"east": {"uv": [0.004, 0.004, 0.871, 0.004], "texture": "#2"},
				"south": {"uv": [0.004, 0.004, 1.121, 0.004], "texture": "#2"},
				"west": {"uv": [0.004, 0.004, 0.871, 0.004], "texture": "#2"},
				"up": {"uv": [5.871, 1.121, 5.004, 0.004], "rotation": 90, "texture": "#2"},
				"down": {"uv": [5.871, 1.129, 5.004, 2.246], "rotation": 270, "texture": "#2"}
			}
		},
		{
			"from": [23.56167, 15.77253, 11.5],
			"to": [23.56167, 20.77253, 18.5],
			"rotation": {"angle": 22.5, "axis": "z", "origin": [8, 17.86373, 15]},
			"faces": {
				"north": {"uv": [0.004, 0.004, 0.004, 0.621], "texture": "#2"},
				"east": {"uv": [5.879, 5.754, 6.746, 6.371], "texture": "#2"},
				"south": {"uv": [0.004, 0.004, 0.004, 0.621], "texture": "#2"},
				"west": {"uv": [5.879, 6.379, 6.746, 6.996], "texture": "#2"},
				"up": {"uv": [0.871, 0.004, 0.004, 0.004], "rotation": 90, "texture": "#2"},
				"down": {"uv": [0.871, 0.004, 0.004, 0.004], "rotation": 270, "texture": "#2"}
			}
		},
		{
			"from": [5, 10, 12],
			"to": [11, 16, 18],
			"rotation": {"angle": 0, "axis": "y", "origin": [8, 17.86373, 15]},
			"faces": {
				"north": {"uv": [5.879, 3.504, 6.621, 4.246], "texture": "#2"},
				"east": {"uv": [3.629, 5.879, 4.371, 6.621], "texture": "#2"},
				"south": {"uv": [5.879, 4.254, 6.621, 4.996], "texture": "#2"},
				"west": {"uv": [4.379, 5.879, 5.121, 6.621], "texture": "#2"},
				"up": {"uv": [6.621, 5.746, 5.879, 5.004], "texture": "#2"},
				"down": {"uv": [5.871, 5.879, 5.129, 6.621], "texture": "#2"}
			}
		},
		{
			"from": [3.32883, 14.42589, 12],
			"to": [3.32883, 19.42589, 18],
			"rotation": {"angle": 22.5, "axis": "z", "origin": [8, 17.86373, 15]},
			"faces": {
				"north": {"uv": [0.004, 0.004, 0.004, 0.621], "texture": "#2"},
				"east": {"uv": [6.629, 4.629, 7.371, 5.246], "texture": "#2"},
				"south": {"uv": [0.004, 0.004, 0.004, 0.621], "texture": "#2"},
				"west": {"uv": [5.004, 6.629, 5.746, 7.246], "texture": "#2"},
				"up": {"uv": [0.004, 0.746, 0.004, 0.004], "texture": "#2"},
				"down": {"uv": [0.004, 0.004, 0.004, 0.746], "texture": "#2"}
			}
		},
		{
			"from": [12.67117, 14.42589, 12],
			"to": [12.67117, 19.42589, 18],
			"rotation": {"angle": -22.5, "axis": "z", "origin": [8, 17.86373, 15]},
			"faces": {
				"north": {"uv": [0.004, 0.004, 0.004, 0.621], "texture": "#2"},
				"east": {"uv": [5.746, 6.629, 5.004, 7.246], "texture": "#2"},
				"south": {"uv": [0.004, 0.004, 0.004, 0.621], "texture": "#2"},
				"west": {"uv": [7.371, 4.629, 6.629, 5.246], "texture": "#2"},
				"up": {"uv": [0.004, 0.746, 0.004, 0.004], "texture": "#2"},
				"down": {"uv": [0.004, 0.004, 0.004, 0.746], "texture": "#2"}
			}
		},
		{
			"from": [5, 12.12879, 15.8721],
			"to": [11, 12.12879, 20.8721],
			"rotation": {"angle": -22.5, "axis": "x", "origin": [8, 17.86373, 15]},
			"faces": {
				"north": {"uv": [0.004, 0.004, 0.746, 0.004], "texture": "#2"},
				"east": {"uv": [0.004, 0.004, 0.621, 0.004], "texture": "#2"},
				"south": {"uv": [0.004, 0.004, 0.746, 0.004], "texture": "#2"},
				"west": {"uv": [0.004, 0.004, 0.621, 0.004], "texture": "#2"},
				"up": {"uv": [7.496, 2.371, 6.754, 1.754], "texture": "#2"},
				"down": {"uv": [7.496, 2.379, 6.754, 2.996], "texture": "#2"}
			}
		},
		{
			"from": [5, 16.27365, 11.09419],
			"to": [11, 21.27365, 11.09419],
			"rotation": {"angle": -22.5, "axis": "x", "origin": [8, 17.86373, 15]},
			"faces": {
				"north": {"uv": [6.754, 5.254, 7.496, 5.871], "texture": "#2"},
				"east": {"uv": [0.004, 0.004, 0.004, 0.621], "texture": "#2"},
				"south": {"uv": [6.754, 5.879, 7.496, 6.496], "texture": "#2"},
				"west": {"uv": [0.004, 0.004, 0.004, 0.621], "texture": "#2"},
				"up": {"uv": [0.746, 0.004, 0.004, 0.004], "texture": "#2"},
				"down": {"uv": [0.746, 0.004, 0.004, 0.004], "texture": "#2"}
			}
		},
		{
			"from": [6, 16, 13],
			"to": [10, 20, 17],
			"rotation": {"angle": 0, "axis": "y", "origin": [8, 17.86373, 15]},
			"faces": {
				"north": {"uv": [5.004, 2.254, 5.496, 2.746], "texture": "#2"},
				"east": {"uv": [6.754, 3.004, 7.246, 3.496], "texture": "#2"},
				"south": {"uv": [6.754, 6.504, 7.246, 6.996], "texture": "#2"},
				"west": {"uv": [7.004, 0.004, 7.496, 0.496], "texture": "#2"},
				"up": {"uv": [7.496, 0.996, 7.004, 0.504], "texture": "#2"},
				"down": {"uv": [7.496, 1.004, 7.004, 1.496], "texture": "#2"}
			}
		},
		{
			"from": [6.5, 20, 13.5],
			"to": [9.5, 25, 16.5],
			"rotation": {"angle": 0, "axis": "y", "origin": [8, 17.86373, 15]},
			"faces": {
				"north": {"uv": [3.629, 7.004, 3.996, 7.621], "texture": "#2"},
				"east": {"uv": [4.004, 7.004, 4.371, 7.621], "texture": "#2"},
				"south": {"uv": [4.379, 7.004, 4.746, 7.621], "texture": "#2"},
				"west": {"uv": [5.754, 7.004, 6.121, 7.621], "texture": "#2"},
				"up": {"uv": [5.871, 2.621, 5.504, 2.254], "texture": "#2"},
				"down": {"uv": [6.746, 7.004, 6.379, 7.371], "texture": "#2"}
			}
		},
		{
			"from": [6.5, 19.67291, 18.42855],
			"to": [9.5, 22.67291, 21.42855],
			"rotation": {"angle": -22.5, "axis": "x", "origin": [8, 17.86373, 15]},
			"faces": {
				"north": {"uv": [6.754, 7.004, 7.121, 7.371], "texture": "#2"},
				"east": {"uv": [7.129, 7.004, 7.496, 7.371], "texture": "#2"},
				"south": {"uv": [0.004, 7.254, 0.371, 7.621], "texture": "#2"},
				"west": {"uv": [0.379, 7.254, 0.746, 7.621], "texture": "#2"},
				"up": {"uv": [1.121, 7.621, 0.754, 7.254], "texture": "#2"},
				"down": {"uv": [1.496, 7.254, 1.129, 7.621], "texture": "#2"}
			}
		},
		{
			"from": [1.34309, 19.82096, 11.5],
			"to": [4.34309, 22.82096, 14.5],
			"rotation": {"angle": -22.5, "axis": "z", "origin": [8, 17.86373, 15]},
			"faces": {
				"north": {"uv": [1.504, 7.254, 1.871, 7.621], "texture": "#2"},
				"east": {"uv": [1.879, 7.254, 2.246, 7.621], "texture": "#2"},
				"south": {"uv": [2.254, 7.254, 2.621, 7.621], "texture": "#2"},
				"west": {"uv": [2.629, 7.254, 2.996, 7.621], "texture": "#2"},
				"up": {"uv": [3.371, 7.621, 3.004, 7.254], "texture": "#2"},
				"down": {"uv": [7.621, 3.004, 7.254, 3.371], "texture": "#2"}
			}
		},
		{
			"from": [11.65691, 19.82096, 11.5],
			"to": [14.65691, 22.82096, 14.5],
			"rotation": {"angle": 22.5, "axis": "z", "origin": [8, 17.86373, 15]},
			"faces": {
				"north": {"uv": [1.871, 7.254, 1.504, 7.621], "texture": "#2"},
				"east": {"uv": [2.996, 7.254, 2.629, 7.621], "texture": "#2"},
				"south": {"uv": [2.621, 7.254, 2.254, 7.621], "texture": "#2"},
				"west": {"uv": [2.246, 7.254, 1.879, 7.621], "texture": "#2"},
				"up": {"uv": [3.004, 7.621, 3.371, 7.254], "texture": "#2"},
				"down": {"uv": [7.254, 3.004, 7.621, 3.371], "texture": "#2"}
			}
		},
		{
			"from": [4, 7, 5],
			"to": [6, 14, 6],
			"rotation": {"angle": 0, "axis": "y", "origin": [8, 17.86373, 15]},
			"faces": {
				"north": {"uv": [4.754, 7.004, 4.996, 7.871], "texture": "#2"},
				"east": {"uv": [5.254, 7.254, 5.371, 8.121], "texture": "#2"},
				"south": {"uv": [6.129, 7.004, 6.371, 7.871], "texture": "#2"},
				"west": {"uv": [5.379, 7.254, 5.496, 8.121], "texture": "#2"},
				"up": {"uv": [7.496, 6.996, 7.254, 6.879], "texture": "#2"},
				"down": {"uv": [7.621, 4.629, 7.379, 4.746], "texture": "#2"}
			}
		},
		{
			"from": [3.99, 6.99, 5.99],
			"to": [6.01, 8.01, 9.01],
			"rotation": {"angle": 0, "axis": "y", "origin": [8, 17.86373, 15]},
			"faces": {
				"north": {"uv": [7.379, 4.754, 7.621, 4.871], "texture": "#2"},
				"east": {"uv": [5.504, 2.629, 5.871, 2.746], "texture": "#2"},
				"south": {"uv": [7.379, 4.879, 7.621, 4.996], "texture": "#2"},
				"west": {"uv": [7.254, 3.379, 7.621, 3.496], "texture": "#2"},
				"up": {"uv": [5.746, 7.621, 5.504, 7.254], "texture": "#2"},
				"down": {"uv": [7.496, 6.504, 7.254, 6.871], "texture": "#2"}
			}
		},
		{
			"from": [3.99, 12.99, 5.99],
			"to": [6.01, 14.01, 10.01],
			"rotation": {"angle": 0, "axis": "y", "origin": [8, 17.86373, 15]},
			"faces": {
				"north": {"uv": [7.379, 5.004, 7.621, 5.121], "texture": "#2"},
				"east": {"uv": [7.004, 1.504, 7.496, 1.621], "texture": "#2"},
				"south": {"uv": [7.379, 5.129, 7.621, 5.246], "texture": "#2"},
				"west": {"uv": [7.004, 1.629, 7.496, 1.746], "texture": "#2"},
				"up": {"uv": [3.621, 7.746, 3.379, 7.254], "texture": "#2"},
				"down": {"uv": [5.246, 7.254, 5.004, 7.746], "texture": "#2"}
			}
		},
		{
			"from": [9.99, 12.99, 5.99],
			"to": [12.01, 14.01, 10.01],
			"rotation": {"angle": 0, "axis": "y", "origin": [8, 17.86373, 15]},
			"faces": {
				"north": {"uv": [7.621, 5.004, 7.379, 5.121], "texture": "#2"},
				"east": {"uv": [7.496, 1.629, 7.004, 1.746], "texture": "#2"},
				"south": {"uv": [7.621, 5.129, 7.379, 5.246], "texture": "#2"},
				"west": {"uv": [7.496, 1.504, 7.004, 1.621], "texture": "#2"},
				"up": {"uv": [3.379, 7.746, 3.621, 7.254], "texture": "#2"},
				"down": {"uv": [5.004, 7.254, 5.246, 7.746], "texture": "#2"}
			}
		},
		{
			"from": [10, 7, 5],
			"to": [12, 14, 6],
			"rotation": {"angle": 0, "axis": "y", "origin": [8, 17.86373, 15]},
			"faces": {
				"north": {"uv": [4.996, 7.004, 4.754, 7.871], "texture": "#2"},
				"east": {"uv": [5.496, 7.254, 5.379, 8.121], "texture": "#2"},
				"south": {"uv": [6.371, 7.004, 6.129, 7.871], "texture": "#2"},
				"west": {"uv": [5.371, 7.254, 5.254, 8.121], "texture": "#2"},
				"up": {"uv": [7.254, 6.996, 7.496, 6.879], "texture": "#2"},
				"down": {"uv": [7.379, 4.629, 7.621, 4.746], "texture": "#2"}
			}
		},
		{
			"from": [9.99, 6.99, 5.99],
			"to": [12.01, 8.01, 9.01],
			"rotation": {"angle": 0, "axis": "y", "origin": [8, 17.86373, 15]},
			"faces": {
				"north": {"uv": [7.621, 4.754, 7.379, 4.871], "texture": "#2"},
				"east": {"uv": [7.621, 3.379, 7.254, 3.496], "texture": "#2"},
				"south": {"uv": [7.621, 4.879, 7.379, 4.996], "texture": "#2"},
				"west": {"uv": [5.871, 2.629, 5.504, 2.746], "texture": "#2"},
				"up": {"uv": [5.504, 7.621, 5.746, 7.254], "texture": "#2"},
				"down": {"uv": [7.254, 6.504, 7.496, 6.871], "texture": "#2"}
			}
		},
		{
			"from": [3.5, 4.38069, 12.35919],
			"to": [12.5, 11.38069, 21.35919],
			"rotation": {"angle": 22.5, "axis": "x", "origin": [8, 17.86373, 15]},
			"faces": {
				"north": {"uv": [3.629, 5.004, 4.746, 5.871], "texture": "#2", "tintindex": 0},
				"east": {"uv": [4.754, 5.004, 5.871, 5.871], "texture": "#2", "tintindex": 0},
				"south": {"uv": [5.879, 0.004, 6.996, 0.871], "texture": "#2", "tintindex": 0},
				"west": {"uv": [5.879, 0.879, 6.996, 1.746], "texture": "#2", "tintindex": 0},
				"up": {"uv": [4.746, 3.871, 3.629, 2.754], "texture": "#2", "tintindex": 0},
				"down": {"uv": [4.746, 3.879, 3.629, 4.996], "texture": "#2", "tintindex": 0}
			}
		},
		{
			"from": [2.5, 11.38069, 11.35919],
			"to": [13.5, 14.38069, 22.35919],
			"rotation": {"angle": 22.5, "axis": "x", "origin": [8, 17.86373, 15]},
			"faces": {
				"north": {"uv": [6.629, 3.504, 7.996, 3.871], "texture": "#2", "tintindex": 0},
				"east": {"uv": [3.629, 6.629, 4.996, 6.996], "texture": "#2", "tintindex": 0},
				"south": {"uv": [6.629, 3.879, 7.996, 4.246], "texture": "#2", "tintindex": 0},
				"west": {"uv": [6.629, 4.254, 7.996, 4.621], "texture": "#2", "tintindex": 0},
				"up": {"uv": [4.996, 1.371, 3.629, 0.004], "texture": "#2", "tintindex": 0},
				"down": {"uv": [4.996, 1.379, 3.629, 2.746], "texture": "#2", "tintindex": 0}
			}
		},
		{
			"from": [3.5, 14.38888, 12.35919],
			"to": [12.5, 14.38888, 21.35919],
			"rotation": {"angle": 22.5, "axis": "x", "origin": [8, 17.86373, 15]},
			"faces": {
				"north": {"uv": [0.004, 0.004, 1.121, 0.004], "texture": "#2"},
				"east": {"uv": [0.004, 0.004, 1.121, 0.004], "texture": "#2"},
				"south": {"uv": [0.004, 0.004, 1.121, 0.004], "texture": "#2"},
				"west": {"uv": [0.004, 0.004, 1.121, 0.004], "texture": "#2"},
				"up": {"uv": [5.871, 3.871, 4.754, 2.754], "texture": "#2"},
				"down": {"uv": [5.871, 3.879, 4.754, 4.996], "texture": "#2"}
			}
		}
	],
	"display": {
		"gui": {
			"rotation": [30, 45, 0],
			"translation": [-2.5, -3, 0],
			"scale": [0.55, 0.55, 0.55]
		}
	},
	"groups": [
		{
			"name": "group",
			"origin": [8, 8, 8],
			"color": 0,
			"children": [
				{
					"name": "group",
					"origin": [8, 8, 8],
					"color": 0,
					"children": [
						{
							"name": "group",
							"origin": [8, 23, 15],
							"color": 0,
							"children": [0]
						},
						{
							"name": "group",
							"origin": [8, 23.94875, 19.94975],
							"color": 0,
							"children": []
						},
						{
							"name": "group",
							"origin": [8, 23.94875, 19.94975],
							"color": 0,
							"children": []
						},
						{
							"name": "group",
							"origin": [8, 23.94875, 19.94975],
							"color": 0,
							"children": [1, 2, 3, 4, 5, 6, 7, 8, 9, 10, 11, 12]
						},
						{
							"name": "group",
							"origin": [8, 23.94875, 19.94975],
							"color": 0,
							"children": []
						},
						{
							"name": "group",
							"origin": [8, 23.94875, 19.94975],
							"color": 0,
							"children": [
								13,
								14,
								15,
								16,
								17,
								18,
								19,
								{
									"name": "group",
									"origin": [0, 0, 0],
									"color": 0,
									"children": [20, 21, 22]
								}
							]
						}
					]
				},
				{
					"name": "group",
					"origin": [0, 0, 0],
					"color": 0,
					"children": [
						{
							"name": "group",
							"origin": [0, 0, 0],
							"color": 0,
							"children": [23, 24, 25, 26, 27, 28]
						},
						{
							"name": "group",
							"origin": [0, 0, 0],
							"color": 0,
							"children": []
						},
						{
							"name": "group",
							"origin": [0, 0, 0],
							"color": 0,
							"children": [29, 30, 31]
						}
					]
				}
			]
		}
	]
}