{
	"credit": "Made with Blockbench",
	"parent": "hideaway:display_parents/back",
	"texture_size": [64, 64],
	"textures": {
		"0": "hideaway:back/panda_back",
		"particle": "hideaway:back/panda_back"
	},
	"elements": [
		{
			"from": [4.5, 2, 10],
			"to": [11.5, 9.5, 14.5],
			"rotation": {"angle": 0, "axis": "y", "origin": [8, 9.5, 8.5]},
			"faces": {
				"north": {"uv": [4, 4, 5.75, 6], "texture": "#0"},
				"east": {"uv": [4.5, 2, 5.75, 4], "texture": "#0"},
				"south": {"uv": [4.5, 0, 6.25, 2], "texture": "#0"},
				"west": {"uv": [5.75, 2, 7, 4], "texture": "#0"},
				"up": {"uv": [7.5, 5.25, 5.75, 4], "texture": "#0"},
				"down": {"uv": [7.5, 5.25, 5.75, 6.5], "texture": "#0"}
			}
		},
		{
			"from": [3, 4.5, 13.5],
			"to": [5, 6.5, 16.5],
			"rotation": {"angle": 22.5, "axis": "y", "origin": [4, 4.5, 14.5]},
			"faces": {
				"north": {"uv": [7.75, 3.5, 8.25, 4], "texture": "#0"},
				"east": {"uv": [7.5, 1.25, 8.25, 1.75], "texture": "#0"},
				"south": {"uv": [5.75, 7.75, 6.25, 8.25], "texture": "#0"},
				"west": {"uv": [7.5, 4, 8.25, 4.5], "texture": "#0"},
				"up": {"uv": [6.75, 7.75, 6.25, 7], "texture": "#0"},
				"down": {"uv": [8, 4.5, 7.5, 5.25], "texture": "#0"}
			}
		},
		{
			"from": [11, 4.5, 13.5],
			"to": [13, 6.5, 16.5],
			"rotation": {"angle": -22.5, "axis": "y", "origin": [12, 4.5, 14.5]},
			"faces": {
				"north": {"uv": [6.25, 7.75, 6.75, 8.25], "texture": "#0"},
				"east": {"uv": [7.5, 5.25, 8.25, 5.75], "texture": "#0"},
				"south": {"uv": [6.75, 7.75, 7.25, 8.25], "texture": "#0"},
				"west": {"uv": [7.5, 5.75, 8.25, 6.25], "texture": "#0"},
				"up": {"uv": [8.25, 3.5, 7.75, 2.75], "texture": "#0"},
				"down": {"uv": [5.75, 7.75, 5.25, 8.5], "texture": "#0"}
			}
		},
		{
			"from": [4.5, -1, 10],
			"to": [7.5, 2, 13],
			"rotation": {"angle": 0, "axis": "y", "origin": [8, 9.5, 8.5]},
			"faces": {
				"north": {"uv": [7, 2.75, 7.75, 3.5], "texture": "#0"},
				"east": {"uv": [5.5, 7, 6.25, 7.75], "texture": "#0"},
				"south": {"uv": [0, 7.25, 0.75, 8], "texture": "#0"},
				"west": {"uv": [7.25, 0, 8, 0.75], "texture": "#0"},
				"up": {"uv": [1.5, 8, 0.75, 7.25], "texture": "#0"},
				"down": {"uv": [2.25, 7.25, 1.5, 8], "texture": "#0"}
			}
		},
		{
			"from": [8.5, -1, 10],
			"to": [11.5, 2, 13],
			"rotation": {"angle": 0, "axis": "y", "origin": [8, 9.5, 8.5]},
			"faces": {
				"north": {"uv": [2.25, 7.25, 3, 8], "texture": "#0"},
				"east": {"uv": [3, 7.25, 3.75, 8], "texture": "#0"},
				"south": {"uv": [3.75, 7.25, 4.5, 8], "texture": "#0"},
				"west": {"uv": [4.5, 7.25, 5.25, 8], "texture": "#0"},
				"up": {"uv": [8, 7.25, 7.25, 6.5], "texture": "#0"},
				"down": {"uv": [8, 7.25, 7.25, 8], "texture": "#0"}
			}
		},
		{
			"from": [3.2, 7.7, 8.2],
			"to": [12.8, 15.8, 16.3],
			"rotation": {"angle": 22.5, "axis": "x", "origin": [8, 11.75, 13]},
			"faces": {
				"north": {"uv": [0, 0, 2.25, 2], "texture": "#0"},
				"east": {"uv": [0, 4, 2, 6], "texture": "#0"},
				"south": {"uv": [0, 2, 2.25, 4], "texture": "#0"},
				"west": {"uv": [2, 4, 4, 6], "texture": "#0"},
				"up": {"uv": [4.5, 2, 2.25, 0], "texture": "#0"},
				"down": {"uv": [4.5, 2, 2.25, 4], "texture": "#0"}
			}
		},
		{
			"from": [2, 12.5, 12.5],
			"to": [7, 17.5, 14.5],
			"rotation": {"angle": 22.5, "axis": "z", "origin": [4.25, 14.80865, 13.45514]},
			"faces": {
				"north": {"uv": [0, 6, 1.25, 7.25], "texture": "#0"},
				"east": {"uv": [5, 6, 5.5, 7.25], "texture": "#0"},
				"south": {"uv": [1.25, 6, 2.5, 7.25], "texture": "#0"},
				"west": {"uv": [6.25, 0, 6.75, 1.25], "texture": "#0"},
				"up": {"uv": [7.5, 1.75, 6.25, 1.25], "texture": "#0"},
				"down": {"uv": [6.75, 6.5, 5.5, 7], "texture": "#0"}
			}
		},
		{
			"from": [9, 12.5, 12.5],
			"to": [14, 17.5, 14.5],
			"rotation": {"angle": -22.5, "axis": "z", "origin": [11.75, 14.80865, 13.45514]},
			"faces": {
				"north": {"uv": [2.5, 6, 3.75, 7.25], "texture": "#0"},
				"east": {"uv": [6.75, 0, 7.25, 1.25], "texture": "#0"},
				"south": {"uv": [3.75, 6, 5, 7.25], "texture": "#0"},
				"west": {"uv": [6.75, 6.5, 7.25, 7.75], "texture": "#0"},
				"up": {"uv": [8.25, 2.25, 7, 1.75], "texture": "#0"},
				"down": {"uv": [8.25, 2.25, 7, 2.75], "texture": "#0"}
			}
		},
		{
			"from": [6.5, 10.75, 16],
			"to": [9.5, 12.75, 17],
			"rotation": {"angle": 22.5, "axis": "x", "origin": [8, 11.75, 13]},
			"faces": {
				"north": {"uv": [7, 3.5, 7.75, 4], "texture": "#0"},
				"east": {"uv": [5.5, 6, 5.75, 6.5], "texture": "#0"},
				"south": {"uv": [7.25, 0.75, 8, 1.25], "texture": "#0"},
				"west": {"uv": [5.25, 7.25, 5.5, 7.75], "texture": "#0"},
				"up": {"uv": [7, 2, 6.25, 1.75], "texture": "#0"},
				"down": {"uv": [8.25, 6.25, 7.5, 6.5], "texture": "#0"}
			}
		}
	],
	"display": {
		"gui": {
			"rotation": [30, 45, 0],
			"translation": [-1.75, 0.5, 0],
			"scale": [0.71, 0.71, 0.71]
		}
	}
}