{
	"credit": "Made with Blockbench",
	"parent": "hideaway:display_parents/back",
	"texture_size": [64, 64],
	"textures": {
		"2": "hideaway:back/paradise_wings",
		"particle": "hideaway:back/paradise_wings"
	},
	"elements": [
		{
			"from": [-10, 3, 10],
			"to": [8, 21, 10],
			"rotation": {"angle": 22.5, "axis": "y", "origin": [8, 8.5, 10]},
			"faces": {
				"north": {"uv": [0, 4.5, 4.5, 9], "texture": "#2", "tintindex": 0},
				"east": {"uv": [0, 0, 0, 4.5], "texture": "#2", "tintindex": 0},
				"south": {"uv": [0, 0, 4.5, 4.5], "texture": "#2", "tintindex": 0},
				"west": {"uv": [0, 0, 0, 4.5], "texture": "#2", "tintindex": 0},
				"up": {"uv": [0, 4.5, 0, 0], "rotation": 90, "texture": "#2", "tintindex": 0},
				"down": {"uv": [0, 0, 0, 4.5], "rotation": 270, "texture": "#2", "tintindex": 0}
			}
		},
		{
			"from": [7, 5, 8],
			"to": [10, 12, 11],
			"rotation": {"angle": -45, "axis": "y", "origin": [8, 8.5, 9]},
			"faces": {
				"north": {"uv": [6.25, 8, 5.5, 9.75], "texture": "#2"},
				"east": {"uv": [6.5, 9.75, 5.75, 11.5], "texture": "#2"},
				"south": {"uv": [5.25, 9.75, 4.5, 11.5], "texture": "#2"},
				"west": {"uv": [5.25, 8, 4.5, 9.75], "texture": "#2"},
				"up": {"uv": [7.25, 8, 6.5, 8.75], "rotation": 90, "texture": "#2"},
				"down": {"uv": [7.25, 9.75, 6.5, 9], "rotation": 270, "texture": "#2"}
			}
		},
		{
			"from": [8, 3, 10],
			"to": [26, 21, 10],
			"rotation": {"angle": -22.5, "axis": "y", "origin": [8, 8.5, 10]},
			"faces": {
				"north": {"uv": [4.5, 4.5, 0, 9], "texture": "#2", "tintindex": 0},
				"east": {"uv": [0, 0, 0, 4.5], "texture": "#2", "tintindex": 0},
				"south": {"uv": [4.5, 0, 0, 4.5], "texture": "#2", "tintindex": 0},
				"west": {"uv": [0, 0, 0, 4.5], "texture": "#2", "tintindex": 0},
				"up": {"uv": [0, 0, 0, 4.5], "rotation": 90, "texture": "#2", "tintindex": 0},
				"down": {"uv": [0, 4.5, 0, 0], "rotation": 270, "texture": "#2", "tintindex": 0}
			}
		},
		{
			"from": [9, -3, 9.75],
			"to": [30, 13, 9.75],
			"rotation": {"angle": -22.5, "axis": "y", "origin": [8, 8.5, 10]},
			"faces": {
				"north": {"uv": [9.75, 4, 4.5, 8], "texture": "#2", "tintindex": 0},
				"east": {"uv": [0, 0, 0, 4], "texture": "#2", "tintindex": 0},
				"south": {"uv": [9.75, 0, 4.5, 4], "texture": "#2", "tintindex": 0},
				"west": {"uv": [0, 0, 0, 4], "texture": "#2", "tintindex": 0},
				"up": {"uv": [0, 0, 0, 3.75], "rotation": 90, "texture": "#2", "tintindex": 0},
				"down": {"uv": [0, 3.75, 0, 0], "rotation": 270, "texture": "#2", "tintindex": 0}
			}
		},
		{
			"from": [-14, -3, 9.75],
			"to": [7, 13, 9.75],
			"rotation": {"angle": 22.5, "axis": "y", "origin": [8, 8.5, 10]},
			"faces": {
				"north": {"uv": [4.5, 4, 9.75, 8], "texture": "#2", "tintindex": 0},
				"east": {"uv": [0, 0, 0, 4], "texture": "#2", "tintindex": 0},
				"south": {"uv": [4.5, 0, 9.75, 4], "texture": "#2", "tintindex": 0},
				"west": {"uv": [0, 0, 0, 4], "texture": "#2", "tintindex": 0},
				"up": {"uv": [0, 3.75, 0, 0], "rotation": 90, "texture": "#2", "tintindex": 0},
				"down": {"uv": [0, 0, 0, 3.75], "rotation": 270, "texture": "#2", "tintindex": 0}
			}
		},
		{
			"from": [8, 0, 12],
			"to": [13, 15, 12],
			"rotation": {"angle": -22.5, "axis": "y", "origin": [8, 11, 12]},
			"faces": {
				"north": {"uv": [1.25, 12.25, 0, 16], "texture": "#2"},
				"east": {"uv": [0, 0, 0, 3.75], "texture": "#2"},
				"south": {"uv": [0, 12.25, 1.25, 16], "texture": "#2"},
				"west": {"uv": [0, 0, 0, 3.75], "texture": "#2"},
				"up": {"uv": [0, 0, 1.25, 0], "texture": "#2"},
				"down": {"uv": [0, 0, 1.25, 0], "texture": "#2"}
			}
		},
		{
			"from": [3, 0, 12],
			"to": [8, 15, 12],
			"rotation": {"angle": 22.5, "axis": "y", "origin": [8, 11, 12]},
			"faces": {
				"north": {"uv": [0, 12.25, 1.25, 16], "texture": "#2"},
				"east": {"uv": [0, 0, 0, 3.75], "texture": "#2"},
				"south": {"uv": [1.25, 12.25, 0, 16], "texture": "#2"},
				"west": {"uv": [0, 0, 0, 3.75], "texture": "#2"},
				"up": {"uv": [1.25, 0, 0, 0], "texture": "#2"},
				"down": {"uv": [1.25, 0, 0, 0], "texture": "#2"}
			}
		}
	],
	"gui_light": "front",
	"display": {
		"gui": {
			"rotation": [30, 39, 0],
			"translation": [-2.5, 2.25, 0],
			"scale": [0.58, 0.58, 0.58]
		}
	},
	"__credit": "Generated using Animated Java (https://animated-java.dev/)"
}