{
	"credit": "Made by CookiesNom with Blockbench",
	"parent": "hideaway:display_parents/back",
	"texture_size": [32, 32],
	"textures": {
		"0": "hideaway:back/peach_backpack",
		"particle": "hideaway:back/peach_backpack"
	},
	"elements": [
		{
			"from": [4.5, 3, 10],
			"to": [11.5, 9, 16],
			"rotation": {"angle": 0, "axis": "y", "origin": [-0.25, 3, 0]},
			"faces": {
				"north": {"uv": [0.016, 0.016, 3.484, 2.984], "texture": "#0"},
				"east": {"uv": [0.016, 6.016, 2.984, 8.984], "texture": "#0"},
				"south": {"uv": [0.016, 3.016, 3.484, 5.984], "texture": "#0"},
				"west": {"uv": [3.016, 6.016, 5.984, 8.984], "texture": "#0"},
				"up": {"uv": [6.984, 2.984, 3.516, 0.016], "texture": "#0"},
				"down": {"uv": [6.984, 3.016, 3.516, 5.984], "texture": "#0"}
			}
		},
		{
			"from": [7.25, 8.75, 13.25],
			"to": [9.25, 11.75, 13.25],
			"rotation": {"angle": 22.5, "axis": "z", "origin": [8.5, 10.5, 13]},
			"faces": {
				"north": {"uv": [8.516, 1.516, 9.484, 2.984], "texture": "#0"},
				"east": {"uv": [0.016, 0.016, 0.016, 1.484], "texture": "#0"},
				"south": {"uv": [8.516, 3.016, 9.484, 4.484], "texture": "#0"},
				"west": {"uv": [0.016, 0.016, 0.016, 1.484], "texture": "#0"},
				"up": {"uv": [0.984, 0.016, 0.016, 0.016], "texture": "#0"},
				"down": {"uv": [0.984, 0.016, 0.016, 0.016], "texture": "#0"}
			}
		},
		{
			"from": [2.5, 8, 13],
			"to": [8.5, 11, 13],
			"rotation": {"angle": -22.5, "axis": "y", "origin": [8.5, 10.5, 13]},
			"faces": {
				"north": {"uv": [6.016, 6.016, 8.984, 7.484], "texture": "#0"},
				"east": {"uv": [0.016, 0.016, 0.016, 1.484], "texture": "#0"},
				"south": {"uv": [7.016, 0.016, 9.984, 1.484], "texture": "#0"},
				"west": {"uv": [0.016, 0.016, 0.016, 1.484], "texture": "#0"},
				"up": {"uv": [2.984, 0.016, 0.016, 0.016], "texture": "#0"},
				"down": {"uv": [2.984, 0.016, 0.016, 0.016], "texture": "#0"}
			}
		},
		{
			"from": [4.5, 2.75, 16.25],
			"to": [5.5, 8.75, 16.25],
			"rotation": {"angle": 0, "axis": "y", "origin": [0, 2, 0]},
			"faces": {
				"north": {"uv": [8.516, 7.516, 8.984, 10.484], "texture": "#0"},
				"east": {"uv": [0.016, 0.016, 0.016, 2.984], "texture": "#0"},
				"south": {"uv": [0.016, 9.016, 0.484, 11.984], "texture": "#0"},
				"west": {"uv": [0.016, 0.016, 0.016, 2.984], "texture": "#0"},
				"up": {"uv": [0.484, 0.016, 0.016, 0.016], "texture": "#0"},
				"down": {"uv": [0.484, 0.016, 0.016, 0.016], "texture": "#0"}
			}
		},
		{
			"from": [4.5, 9.16351, 9.25029],
			"to": [5.5, 9.16351, 17.25029],
			"rotation": {"angle": 45, "axis": "x", "origin": [5, 10.16351, 16.25029]},
			"faces": {
				"north": {"uv": [0.016, 0.016, 0.484, 0.016], "texture": "#0"},
				"east": {"uv": [0.016, 0.016, 3.984, 0.016], "texture": "#0"},
				"south": {"uv": [0.016, 0.016, 0.484, 0.016], "texture": "#0"},
				"west": {"uv": [0.016, 0.016, 3.984, 0.016], "texture": "#0"},
				"up": {"uv": [7.484, 5.484, 7.016, 1.516], "texture": "#0"},
				"down": {"uv": [7.984, 1.516, 7.516, 5.484], "texture": "#0"}
			}
		},
		{
			"from": [4.5, 0.82165, 10.32248],
			"to": [5.5, 0.82136, 16.90615],
			"rotation": {"angle": 45, "axis": "x", "origin": [5, 9.82136, 15.90615]},
			"faces": {
				"north": {"uv": [0.016, 0.016, 0.484, 0.016], "texture": "#0"},
				"east": {"uv": [0.016, 0.016, 2.984, 0.016], "texture": "#0"},
				"south": {"uv": [0.016, 0.016, 0.484, 0.016], "texture": "#0"},
				"west": {"uv": [0.016, 0.016, 2.984, 0.016], "texture": "#0"},
				"up": {"uv": [0.984, 11.984, 0.516, 9.016], "texture": "#0"},
				"down": {"uv": [1.484, 9.016, 1.016, 11.984], "texture": "#0"}
			}
		},
		{
			"from": [4.5, 14.40585, 5.59415],
			"to": [5.5, 14.40585, 10.59415],
			"rotation": {"angle": 0, "axis": "y", "origin": [5, 14.40585, 6.59415]},
			"faces": {
				"north": {"uv": [0.016, 0.016, 0.484, 0.016], "texture": "#0"},
				"east": {"uv": [0.016, 0.016, 2.484, 0.016], "texture": "#0"},
				"south": {"uv": [0.016, 0.016, 0.484, 0.016], "texture": "#0"},
				"west": {"uv": [0.016, 0.016, 2.484, 0.016], "texture": "#0"},
				"up": {"uv": [5.484, 11.484, 5.016, 9.016], "texture": "#0"},
				"down": {"uv": [5.984, 9.016, 5.516, 11.484], "texture": "#0"}
			}
		},
		{
			"from": [4.5, 7.40585, 5.59415],
			"to": [5.5, 14.40585, 5.59415],
			"rotation": {"angle": 0, "axis": "y", "origin": [5, 14.40585, 6.59415]},
			"faces": {
				"north": {"uv": [7.016, 7.516, 7.484, 10.984], "texture": "#0"},
				"east": {"uv": [0.016, 0.016, 0.016, 3.484], "texture": "#0"},
				"south": {"uv": [7.516, 7.516, 7.984, 10.984], "texture": "#0"},
				"west": {"uv": [0.016, 0.016, 0.016, 3.484], "texture": "#0"},
				"up": {"uv": [0.484, 0.016, 0.016, 0.016], "texture": "#0"},
				"down": {"uv": [0.484, 0.016, 0.016, 0.016], "texture": "#0"}
			}
		},
		{
			"from": [4.5, 2.75, 10.25],
			"to": [5.5, 2.75, 16.25],
			"rotation": {"angle": 0, "axis": "y", "origin": [0, 2, 0]},
			"faces": {
				"north": {"uv": [0.016, 0.016, 0.484, 0.016], "texture": "#0"},
				"east": {"uv": [0.016, 0.016, 2.984, 0.016], "texture": "#0"},
				"south": {"uv": [0.016, 0.016, 0.484, 0.016], "texture": "#0"},
				"west": {"uv": [0.016, 0.016, 2.984, 0.016], "texture": "#0"},
				"up": {"uv": [1.984, 11.984, 1.516, 9.016], "texture": "#0"},
				"down": {"uv": [2.484, 9.016, 2.016, 11.984], "texture": "#0"}
			}
		},
		{
			"from": [10.5, 2.75, 16.25],
			"to": [11.5, 8.75, 16.25],
			"rotation": {"angle": 0, "axis": "y", "origin": [16, 2, 0]},
			"faces": {
				"north": {"uv": [2.516, 9.016, 2.984, 11.984], "texture": "#0"},
				"east": {"uv": [0.016, 0.016, 0.016, 2.984], "texture": "#0"},
				"south": {"uv": [3.016, 9.016, 3.484, 11.984], "texture": "#0"},
				"west": {"uv": [0.016, 0.016, 0.016, 2.984], "texture": "#0"},
				"up": {"uv": [0.484, 0.016, 0.016, 0.016], "texture": "#0"},
				"down": {"uv": [0.484, 0.016, 0.016, 0.016], "texture": "#0"}
			}
		},
		{
			"from": [10.5, 9.16351, 9.25029],
			"to": [11.5, 9.16351, 17.25029],
			"rotation": {"angle": 45, "axis": "x", "origin": [11, 10.16351, 16.25029]},
			"faces": {
				"north": {"uv": [0.016, 0.016, 0.484, 0.016], "texture": "#0"},
				"east": {"uv": [0.016, 0.016, 3.984, 0.016], "texture": "#0"},
				"south": {"uv": [0.016, 0.016, 0.484, 0.016], "texture": "#0"},
				"west": {"uv": [0.016, 0.016, 3.984, 0.016], "texture": "#0"},
				"up": {"uv": [6.484, 11.484, 6.016, 7.516], "texture": "#0"},
				"down": {"uv": [6.984, 7.516, 6.516, 11.484], "texture": "#0"}
			}
		},
		{
			"from": [10.5, 0.82165, 10.32248],
			"to": [11.5, 0.82136, 16.90615],
			"rotation": {"angle": 45, "axis": "x", "origin": [11, 9.82136, 15.90615]},
			"faces": {
				"north": {"uv": [0.016, 0.016, 0.484, 0.016], "texture": "#0"},
				"east": {"uv": [0.016, 0.016, 2.984, 0.016], "texture": "#0"},
				"south": {"uv": [0.016, 0.016, 0.484, 0.016], "texture": "#0"},
				"west": {"uv": [0.016, 0.016, 2.984, 0.016], "texture": "#0"},
				"up": {"uv": [3.984, 11.984, 3.516, 9.016], "texture": "#0"},
				"down": {"uv": [4.484, 9.016, 4.016, 11.984], "texture": "#0"}
			}
		},
		{
			"from": [10.5, 14.40585, 5.59415],
			"to": [11.5, 14.40585, 10.59415],
			"rotation": {"angle": 0, "axis": "y", "origin": [11, 14.40585, 6.59415]},
			"faces": {
				"north": {"uv": [0.016, 0.016, 0.484, 0.016], "texture": "#0"},
				"east": {"uv": [0.016, 0.016, 2.484, 0.016], "texture": "#0"},
				"south": {"uv": [0.016, 0.016, 0.484, 0.016], "texture": "#0"},
				"west": {"uv": [0.016, 0.016, 2.484, 0.016], "texture": "#0"},
				"up": {"uv": [9.484, 9.984, 9.016, 7.516], "texture": "#0"},
				"down": {"uv": [9.984, 1.516, 9.516, 3.984], "texture": "#0"}
			}
		},
		{
			"from": [10.5, 7.40585, 5.59415],
			"to": [11.5, 14.40585, 5.59415],
			"rotation": {"angle": 0, "axis": "y", "origin": [11, 14.40585, 6.59415]},
			"faces": {
				"north": {"uv": [8.016, 1.516, 8.484, 4.984], "texture": "#0"},
				"east": {"uv": [0.016, 0.016, 0.016, 3.484], "texture": "#0"},
				"south": {"uv": [8.016, 7.516, 8.484, 10.984], "texture": "#0"},
				"west": {"uv": [0.016, 0.016, 0.016, 3.484], "texture": "#0"},
				"up": {"uv": [0.484, 0.016, 0.016, 0.016], "texture": "#0"},
				"down": {"uv": [0.484, 0.016, 0.016, 0.016], "texture": "#0"}
			}
		},
		{
			"from": [10.5, 2.75, 10.25],
			"to": [11.5, 2.75, 16.25],
			"rotation": {"angle": 0, "axis": "y", "origin": [16, 2, 0]},
			"faces": {
				"north": {"uv": [0.016, 0.016, 0.484, 0.016], "texture": "#0"},
				"east": {"uv": [0.016, 0.016, 2.984, 0.016], "texture": "#0"},
				"south": {"uv": [0.016, 0.016, 0.484, 0.016], "texture": "#0"},
				"west": {"uv": [0.016, 0.016, 2.984, 0.016], "texture": "#0"},
				"up": {"uv": [4.984, 11.984, 4.516, 9.016], "texture": "#0"},
				"down": {"uv": [9.484, 4.516, 9.016, 7.484], "texture": "#0"}
			}
		}
	],
	"display": {
		"gui": {
			"rotation": [30, 45, 0],
			"translation": [-2, 0.5, 0],
			"scale": [0.93, 0.93, 0.93]
		}
	},
	"groups": [
		{
			"name": "group",
			"origin": [8, 8, 8],
			"color": 0,
			"children": []
		},
		{
			"name": "group",
			"origin": [8, 8, 8],
			"color": 0,
			"children": [
				{
					"name": "group",
					"origin": [8, 8, 8],
					"color": 0,
					"children": [0, 1, 2]
				},
				{
					"name": "group",
					"origin": [8, 8, 8],
					"color": 0,
					"children": [
						{
							"name": "group",
							"origin": [8, 8, 8],
							"color": 0,
							"children": [3, 4, 5, 6, 7, 8]
						},
						{
							"name": "group",
							"origin": [8, 8, 8],
							"color": 0,
							"children": [9, 10, 11, 12, 13, 14]
						}
					]
				}
			]
		}
	]
}