{
	"credit": "Made with Blockbench",
	"parent": "hideaway:display_parents/back",
	"texture_size": [32, 32],
	"textures": {
		"1": "hideaway:back/pineapple_basket",
		"particle": "hideaway:back/pineapple_basket"
	},
	"elements": [
		{
			"from": [10, 14, 5],
			"to": [12, 14, 11],
			"faces": {
				"up": {"uv": [10, 13, 11, 10], "texture": "#1", "tintindex": 0},
				"down": {"uv": [10, 13, 11, 10], "texture": "#1", "tintindex": 0}
			}
		},
		{
			"from": [10, 7, 5],
			"to": [12, 7, 9],
			"faces": {
				"up": {"uv": [2, 11, 3, 13], "texture": "#1", "tintindex": 0},
				"down": {"uv": [2, 11, 3, 13], "texture": "#1", "tintindex": 0}
			}
		},
		{
			"from": [10, 7, 5],
			"to": [12, 14, 5],
			"faces": {
				"north": {"uv": [5, 10, 4, 13.5], "texture": "#1", "tintindex": 0},
				"south": {"uv": [4, 10, 5, 13.5], "texture": "#1", "tintindex": 0}
			}
		},
		{
			"from": [4, 14, 5],
			"to": [6, 14, 11],
			"rotation": {"angle": 0, "axis": "y", "origin": [16, 0, 0]},
			"faces": {
				"up": {"uv": [11, 13, 10, 10], "texture": "#1", "tintindex": 0},
				"down": {"uv": [1, 11, 0, 14], "texture": "#1", "tintindex": 0}
			}
		},
		{
			"from": [4, 7, 5],
			"to": [6, 7, 9],
			"rotation": {"angle": 0, "axis": "y", "origin": [16, 0, 0]},
			"faces": {
				"up": {"uv": [2, 13, 1, 11], "texture": "#1", "tintindex": 0},
				"down": {"uv": [3, 11, 2, 13], "texture": "#1", "tintindex": 0}
			}
		},
		{
			"from": [4, 7, 5],
			"to": [6, 14, 5],
			"rotation": {"angle": 0, "axis": "y", "origin": [16, 0, 0]},
			"faces": {
				"north": {"uv": [4, 10, 5, 13.5], "texture": "#1", "tintindex": 0},
				"south": {"uv": [9, 10, 10, 13.5], "texture": "#1", "tintindex": 0}
			}
		},
		{
			"from": [4, 19, 16],
			"to": [12, 26, 16],
			"rotation": {"angle": 22.5, "axis": "x", "origin": [8, 14, 15]},
			"faces": {
				"north": {"uv": [5.016, 4.016, 8.984, 7.484], "texture": "#1"},
				"south": {"uv": [5.016, 4.016, 8.984, 7.484], "texture": "#1"}
			}
		},
		{
			"from": [8, 19, 12],
			"to": [8, 26, 20],
			"rotation": {"angle": 22.5, "axis": "x", "origin": [8, 14, 15]},
			"faces": {
				"east": {"uv": [5.016, 4.016, 8.984, 7.484], "texture": "#1"},
				"west": {"uv": [5.016, 4.016, 8.984, 7.484], "texture": "#1"}
			}
		},
		{
			"from": [5, 15, 13],
			"to": [11, 19, 19],
			"rotation": {"angle": 22.5, "axis": "x", "origin": [8, 14, 15]},
			"faces": {
				"north": {"uv": [9, 8, 12, 10], "texture": "#1"},
				"east": {"uv": [9, 8, 12, 10], "texture": "#1"},
				"south": {"uv": [9, 8, 12, 10], "texture": "#1"},
				"west": {"uv": [9, 8, 12, 10], "texture": "#1"},
				"up": {"uv": [12, 6.5, 9, 3.5], "texture": "#1"}
			}
		},
		{
			"from": [3, 12, 10],
			"to": [13, 15, 20],
			"rotation": {"angle": 22.5, "axis": "x", "origin": [8, 14, 15]},
			"faces": {
				"north": {"uv": [9, 6.5, 14, 8], "texture": "#1"},
				"east": {"uv": [9, 6.5, 14, 8], "texture": "#1"},
				"south": {"uv": [9, 6.5, 14, 8], "texture": "#1"},
				"west": {"uv": [9, 6.5, 14, 8], "texture": "#1"},
				"up": {"uv": [5, 5, 0, 0], "texture": "#1"},
				"down": {"uv": [5, 5, 0, 10], "texture": "#1"}
			}
		},
		{
			"from": [3.8, 9.8, 10.8],
			"to": [12.2, 12.2, 19.2],
			"rotation": {"angle": 22.5, "axis": "x", "origin": [8, 14, 15]},
			"faces": {
				"north": {"uv": [0, 10, 4, 11], "texture": "#1", "tintindex": 0},
				"east": {"uv": [0, 10, 4, 11], "texture": "#1", "tintindex": 0},
				"south": {"uv": [0, 10, 4, 11], "texture": "#1", "tintindex": 0},
				"west": {"uv": [0, 10, 4, 11], "texture": "#1", "tintindex": 0}
			}
		},
		{
			"from": [3.9, 4.9, 10.9],
			"to": [12.1, 12.1, 19.1],
			"rotation": {"angle": 22.5, "axis": "x", "origin": [8, 14, 15]},
			"faces": {
				"north": {"uv": [9, 0, 13, 3.5], "texture": "#1"},
				"east": {"uv": [9, 0, 13, 3.5], "texture": "#1"},
				"south": {"uv": [9, 0, 13, 3.5], "texture": "#1"},
				"west": {"uv": [9, 0, 13, 3.5], "texture": "#1"},
				"down": {"uv": [9, 0, 5, 4], "texture": "#1"}
			}
		}
	],
	"display": {
		"gui": {
			"rotation": [30, 45, 0],
			"translation": [-2.75, -1.25, 0],
			"scale": [0.85, 0.85, 0.85]
		}
	},
	"groups": [
		{
			"name": "group",
			"origin": [16, 2, 0],
			"color": 0,
			"nbt": "{}",
			"children": [
				{
					"name": "group",
					"origin": [0, 2, 0],
					"color": 0,
					"nbt": "{}",
					"children": [0, 1, 2]
				},
				{
					"name": "group",
					"origin": [16, 2, 0],
					"color": 0,
					"nbt": "{}",
					"children": [3, 4, 5]
				},
				{
					"name": "group",
					"origin": [8, 14, 15],
					"color": 0,
					"nbt": "{}",
					"children": [6, 7, 8]
				},
				{
					"name": "group",
					"origin": [8, 8, 8],
					"color": 0,
					"nbt": "{}",
					"children": [9, 10, 11]
				}
			]
		}
	]
}