{
	"credit": "Made by Ziqqy using Blockbench",
	"parent": "hideaway:display_parents/back",
	"texture_size": [32, 32],
	"textures": {
		"2": "hideaway:back/pip_bot_backpack",
		"particle": "hideaway:back/pip_bot_backpack"
	},
	"elements": [
		{
			"from": [3, 2, 10],
			"to": [13, 12, 16],
			"rotation": {"angle": 0, "axis": "y", "origin": [4, 1, 10]},
			"faces": {
				"north": {"uv": [0.016, 0.016, 4.984, 4.984], "texture": "#2"},
				"east": {"uv": [10.016, 0.016, 12.984, 4.984], "texture": "#2"},
				"south": {"uv": [0.016, 5.016, 4.984, 9.984], "texture": "#2"},
				"west": {"uv": [12.984, 0.016, 10.016, 4.984], "texture": "#2"},
				"up": {"uv": [9.984, 2.984, 5.016, 0.016], "texture": "#2"},
				"down": {"uv": [9.984, 3.016, 5.016, 5.984], "texture": "#2"}
			}
		},
		{
			"from": [4, 6, 16.25],
			"to": [12, 11, 16.25],
			"rotation": {"angle": 0, "axis": "y", "origin": [4, 1, 10.25]},
			"faces": {
				"north": {"uv": [0.016, 0.016, 4.984, 4.984], "texture": "#2"},
				"east": {"uv": [10.016, 0.016, 12.984, 4.984], "texture": "#2"},
				"south": {"uv": [9.016, 8.016, 13.016, 10.516], "texture": "#2"},
				"west": {"uv": [12.984, 0.016, 10.016, 4.984], "texture": "#2"},
				"up": {"uv": [9.984, 2.984, 5.016, 0.016], "texture": "#2"},
				"down": {"uv": [9.984, 3.016, 5.016, 5.984], "texture": "#2"}
			}
		},
		{
			"from": [2.75, 5.75, 12.75],
			"to": [13.25, 12.25, 14.25],
			"rotation": {"angle": 0, "axis": "y", "origin": [4, 1, 10]},
			"faces": {
				"east": {"uv": [12.516, 5.016, 13.016, 8.016], "texture": "#2"},
				"west": {"uv": [13.016, 5.016, 12.516, 8.016], "texture": "#2"},
				"up": {"uv": [12.516, 8.016, 7.516, 7.516], "texture": "#2"}
			}
		},
		{
			"from": [21.34244, -5.14284, 12.5],
			"to": [21.34244, -2.14284, 14.5],
			"rotation": {"angle": 45, "axis": "z", "origin": [7.34244, -8.14284, 14.5]},
			"faces": {
				"north": {"uv": [0.016, 0.016, 0.016, 1.484], "texture": "#2"},
				"east": {"uv": [6.016, 6.016, 6.984, 7.484], "texture": "#2"},
				"south": {"uv": [0.016, 0.016, 0.016, 1.484], "texture": "#2"},
				"west": {"uv": [6.016, 6.016, 6.984, 7.484], "texture": "#2"},
				"up": {"uv": [0.016, 0.984, 0.016, 0.016], "texture": "#2"},
				"down": {"uv": [0.016, 0.016, 0.016, 0.984], "texture": "#2"}
			}
		},
		{
			"from": [7, 12, 11],
			"to": [9, 16, 13],
			"rotation": {"angle": 0, "axis": "z", "origin": [4, 11, 9]},
			"faces": {
				"north": {"uv": [5.016, 6.016, 5.984, 7.984], "texture": "#2"},
				"east": {"uv": [5.016, 6.016, 5.984, 7.984], "texture": "#2"},
				"south": {"uv": [5.016, 6.016, 5.984, 7.984], "texture": "#2"},
				"west": {"uv": [5.016, 6.016, 5.984, 7.984], "texture": "#2"},
				"up": {"uv": [10.984, 5.984, 10.016, 5.016], "texture": "#2"}
			}
		},
		{
			"from": [8.61978, 13.91249, 9],
			"to": [13.61978, 13.91249, 15],
			"rotation": {"angle": 22.5, "axis": "z", "origin": [13.61978, 13.91249, 12]},
			"faces": {
				"north": {"uv": [0.016, 0.016, 2.484, 0.016], "texture": "#2"},
				"east": {"uv": [0.016, 0.016, 2.984, 0.016], "texture": "#2"},
				"south": {"uv": [0.016, 0.016, 2.484, 0.016], "texture": "#2"},
				"west": {"uv": [0.016, 0.016, 2.984, 0.016], "texture": "#2"},
				"up": {"uv": [0.016, 12.984, 2.484, 10.016], "texture": "#2"},
				"down": {"uv": [0.016, 10.016, 2.484, 12.984], "texture": "#2"}
			}
		},
		{
			"from": [13.61978, 8.91249, 9],
			"to": [13.61978, 13.91249, 15],
			"rotation": {"angle": 22.5, "axis": "z", "origin": [13.61978, 13.91249, 12]},
			"faces": {
				"north": {"uv": [0.016, 0.016, 0.016, 2.484], "texture": "#2"},
				"east": {"uv": [2.516, 10.016, 4.984, 12.984], "rotation": 90, "texture": "#2"},
				"south": {"uv": [0.016, 0.016, 0.016, 2.484], "texture": "#2"},
				"west": {"uv": [2.516, 10.016, 4.984, 12.984], "rotation": 90, "texture": "#2"},
				"up": {"uv": [0.016, 2.984, 0.016, 0.016], "texture": "#2"},
				"down": {"uv": [0.016, 0.016, 0.016, 2.984], "texture": "#2"}
			}
		},
		{
			"from": [2.38022, 13.91249, 9],
			"to": [7.38022, 13.91249, 15],
			"rotation": {"angle": -22.5, "axis": "z", "origin": [2.38022, 13.91249, 12]},
			"faces": {
				"north": {"uv": [2.484, 0.016, 0.016, 0.016], "texture": "#2"},
				"east": {"uv": [2.984, 0.016, 0.016, 0.016], "texture": "#2"},
				"south": {"uv": [2.484, 0.016, 0.016, 0.016], "texture": "#2"},
				"west": {"uv": [2.984, 0.016, 0.016, 0.016], "texture": "#2"},
				"up": {"uv": [2.484, 12.984, 0.016, 10.016], "texture": "#2"},
				"down": {"uv": [2.484, 10.016, 0.016, 12.984], "texture": "#2"}
			}
		},
		{
			"from": [2.38022, 8.91249, 9],
			"to": [2.38022, 13.91249, 15],
			"rotation": {"angle": -22.5, "axis": "z", "origin": [2.38022, 13.91249, 12]},
			"faces": {
				"north": {"uv": [0.016, 0.016, 0.016, 2.484], "texture": "#2"},
				"east": {"uv": [2.516, 12.984, 4.984, 10.016], "rotation": 90, "texture": "#2"},
				"south": {"uv": [0.016, 0.016, 0.016, 2.484], "texture": "#2"},
				"west": {"uv": [2.516, 12.984, 4.984, 10.016], "rotation": 90, "texture": "#2"},
				"up": {"uv": [0.016, 2.984, 0.016, 0.016], "texture": "#2"},
				"down": {"uv": [0.016, 0.016, 0.016, 2.984], "texture": "#2"}
			}
		},
		{
			"from": [5, 15.01777, 12.78553],
			"to": [11, 15.01777, 17.78553],
			"rotation": {"angle": -45, "axis": "x", "origin": [8, 13.76777, 16.53553]},
			"faces": {
				"north": {"uv": [0.016, 0.016, 2.984, 0.016], "texture": "#2"},
				"east": {"uv": [0.016, 0.016, 2.484, 0.016], "texture": "#2"},
				"south": {"uv": [0.016, 0.016, 2.984, 0.016], "texture": "#2"},
				"west": {"uv": [0.016, 0.016, 2.484, 0.016], "texture": "#2"},
				"up": {"uv": [0.016, 12.984, 2.484, 10.016], "rotation": 90, "texture": "#2"},
				"down": {"uv": [0.016, 10.016, 2.484, 12.984], "rotation": 270, "texture": "#2"}
			}
		},
		{
			"from": [5, 10.01777, 17.78553],
			"to": [11, 15.01777, 17.78553],
			"rotation": {"angle": -45, "axis": "x", "origin": [8, 13.76777, 16.53553]},
			"faces": {
				"north": {"uv": [2.516, 10.016, 4.984, 12.984], "rotation": 90, "texture": "#2"},
				"east": {"uv": [0.016, 0.016, 0.016, 2.484], "texture": "#2"},
				"south": {"uv": [2.516, 10.016, 4.984, 12.984], "rotation": 90, "texture": "#2"},
				"west": {"uv": [0.016, 0.016, 0.016, 2.484], "texture": "#2"},
				"up": {"uv": [0.016, 2.984, 0.016, 0.016], "rotation": 90, "texture": "#2"},
				"down": {"uv": [0.016, 0.016, 0.016, 2.984], "rotation": 270, "texture": "#2"}
			}
		}
	],
	"display": {
		"gui": {
			"rotation": [30, 45, 0],
			"translation": [-2.75, 1.5, 0],
			"scale": [0.9, 0.9, 0.9]
		}
	}
}