{
	"credit": "Made by Ziqqy using Blockbench",
	"parent": "hideaway:display_parents/back",
	"texture_size": [64, 64],
	"textures": {
		"2": "hideaway:back/pirate_octupos_back_animation",
		"3": "hideaway:back/pirate_octupos_back",
		"particle": "hideaway:back/pirate_octupos_back"
	},
	"elements": [
		{
			"from": [13.5, 10.25, 11],
			"to": [18.5, 13.25, 14],
			"rotation": {"angle": 45, "axis": "z", "origin": [12, 11.5, 16]},
			"faces": {
				"north": {"uv": [6.008, 1.758, 7.242, 2.492], "texture": "#3"},
				"east": {"uv": [3.258, 7.758, 3.992, 8.492], "texture": "#3"},
				"south": {"uv": [6.758, 1.008, 7.992, 1.742], "texture": "#3"},
				"up": {"uv": [8.242, 6.242, 7.008, 5.508], "texture": "#3"},
				"down": {"uv": [8.492, 1.758, 7.258, 2.492], "texture": "#3"}
			}
		},
		{
			"from": [6, 7, 15],
			"to": [10, 11, 19],
			"rotation": {"angle": 0, "axis": "z", "origin": [8, 9, 17]},
			"faces": {
				"east": {"uv": [4.008, 6.508, 4.992, 7.492], "texture": "#3"},
				"south": {"uv": [6.508, 6.258, 7.492, 7.242], "texture": "#3"},
				"west": {"uv": [4.992, 6.508, 4.008, 7.492], "texture": "#3"},
				"up": {"uv": [0.992, 7.742, 0.008, 6.758], "texture": "#3"},
				"down": {"uv": [7.742, 0.008, 6.758, 0.992], "texture": "#3"}
			}
		},
		{
			"from": [1, 14, 16],
			"to": [15, 16, 19],
			"rotation": {"angle": 0, "axis": "z", "origin": [4, 2, 10.5]},
			"faces": {
				"north": {"uv": [8.742, 5.008, 5.258, 5.492], "texture": "#3"},
				"east": {"uv": [8.008, 0.758, 8.742, 1.242], "texture": "#3"},
				"south": {"uv": [5.258, 5.008, 8.742, 5.492], "texture": "#3"},
				"west": {"uv": [8.008, 1.258, 8.742, 1.742], "texture": "#3"},
				"up": {"uv": [7.742, 3.242, 4.258, 2.508], "texture": "#3"},
				"down": {"uv": [7.742, 3.258, 4.258, 3.992], "texture": "#3"}
			}
		},
		{
			"from": [7, 11, 17],
			"to": [9, 21, 18],
			"rotation": {"angle": 0, "axis": "z", "origin": [4, 3, 10.5]},
			"faces": {
				"north": {"uv": [6.492, 6.258, 6.008, 8.742], "texture": "#3"},
				"east": {"uv": [6.008, 6.258, 6.242, 8.742], "texture": "#3"},
				"south": {"uv": [6.008, 6.258, 6.492, 8.742], "texture": "#3"},
				"west": {"uv": [6.008, 6.258, 6.242, 8.742], "texture": "#3"},
				"up": {"uv": [6.008, 6.258, 6.492, 6.492], "texture": "#3"}
			}
		},
		{
			"from": [7, -4, 16],
			"to": [9, 8, 18],
			"rotation": {"angle": 0, "axis": "y", "origin": [4, 2, 10]},
			"faces": {
				"north": {"uv": [1.258, 5.508, 1.742, 8.492], "texture": "#3"},
				"east": {"uv": [1.758, 5.508, 2.242, 8.492], "texture": "#3"},
				"south": {"uv": [2.258, 5.508, 2.742, 8.492], "texture": "#3"},
				"west": {"uv": [2.242, 5.508, 1.758, 8.492], "texture": "#3"},
				"down": {"uv": [6.992, 8.008, 6.508, 8.492], "texture": "#3"}
			}
		},
		{
			"from": [9.49019, -4.30032, 17],
			"to": [14.49019, 0.69968, 17],
			"rotation": {"angle": 22.5, "axis": "z", "origin": [5.49019, 9.69968, 17]},
			"faces": {
				"north": {"uv": [1.242, 5.508, 0.008, 6.742], "texture": "#3"},
				"south": {"uv": [0.008, 5.508, 1.242, 6.742], "texture": "#3"}
			}
		},
		{
			"from": [3.49019, -5.30032, 16.5],
			"to": [12.49019, -1.30032, 17.5],
			"rotation": {"angle": 22.5, "axis": "z", "origin": [5.49019, 9.69968, 16]},
			"faces": {
				"north": {"uv": [7.492, 4.008, 5.258, 4.992], "texture": "#3"},
				"east": {"uv": [7.258, 4.008, 7.492, 4.992], "texture": "#3"},
				"south": {"uv": [5.258, 4.008, 7.492, 4.992], "texture": "#3"},
				"west": {"uv": [5.258, 4.008, 5.492, 4.992], "texture": "#3"},
				"up": {"uv": [5.258, 4.008, 7.492, 4.242], "texture": "#3"},
				"down": {"uv": [5.258, 4.758, 7.492, 4.992], "texture": "#3"}
			}
		},
		{
			"from": [4.5, -7, 17],
			"to": [11.5, -4, 17],
			"rotation": {"angle": 0, "axis": "y", "origin": [4, 2, 10]},
			"faces": {
				"north": {"uv": [6.992, 5.508, 5.258, 6.242], "texture": "#3"},
				"south": {"uv": [5.258, 5.508, 6.992, 6.242], "texture": "#3"}
			}
		},
		{
			"from": [2, 3, 10],
			"to": [14, 14, 15],
			"rotation": {"angle": 0, "axis": "y", "origin": [7, 0, 7]},
			"faces": {
				"north": {"uv": [0.008, 0.008, 2.992, 2.742], "texture": "#3"},
				"east": {"uv": [3.008, 2.508, 4.242, 5.242], "texture": "#3"},
				"south": {"uv": [0.008, 2.758, 2.992, 5.492], "texture": "#3"},
				"west": {"uv": [4.242, 2.508, 3.008, 5.242], "texture": "#3"},
				"up": {"uv": [5.992, 1.242, 3.008, 0.008], "texture": "#3"},
				"down": {"uv": [5.992, 1.258, 3.008, 2.492], "texture": "#3"}
			}
		},
		{
			"from": [20.63895, 4.31513, 11],
			"to": [23.63895, 6.31513, 14],
			"rotation": {"angle": 22.5, "axis": "z", "origin": [19.63895, 7.06513, 13.5]},
			"faces": {
				"north": {"uv": [12.508, 4.508, 13.992, 5.492], "texture": "#2"},
				"east": {"uv": [13.508, 0.008, 14.992, 0.992], "texture": "#2"},
				"south": {"uv": [13.508, 2.508, 14.992, 3.492], "texture": "#2"},
				"west": {"uv": [3.008, 13.508, 4.492, 14.492], "texture": "#2"},
				"up": {"uv": [12.992, 8.992, 11.508, 7.508], "texture": "#2"},
				"down": {"uv": [12.992, 9.008, 11.508, 10.492], "texture": "#2"}
			}
		},
		{
			"from": [18.63895, 4.31513, 11],
			"to": [20.63895, 10.31513, 14],
			"rotation": {"angle": 22.5, "axis": "z", "origin": [19.63895, 7.06513, 13.5]},
			"faces": {
				"north": {"uv": [7.508, 10.008, 8.492, 12.992], "texture": "#2"},
				"east": {"uv": [4.008, 4.508, 5.492, 7.492], "texture": "#2"},
				"south": {"uv": [8.508, 10.008, 9.492, 12.992], "texture": "#2"},
				"west": {"uv": [5.508, 4.508, 6.992, 7.492], "texture": "#2"},
				"up": {"uv": [3.992, 7.492, 3.008, 6.008], "texture": "#2"},
				"down": {"uv": [9.492, 13.008, 8.508, 14.492], "texture": "#2"}
			}
		},
		{
			"from": [13.63895, 7.31513, 11],
			"to": [18.63895, 10.31513, 14],
			"rotation": {"angle": 22.5, "axis": "z", "origin": [19.63895, 7.06513, 13.5]},
			"faces": {
				"north": {"uv": [6.508, 7.258, 7.742, 7.992], "texture": "#3"},
				"east": {"uv": [7.758, 7.008, 8.492, 7.742], "texture": "#3"},
				"south": {"uv": [4.008, 7.508, 5.242, 8.242], "texture": "#3"},
				"up": {"uv": [8.742, 4.742, 7.508, 4.008], "texture": "#3"},
				"down": {"uv": [8.742, 6.258, 7.508, 6.992], "texture": "#3"}
			}
		},
		{
			"from": [6.75, 16.75, 16.75],
			"to": [9.25, 18.25, 18.25],
			"rotation": {"angle": 0, "axis": "y", "origin": [4, 1, 10.5]},
			"faces": {
				"north": {"uv": [7.992, 4.758, 7.508, 4.992], "texture": "#3"},
				"east": {"uv": [7.508, 4.758, 7.742, 4.992], "texture": "#3"},
				"south": {"uv": [7.508, 4.758, 7.992, 4.992], "texture": "#3"},
				"west": {"uv": [7.508, 4.758, 7.742, 4.992], "texture": "#3"}
			}
		},
		{
			"from": [13, 7, 16],
			"to": [15, 14, 19],
			"rotation": {"angle": 0, "axis": "y", "origin": [4, 2, 10.5]},
			"faces": {
				"north": {"uv": [3.242, 7.758, 2.758, 9.492], "texture": "#3"},
				"east": {"uv": [6.008, 0.008, 6.742, 1.742], "texture": "#3"},
				"south": {"uv": [2.758, 7.758, 3.242, 9.492], "texture": "#3"},
				"west": {"uv": [5.258, 6.258, 5.992, 7.992], "texture": "#3"},
				"down": {"uv": [5.742, 8.008, 5.258, 8.742], "texture": "#3"}
			}
		},
		{
			"from": [-3.5, 0.5, 16.5],
			"to": [0.5, 10.5, 18.5],
			"rotation": {"angle": 0, "axis": "y", "origin": [13.5, 1.5, 10.5]},
			"faces": {
				"north": {"uv": [4.258, 4.008, 5.242, 6.492], "texture": "#3"},
				"south": {"uv": [3.008, 5.258, 3.992, 7.742], "texture": "#3"},
				"up": {"uv": [8.742, 8.242, 7.758, 7.758], "texture": "#3"}
			}
		},
		{
			"from": [19, 9.75, 11],
			"to": [28, 9.75, 14],
			"rotation": {"angle": 45, "axis": "z", "origin": [12, 11.5, 16]},
			"faces": {
				"down": {"uv": [4.492, 0.008, 0.008, 1.492], "texture": "#2"}
			}
		},
		{
			"from": [13.13895, 6.81513, 11],
			"to": [18.13895, 6.81513, 14],
			"rotation": {"angle": 22.5, "axis": "z", "origin": [19.63895, 7.06513, 13.5]},
			"faces": {
				"down": {"uv": [1.242, 7.758, 0.008, 8.492], "texture": "#3"}
			}
		},
		{
			"from": [18.13895, 3.81513, 11],
			"to": [18.13895, 6.81513, 14],
			"rotation": {"angle": 22.5, "axis": "z", "origin": [19.63895, 7.06513, 13.5]},
			"faces": {
				"west": {"uv": [12.008, 10.508, 13.492, 11.992], "texture": "#2"}
			}
		},
		{
			"from": [18.13895, 3.81513, 11],
			"to": [24.13895, 3.81513, 14],
			"rotation": {"angle": 22.5, "axis": "z", "origin": [19.63895, 7.06513, 13.5]},
			"faces": {
				"down": {"uv": [2.992, 6.008, 0.008, 7.492], "texture": "#2"}
			}
		},
		{
			"from": [24, 11.75, 11],
			"to": [24, 13.75, 14],
			"rotation": {"angle": 45, "axis": "z", "origin": [12, 11.5, 16]},
			"faces": {
				"north": {"uv": [0.008, 0.008, 0.008, 0.992], "texture": "#2"},
				"east": {"uv": [13.508, 3.508, 14.992, 4.492], "texture": "#2"},
				"south": {"uv": [0.008, 0.008, 0.008, 0.992], "texture": "#2"},
				"west": {"uv": [13.508, 5.508, 14.992, 6.492], "texture": "#2"},
				"up": {"uv": [0.008, 1.492, 0.008, 0.008], "texture": "#2"},
				"down": {"uv": [0.008, 0.008, 0.008, 1.492], "texture": "#2"}
			}
		},
		{
			"from": [21, 13.75, 11],
			"to": [24, 13.75, 14],
			"rotation": {"angle": 45, "axis": "z", "origin": [12, 11.5, 16]},
			"faces": {
				"north": {"uv": [0.008, 0.008, 1.492, 0.008], "texture": "#2"},
				"east": {"uv": [0.008, 0.008, 1.492, 0.008], "texture": "#2"},
				"south": {"uv": [0.008, 0.008, 1.492, 0.008], "texture": "#2"},
				"west": {"uv": [0.008, 0.008, 1.492, 0.008], "texture": "#2"},
				"up": {"uv": [13.492, 13.492, 12.008, 12.008], "texture": "#2"},
				"down": {"uv": [1.492, 12.508, 0.008, 13.992], "texture": "#2"}
			}
		},
		{
			"from": [21, 9.75, 11],
			"to": [21, 13.75, 14],
			"rotation": {"angle": 45, "axis": "z", "origin": [12, 11.5, 16]},
			"faces": {
				"north": {"uv": [0.008, 0.008, 0.008, 1.992], "texture": "#2"},
				"east": {"uv": [10.008, 8.508, 11.492, 10.492], "texture": "#2"},
				"south": {"uv": [0.008, 0.008, 0.008, 1.992], "texture": "#2"},
				"west": {"uv": [0.008, 10.508, 1.492, 12.492], "texture": "#2"},
				"up": {"uv": [0.008, 1.492, 0.008, 0.008], "texture": "#2"},
				"down": {"uv": [0.008, 0.008, 0.008, 1.492], "texture": "#2"}
			}
		},
		{
			"from": [19, 9.75, 11],
			"to": [21, 9.75, 14],
			"rotation": {"angle": 45, "axis": "z", "origin": [12, 11.5, 16]},
			"faces": {
				"north": {"uv": [0.008, 0.008, 0.992, 0.008], "texture": "#2"},
				"east": {"uv": [0.008, 0.008, 1.492, 0.008], "texture": "#2"},
				"south": {"uv": [0.008, 0.008, 0.992, 0.008], "texture": "#2"},
				"west": {"uv": [0.008, 0.008, 1.492, 0.008], "texture": "#2"},
				"up": {"uv": [10.492, 14.992, 9.508, 13.508], "texture": "#2"},
				"down": {"uv": [14.492, 10.508, 13.508, 11.992], "texture": "#2"}
			}
		},
		{
			"from": [18.5, 10.25, 11],
			"to": [20.5, 16.25, 14],
			"rotation": {"angle": 45, "axis": "z", "origin": [12, 11.5, 16]},
			"faces": {
				"north": {"uv": [1.508, 10.508, 2.492, 13.492], "texture": "#2"},
				"east": {"uv": [7.008, 4.508, 8.492, 7.492], "texture": "#2"},
				"south": {"uv": [2.508, 10.508, 3.492, 13.492], "texture": "#2"},
				"west": {"uv": [0.008, 7.508, 1.492, 10.492], "texture": "#2"},
				"up": {"uv": [12.992, 14.992, 12.008, 13.508], "texture": "#2"},
				"down": {"uv": [14.492, 12.008, 13.508, 13.492], "texture": "#2"}
			}
		},
		{
			"from": [20.5, 14.25, 11],
			"to": [25.5, 16.25, 14],
			"rotation": {"angle": 45, "axis": "z", "origin": [12, 11.5, 16]},
			"faces": {
				"north": {"uv": [10.008, 4.508, 12.492, 5.492], "texture": "#2"},
				"east": {"uv": [13.008, 13.508, 14.492, 14.492], "texture": "#2"},
				"south": {"uv": [11.008, 0.008, 13.492, 0.992], "texture": "#2"},
				"up": {"uv": [10.992, 1.492, 8.508, 0.008], "texture": "#2"},
				"down": {"uv": [10.992, 5.508, 8.508, 6.992], "texture": "#2"}
			}
		},
		{
			"from": [24.5, 12.25, 11],
			"to": [25.5, 14.25, 14],
			"rotation": {"angle": 45, "axis": "z", "origin": [12, 11.5, 16]},
			"faces": {
				"north": {"uv": [5.508, 11.508, 5.992, 12.492], "texture": "#2"},
				"east": {"uv": [0.008, 14.008, 1.492, 14.992], "texture": "#2"},
				"south": {"uv": [5.508, 12.508, 5.992, 13.492], "texture": "#2"},
				"west": {"uv": [14.008, 1.008, 15.492, 1.992], "texture": "#2"},
				"down": {"uv": [8.492, 2.508, 8.008, 3.992], "texture": "#2"}
			}
		},
		{
			"from": [28.94904, 9.62797, 11],
			"to": [28.94904, 14.62797, 14],
			"rotation": {"angle": 45, "axis": "z", "origin": [16.94904, 9.37797, 16]},
			"faces": {
				"east": {"uv": [6.008, 8.508, 7.492, 10.992], "texture": "#2"}
			}
		},
		{
			"from": [23.82843, 6.67893, 11],
			"to": [31.82843, 6.67893, 14],
			"rotation": {"angle": 45, "axis": "z", "origin": [14.82843, 4.42893, 16]},
			"faces": {
				"down": {"uv": [3.992, 4.508, 0.008, 5.992], "texture": "#2"}
			}
		},
		{
			"from": [21.70711, 5.80025, 11],
			"to": [21.70711, 8.80025, 14],
			"rotation": {"angle": 45, "axis": "z", "origin": [12.70711, 6.55025, 16]},
			"faces": {
				"north": {"uv": [0.008, 0.008, 0.008, 1.492], "texture": "#2"},
				"east": {"uv": [12.508, 1.008, 13.992, 2.492], "texture": "#2"},
				"south": {"uv": [0.008, 0.008, 0.008, 1.492], "texture": "#2"},
				"west": {"uv": [10.508, 12.508, 11.992, 13.992], "texture": "#2"},
				"up": {"uv": [0.008, 1.492, 0.008, 0.008], "texture": "#2"},
				"down": {"uv": [0.008, 0.008, 0.008, 1.492], "texture": "#2"}
			}
		},
		{
			"from": [18.5, 7.25, 11],
			"to": [20.5, 13.25, 14],
			"rotation": {"angle": 45, "axis": "z", "origin": [12, 11.5, 16]},
			"faces": {
				"north": {"uv": [3.508, 10.508, 4.492, 13.492], "texture": "#2"},
				"east": {"uv": [1.508, 7.508, 2.992, 10.492], "texture": "#2"},
				"south": {"uv": [9.508, 10.508, 10.492, 13.492], "texture": "#2"},
				"west": {"uv": [3.008, 7.508, 4.492, 10.492], "texture": "#2"},
				"up": {"uv": [6.492, 15.492, 5.508, 14.008], "texture": "#2"},
				"down": {"uv": [11.492, 14.008, 10.508, 15.492], "texture": "#2"}
			}
		},
		{
			"from": [20.5, 7.25, 11],
			"to": [25.5, 9.25, 14],
			"rotation": {"angle": 45, "axis": "z", "origin": [12, 11.5, 16]},
			"faces": {
				"north": {"uv": [11.008, 5.508, 13.492, 6.492], "texture": "#2"},
				"east": {"uv": [14.008, 4.508, 15.492, 5.492], "texture": "#2"},
				"south": {"uv": [11.508, 6.508, 13.992, 7.492], "texture": "#2"},
				"up": {"uv": [9.992, 9.992, 7.508, 8.508], "texture": "#2"},
				"down": {"uv": [11.492, 7.008, 9.008, 8.492], "texture": "#2"}
			}
		},
		{
			"from": [24.5, 9.25, 11],
			"to": [25.5, 11.25, 14],
			"rotation": {"angle": 45, "axis": "z", "origin": [12, 11.5, 16]},
			"faces": {
				"north": {"uv": [11.508, 14.008, 11.992, 14.992], "texture": "#2"},
				"east": {"uv": [14.008, 6.508, 15.492, 7.492], "texture": "#2"},
				"south": {"uv": [14.508, 12.008, 14.992, 12.992], "texture": "#2"},
				"west": {"uv": [3.008, 14.508, 4.492, 15.492], "texture": "#2"},
				"up": {"uv": [7.492, 12.492, 7.008, 11.008], "texture": "#2"}
			}
		},
		{
			"from": [18.5, 10.25, 11],
			"to": [27.5, 12.25, 14],
			"rotation": {"angle": 45, "axis": "z", "origin": [12, 11.5, 16]},
			"faces": {
				"north": {"uv": [4.508, 7.508, 8.992, 8.492], "texture": "#2"},
				"east": {"uv": [6.508, 14.508, 7.992, 15.492], "texture": "#2"},
				"south": {"uv": [8.008, 1.508, 12.492, 2.492], "texture": "#2"},
				"up": {"uv": [4.492, 2.992, 0.008, 1.508], "texture": "#2"},
				"down": {"uv": [4.492, 3.008, 0.008, 4.492], "texture": "#2"}
			}
		},
		{
			"from": [14, 9.75, 11],
			"to": [19, 9.75, 14],
			"rotation": {"angle": 45, "axis": "z", "origin": [12, 11.5, 16]},
			"faces": {
				"down": {"uv": [8.992, 0.008, 7.758, 0.742], "texture": "#3"}
			}
		},
		{
			"from": [20.63895, 11.31513, 11],
			"to": [23.63895, 13.31513, 14],
			"rotation": {"angle": 22.5, "axis": "z", "origin": [19.63895, 7.06513, 13.5]},
			"faces": {
				"north": {"uv": [14.508, 7.508, 15.992, 8.492], "texture": "#2"},
				"east": {"uv": [8.008, 14.508, 9.492, 15.492], "texture": "#2"},
				"south": {"uv": [14.508, 8.508, 15.992, 9.492], "texture": "#2"},
				"up": {"uv": [8.492, 14.492, 7.008, 13.008], "texture": "#2"},
				"down": {"uv": [14.492, 7.508, 13.008, 8.992], "texture": "#2"}
			}
		},
		{
			"from": [21.13895, 10.81513, 11],
			"to": [24.13895, 10.81513, 14],
			"rotation": {"angle": 22.5, "axis": "z", "origin": [19.63895, 7.06513, 13.5]},
			"faces": {
				"down": {"uv": [14.492, 9.008, 13.008, 10.492], "texture": "#2"}
			}
		},
		{
			"from": [21.13895, 6.81513, 11],
			"to": [21.13895, 10.81513, 14],
			"rotation": {"angle": 22.5, "axis": "z", "origin": [19.63895, 7.06513, 13.5]},
			"faces": {
				"east": {"uv": [10.508, 10.508, 11.992, 12.492], "texture": "#2"}
			}
		},
		{
			"from": [18.63895, 7.31513, 11],
			"to": [20.63895, 13.31513, 14],
			"rotation": {"angle": 22.5, "axis": "z", "origin": [19.63895, 7.06513, 13.5]},
			"faces": {
				"north": {"uv": [6.008, 11.008, 6.992, 13.992], "texture": "#2"},
				"east": {"uv": [8.508, 2.508, 9.992, 5.492], "texture": "#2"},
				"south": {"uv": [4.508, 11.508, 5.492, 14.492], "texture": "#2"},
				"west": {"uv": [4.508, 8.508, 5.992, 11.492], "texture": "#2"},
				"up": {"uv": [5.492, 15.992, 4.508, 14.508], "texture": "#2"},
				"down": {"uv": [15.492, 9.508, 14.508, 10.992], "texture": "#2"}
			}
		},
		{
			"from": [18.13895, 6.81513, 11],
			"to": [26.13895, 6.81513, 14],
			"rotation": {"angle": 22.5, "axis": "z", "origin": [19.63895, 7.06513, 13.5]},
			"faces": {
				"down": {"uv": [8.492, 0.008, 4.508, 1.492], "texture": "#2"}
			}
		},
		{
			"from": [18.63895, 7.31513, 11],
			"to": [25.63895, 9.31513, 14],
			"rotation": {"angle": 22.5, "axis": "z", "origin": [19.63895, 7.06513, 13.5]},
			"faces": {
				"north": {"uv": [10.008, 2.508, 13.492, 3.492], "texture": "#2"},
				"east": {"uv": [14.508, 11.008, 15.992, 11.992], "texture": "#2"},
				"south": {"uv": [10.008, 3.508, 13.492, 4.492], "texture": "#2"},
				"up": {"uv": [7.992, 2.992, 4.508, 1.508], "texture": "#2"},
				"down": {"uv": [7.992, 3.008, 4.508, 4.492], "texture": "#2"}
			}
		},
		{
			"from": [18.13895, 6.81513, 11],
			"to": [21.13895, 6.81513, 14],
			"rotation": {"angle": 22.5, "axis": "z", "origin": [19.63895, 7.06513, 13.5]},
			"faces": {
				"down": {"uv": [2.992, 13.508, 1.508, 14.992], "texture": "#2"}
			}
		},
		{
			"from": [9, 3, 17],
			"to": [13, 6, 17],
			"rotation": {"angle": 0, "axis": "y", "origin": [12, 2, 10]},
			"faces": {
				"north": {"uv": [7.758, 2.508, 8.742, 3.242], "texture": "#3"},
				"south": {"uv": [7.758, 3.258, 8.742, 3.992], "texture": "#3"}
			}
		},
		{
			"from": [3.50981, -5.30032, 16.5],
			"to": [12.50981, -1.30032, 17.5],
			"rotation": {"angle": -22.5, "axis": "z", "origin": [10.50981, 9.69968, 16]},
			"faces": {
				"north": {"uv": [5.258, 4.008, 7.492, 4.992], "texture": "#3"},
				"east": {"uv": [5.492, 4.008, 5.258, 4.992], "texture": "#3"},
				"south": {"uv": [7.492, 4.008, 5.258, 4.992], "texture": "#3"},
				"west": {"uv": [7.492, 4.008, 7.258, 4.992], "texture": "#3"},
				"up": {"uv": [7.492, 4.008, 5.258, 4.242], "texture": "#3"},
				"down": {"uv": [7.492, 4.758, 5.258, 4.992], "texture": "#3"}
			}
		},
		{
			"from": [1.50981, -4.30032, 17],
			"to": [6.50981, 0.69968, 17],
			"rotation": {"angle": -22.5, "axis": "z", "origin": [10.50981, 9.69968, 17]},
			"faces": {
				"north": {"uv": [0.008, 5.508, 1.242, 6.742], "texture": "#3"},
				"south": {"uv": [1.242, 5.508, 0.008, 6.742], "texture": "#3"}
			}
		},
		{
			"from": [3, 3, 17],
			"to": [7, 6, 17],
			"rotation": {"angle": 0, "axis": "y", "origin": [4, 2, 10]},
			"faces": {
				"north": {"uv": [8.742, 2.508, 7.758, 3.242], "texture": "#3"},
				"south": {"uv": [8.742, 3.258, 7.758, 3.992], "texture": "#3"}
			}
		},
		{
			"from": [15.75, 7.75, 16.75],
			"to": [17.25, 10.25, 18.25],
			"rotation": {"angle": 0, "axis": "z", "origin": [15.75, 9, 17.5]},
			"faces": {
				"north": {"uv": [7.992, 4.758, 7.508, 4.992], "rotation": 270, "texture": "#3"},
				"south": {"uv": [7.508, 4.758, 7.992, 4.992], "rotation": 90, "texture": "#3"},
				"up": {"uv": [7.508, 4.758, 7.742, 4.992], "rotation": 90, "texture": "#3"},
				"down": {"uv": [7.508, 4.758, 7.742, 4.992], "rotation": 90, "texture": "#3"}
			}
		},
		{
			"from": [10, 8, 17],
			"to": [20, 10, 18],
			"rotation": {"angle": 0, "axis": "z", "origin": [15.75, 9, 17.5]},
			"faces": {
				"north": {"uv": [6.492, 6.258, 6.008, 8.742], "rotation": 270, "texture": "#3"},
				"east": {"uv": [6.008, 6.258, 6.492, 6.492], "rotation": 90, "texture": "#3"},
				"south": {"uv": [6.008, 6.258, 6.492, 8.742], "rotation": 90, "texture": "#3"},
				"up": {"uv": [6.008, 6.258, 6.242, 8.742], "rotation": 90, "texture": "#3"},
				"down": {"uv": [6.008, 6.258, 6.242, 8.742], "rotation": 90, "texture": "#3"}
			}
		},
		{
			"from": [-4, 8, 17],
			"to": [6, 10, 18],
			"rotation": {"angle": 0, "axis": "z", "origin": [0.25, 9, 17.5]},
			"faces": {
				"north": {"uv": [6.492, 8.742, 6.008, 6.258], "rotation": 270, "texture": "#3"},
				"south": {"uv": [6.008, 8.742, 6.492, 6.258], "rotation": 90, "texture": "#3"},
				"west": {"uv": [6.008, 6.492, 6.492, 6.258], "rotation": 90, "texture": "#3"},
				"up": {"uv": [6.008, 8.742, 6.242, 6.258], "rotation": 90, "texture": "#3"},
				"down": {"uv": [6.008, 8.742, 6.242, 6.258], "rotation": 90, "texture": "#3"}
			}
		},
		{
			"from": [1, 7, 16],
			"to": [3, 14, 19],
			"rotation": {"angle": 0, "axis": "y", "origin": [12, 2, 10.5]},
			"faces": {
				"north": {"uv": [2.758, 7.758, 3.242, 9.492], "texture": "#3"},
				"east": {"uv": [5.992, 6.258, 5.258, 7.992], "texture": "#3"},
				"south": {"uv": [3.242, 7.758, 2.758, 9.492], "texture": "#3"},
				"west": {"uv": [6.742, 0.008, 6.008, 1.742], "texture": "#3"},
				"down": {"uv": [5.258, 8.008, 5.742, 8.742], "texture": "#3"}
			}
		},
		{
			"from": [-1.25, 7.75, 16.75],
			"to": [0.25, 10.25, 18.25],
			"rotation": {"angle": 0, "axis": "z", "origin": [0.25, 9, 17.5]},
			"faces": {
				"north": {"uv": [7.992, 4.992, 7.508, 4.758], "rotation": 270, "texture": "#3"},
				"south": {"uv": [7.508, 4.992, 7.992, 4.758], "rotation": 90, "texture": "#3"},
				"up": {"uv": [7.508, 4.992, 7.742, 4.758], "rotation": 90, "texture": "#3"},
				"down": {"uv": [7.508, 4.992, 7.742, 4.758], "rotation": 90, "texture": "#3"}
			}
		},
		{
			"name": "cube inverted",
			"from": [0.5, 10.5, 18.5],
			"to": [-3.5, 0.5, 16.5],
			"rotation": {"angle": 0, "axis": "y", "origin": [13.5, 1.5, 10.5]},
			"faces": {
				"north": {"uv": [3.008, 7.742, 3.992, 5.258], "texture": "#3"},
				"south": {"uv": [4.258, 6.492, 5.242, 4.008], "texture": "#3"},
				"down": {"uv": [7.758, 8.242, 8.742, 7.758], "texture": "#3"}
			}
		},
		{
			"from": [-5.13895, 6.81513, 11],
			"to": [-2.13895, 6.81513, 14],
			"rotation": {"angle": -22.5, "axis": "z", "origin": [-3.63895, 7.06513, 13.5]},
			"faces": {
				"down": {"uv": [1.508, 13.508, 2.992, 14.992], "texture": "#2"}
			}
		},
		{
			"from": [-9.63895, 7.31513, 11],
			"to": [-2.63895, 9.31513, 14],
			"rotation": {"angle": -22.5, "axis": "z", "origin": [-3.63895, 7.06513, 13.5]},
			"faces": {
				"north": {"uv": [13.492, 2.508, 10.008, 3.492], "texture": "#2"},
				"south": {"uv": [13.492, 3.508, 10.008, 4.492], "texture": "#2"},
				"west": {"uv": [15.992, 11.008, 14.508, 11.992], "texture": "#2"},
				"up": {"uv": [4.508, 2.992, 7.992, 1.508], "texture": "#2"},
				"down": {"uv": [4.508, 3.008, 7.992, 4.492], "texture": "#2"}
			}
		},
		{
			"from": [-10.13895, 6.81513, 11],
			"to": [-2.13895, 6.81513, 14],
			"rotation": {"angle": -22.5, "axis": "z", "origin": [-3.63895, 7.06513, 13.5]},
			"faces": {
				"down": {"uv": [4.508, 0.008, 8.492, 1.492], "texture": "#2"}
			}
		},
		{
			"from": [-4.63895, 7.31513, 11],
			"to": [-2.63895, 13.31513, 14],
			"rotation": {"angle": -22.5, "axis": "z", "origin": [-3.63895, 7.06513, 13.5]},
			"faces": {
				"north": {"uv": [6.992, 11.008, 6.008, 13.992], "texture": "#2"},
				"east": {"uv": [5.992, 8.508, 4.508, 11.492], "texture": "#2"},
				"south": {"uv": [5.492, 11.508, 4.508, 14.492], "texture": "#2"},
				"west": {"uv": [9.992, 2.508, 8.508, 5.492], "texture": "#2"},
				"up": {"uv": [4.508, 15.992, 5.492, 14.508], "texture": "#2"},
				"down": {"uv": [14.508, 9.508, 15.492, 10.992], "texture": "#2"}
			}
		},
		{
			"from": [-5.13895, 6.81513, 11],
			"to": [-5.13895, 10.81513, 14],
			"rotation": {"angle": -22.5, "axis": "z", "origin": [-3.63895, 7.06513, 13.5]},
			"faces": {
				"west": {"uv": [11.992, 10.508, 10.508, 12.492], "texture": "#2"}
			}
		},
		{
			"from": [-8.13895, 10.81513, 11],
			"to": [-5.13895, 10.81513, 14],
			"rotation": {"angle": -22.5, "axis": "z", "origin": [-3.63895, 7.06513, 13.5]},
			"faces": {
				"down": {"uv": [13.008, 9.008, 14.492, 10.492], "texture": "#2"}
			}
		},
		{
			"from": [-7.63895, 11.31513, 11],
			"to": [-4.63895, 13.31513, 14],
			"rotation": {"angle": -22.5, "axis": "z", "origin": [-3.63895, 7.06513, 13.5]},
			"faces": {
				"north": {"uv": [15.992, 7.508, 14.508, 8.492], "texture": "#2"},
				"south": {"uv": [15.992, 8.508, 14.508, 9.492], "texture": "#2"},
				"west": {"uv": [9.492, 14.508, 8.008, 15.492], "texture": "#2"},
				"up": {"uv": [7.008, 14.492, 8.492, 13.008], "texture": "#2"},
				"down": {"uv": [13.008, 7.508, 14.492, 8.992], "texture": "#2"}
			}
		},
		{
			"from": [-3, 9.75, 11],
			"to": [2, 9.75, 14],
			"rotation": {"angle": -45, "axis": "z", "origin": [4, 11.5, 16]},
			"faces": {
				"down": {"uv": [7.758, 0.008, 8.992, 0.742], "texture": "#3"}
			}
		},
		{
			"from": [-11.5, 10.25, 11],
			"to": [-2.5, 12.25, 14],
			"rotation": {"angle": -45, "axis": "z", "origin": [4, 11.5, 16]},
			"faces": {
				"north": {"uv": [8.992, 7.508, 4.508, 8.492], "texture": "#2"},
				"south": {"uv": [12.492, 1.508, 8.008, 2.492], "texture": "#2"},
				"west": {"uv": [7.992, 14.508, 6.508, 15.492], "texture": "#2"},
				"up": {"uv": [0.008, 2.992, 4.492, 1.508], "texture": "#2"},
				"down": {"uv": [0.008, 3.008, 4.492, 4.492], "texture": "#2"}
			}
		},
		{
			"from": [-9.5, 9.25, 11],
			"to": [-8.5, 11.25, 14],
			"rotation": {"angle": -45, "axis": "z", "origin": [4, 11.5, 16]},
			"faces": {
				"north": {"uv": [11.992, 14.008, 11.508, 14.992], "texture": "#2"},
				"east": {"uv": [4.492, 14.508, 3.008, 15.492], "texture": "#2"},
				"south": {"uv": [14.992, 12.008, 14.508, 12.992], "texture": "#2"},
				"west": {"uv": [15.492, 6.508, 14.008, 7.492], "texture": "#2"},
				"up": {"uv": [7.008, 12.492, 7.492, 11.008], "texture": "#2"}
			}
		},
		{
			"from": [-9.5, 7.25, 11],
			"to": [-4.5, 9.25, 14],
			"rotation": {"angle": -45, "axis": "z", "origin": [4, 11.5, 16]},
			"faces": {
				"north": {"uv": [13.492, 5.508, 11.008, 6.492], "texture": "#2"},
				"south": {"uv": [13.992, 6.508, 11.508, 7.492], "texture": "#2"},
				"west": {"uv": [15.492, 4.508, 14.008, 5.492], "texture": "#2"},
				"up": {"uv": [7.508, 9.992, 9.992, 8.508], "texture": "#2"},
				"down": {"uv": [9.008, 7.008, 11.492, 8.492], "texture": "#2"}
			}
		},
		{
			"from": [-4.5, 7.25, 11],
			"to": [-2.5, 13.25, 14],
			"rotation": {"angle": -45, "axis": "z", "origin": [4, 11.5, 16]},
			"faces": {
				"north": {"uv": [4.492, 10.508, 3.508, 13.492], "texture": "#2"},
				"east": {"uv": [4.492, 7.508, 3.008, 10.492], "texture": "#2"},
				"south": {"uv": [10.492, 10.508, 9.508, 13.492], "texture": "#2"},
				"west": {"uv": [2.992, 7.508, 1.508, 10.492], "texture": "#2"},
				"up": {"uv": [5.508, 15.492, 6.492, 14.008], "texture": "#2"},
				"down": {"uv": [10.508, 14.008, 11.492, 15.492], "texture": "#2"}
			}
		},
		{
			"from": [-5.70711, 5.80025, 11],
			"to": [-5.70711, 8.80025, 14],
			"rotation": {"angle": -45, "axis": "z", "origin": [3.29289, 6.55025, 16]},
			"faces": {
				"north": {"uv": [0.008, 0.008, 0.008, 1.492], "texture": "#2"},
				"east": {"uv": [11.992, 12.508, 10.508, 13.992], "texture": "#2"},
				"south": {"uv": [0.008, 0.008, 0.008, 1.492], "texture": "#2"},
				"west": {"uv": [13.992, 1.008, 12.508, 2.492], "texture": "#2"},
				"up": {"uv": [0.008, 1.492, 0.008, 0.008], "texture": "#2"},
				"down": {"uv": [0.008, 0.008, 0.008, 1.492], "texture": "#2"}
			}
		},
		{
			"from": [-15.82843, 6.67893, 11],
			"to": [-7.82843, 6.67893, 14],
			"rotation": {"angle": -45, "axis": "z", "origin": [1.17157, 4.42893, 16]},
			"faces": {
				"down": {"uv": [0.008, 4.508, 3.992, 5.992], "texture": "#2"}
			}
		},
		{
			"from": [-12.94904, 9.62797, 11],
			"to": [-12.94904, 14.62797, 14],
			"rotation": {"angle": -45, "axis": "z", "origin": [-0.94904, 9.37797, 16]},
			"faces": {
				"west": {"uv": [7.492, 8.508, 6.008, 10.992], "texture": "#2"}
			}
		},
		{
			"from": [-9.5, 12.25, 11],
			"to": [-8.5, 14.25, 14],
			"rotation": {"angle": -45, "axis": "z", "origin": [4, 11.5, 16]},
			"faces": {
				"north": {"uv": [5.992, 11.508, 5.508, 12.492], "texture": "#2"},
				"east": {"uv": [15.492, 1.008, 14.008, 1.992], "texture": "#2"},
				"south": {"uv": [5.992, 12.508, 5.508, 13.492], "texture": "#2"},
				"west": {"uv": [1.492, 14.008, 0.008, 14.992], "texture": "#2"},
				"down": {"uv": [8.008, 2.508, 8.492, 3.992], "texture": "#2"}
			}
		},
		{
			"from": [-9.5, 14.25, 11],
			"to": [-4.5, 16.25, 14],
			"rotation": {"angle": -45, "axis": "z", "origin": [4, 11.5, 16]},
			"faces": {
				"north": {"uv": [12.492, 4.508, 10.008, 5.492], "texture": "#2"},
				"south": {"uv": [13.492, 0.008, 11.008, 0.992], "texture": "#2"},
				"west": {"uv": [14.492, 13.508, 13.008, 14.492], "texture": "#2"},
				"up": {"uv": [8.508, 1.492, 10.992, 0.008], "texture": "#2"},
				"down": {"uv": [8.508, 5.508, 10.992, 6.992], "texture": "#2"}
			}
		},
		{
			"from": [-4.5, 10.25, 11],
			"to": [-2.5, 16.25, 14],
			"rotation": {"angle": -45, "axis": "z", "origin": [4, 11.5, 16]},
			"faces": {
				"north": {"uv": [2.492, 10.508, 1.508, 13.492], "texture": "#2"},
				"east": {"uv": [1.492, 7.508, 0.008, 10.492], "texture": "#2"},
				"south": {"uv": [3.492, 10.508, 2.508, 13.492], "texture": "#2"},
				"west": {"uv": [8.492, 4.508, 7.008, 7.492], "texture": "#2"},
				"up": {"uv": [12.008, 14.992, 12.992, 13.508], "texture": "#2"},
				"down": {"uv": [13.508, 12.008, 14.492, 13.492], "texture": "#2"}
			}
		},
		{
			"from": [-5, 9.75, 11],
			"to": [-3, 9.75, 14],
			"rotation": {"angle": -45, "axis": "z", "origin": [4, 11.5, 16]},
			"faces": {
				"north": {"uv": [0.992, 0.008, 0.008, 0.008], "texture": "#2"},
				"east": {"uv": [1.492, 0.008, 0.008, 0.008], "texture": "#2"},
				"south": {"uv": [0.992, 0.008, 0.008, 0.008], "texture": "#2"},
				"west": {"uv": [1.492, 0.008, 0.008, 0.008], "texture": "#2"},
				"up": {"uv": [9.508, 14.992, 10.492, 13.508], "texture": "#2"},
				"down": {"uv": [13.508, 10.508, 14.492, 11.992], "texture": "#2"}
			}
		},
		{
			"from": [-5, 9.75, 11],
			"to": [-5, 13.75, 14],
			"rotation": {"angle": -45, "axis": "z", "origin": [4, 11.5, 16]},
			"faces": {
				"north": {"uv": [0.008, 0.008, 0.008, 1.992], "texture": "#2"},
				"east": {"uv": [1.492, 10.508, 0.008, 12.492], "texture": "#2"},
				"south": {"uv": [0.008, 0.008, 0.008, 1.992], "texture": "#2"},
				"west": {"uv": [11.492, 8.508, 10.008, 10.492], "texture": "#2"},
				"up": {"uv": [0.008, 1.492, 0.008, 0.008], "texture": "#2"},
				"down": {"uv": [0.008, 0.008, 0.008, 1.492], "texture": "#2"}
			}
		},
		{
			"from": [-8, 13.75, 11],
			"to": [-5, 13.75, 14],
			"rotation": {"angle": -45, "axis": "z", "origin": [4, 11.5, 16]},
			"faces": {
				"north": {"uv": [1.492, 0.008, 0.008, 0.008], "texture": "#2"},
				"east": {"uv": [1.492, 0.008, 0.008, 0.008], "texture": "#2"},
				"south": {"uv": [1.492, 0.008, 0.008, 0.008], "texture": "#2"},
				"west": {"uv": [1.492, 0.008, 0.008, 0.008], "texture": "#2"},
				"up": {"uv": [12.008, 13.492, 13.492, 12.008], "texture": "#2"},
				"down": {"uv": [0.008, 12.508, 1.492, 13.992], "texture": "#2"}
			}
		},
		{
			"from": [-8, 11.75, 11],
			"to": [-8, 13.75, 14],
			"rotation": {"angle": -45, "axis": "z", "origin": [4, 11.5, 16]},
			"faces": {
				"north": {"uv": [0.008, 0.008, 0.008, 0.992], "texture": "#2"},
				"east": {"uv": [14.992, 5.508, 13.508, 6.492], "texture": "#2"},
				"south": {"uv": [0.008, 0.008, 0.008, 0.992], "texture": "#2"},
				"west": {"uv": [14.992, 3.508, 13.508, 4.492], "texture": "#2"},
				"up": {"uv": [0.008, 1.492, 0.008, 0.008], "texture": "#2"},
				"down": {"uv": [0.008, 0.008, 0.008, 1.492], "texture": "#2"}
			}
		},
		{
			"from": [-8.13895, 3.81513, 11],
			"to": [-2.13895, 3.81513, 14],
			"rotation": {"angle": -22.5, "axis": "z", "origin": [-3.63895, 7.06513, 13.5]},
			"faces": {
				"down": {"uv": [0.008, 6.008, 2.992, 7.492], "texture": "#2"}
			}
		},
		{
			"from": [-2.13895, 3.81513, 11],
			"to": [-2.13895, 6.81513, 14],
			"rotation": {"angle": -22.5, "axis": "z", "origin": [-3.63895, 7.06513, 13.5]},
			"faces": {
				"east": {"uv": [13.492, 10.508, 12.008, 11.992], "texture": "#2"}
			}
		},
		{
			"from": [-2.13895, 6.81513, 11],
			"to": [2.86105, 6.81513, 14],
			"rotation": {"angle": -22.5, "axis": "z", "origin": [-3.63895, 7.06513, 13.5]},
			"faces": {
				"down": {"uv": [0.008, 7.758, 1.242, 8.492], "texture": "#3"}
			}
		},
		{
			"from": [-12, 9.75, 11],
			"to": [-3, 9.75, 14],
			"rotation": {"angle": -45, "axis": "z", "origin": [4, 11.5, 16]},
			"faces": {
				"down": {"uv": [0.008, 0.008, 4.492, 1.492], "texture": "#2"}
			}
		},
		{
			"from": [-2.63895, 7.31513, 11],
			"to": [2.36105, 10.31513, 14],
			"rotation": {"angle": -22.5, "axis": "z", "origin": [-3.63895, 7.06513, 13.5]},
			"faces": {
				"north": {"uv": [7.742, 7.258, 6.508, 7.992], "texture": "#3"},
				"south": {"uv": [5.242, 7.508, 4.008, 8.242], "texture": "#3"},
				"west": {"uv": [8.492, 7.008, 7.758, 7.742], "texture": "#3"},
				"up": {"uv": [7.508, 4.742, 8.742, 4.008], "texture": "#3"},
				"down": {"uv": [7.508, 6.258, 8.742, 6.992], "texture": "#3"}
			}
		},
		{
			"from": [-4.63895, 4.31513, 11],
			"to": [-2.63895, 10.31513, 14],
			"rotation": {"angle": -22.5, "axis": "z", "origin": [-3.63895, 7.06513, 13.5]},
			"faces": {
				"north": {"uv": [8.492, 10.008, 7.508, 12.992], "texture": "#2"},
				"east": {"uv": [6.992, 4.508, 5.508, 7.492], "texture": "#2"},
				"south": {"uv": [9.492, 10.008, 8.508, 12.992], "texture": "#2"},
				"west": {"uv": [5.492, 4.508, 4.008, 7.492], "texture": "#2"},
				"up": {"uv": [3.008, 7.492, 3.992, 6.008], "texture": "#2"},
				"down": {"uv": [8.508, 13.008, 9.492, 14.492], "texture": "#2"}
			}
		},
		{
			"from": [-7.63895, 4.31513, 11],
			"to": [-4.63895, 6.31513, 14],
			"rotation": {"angle": -22.5, "axis": "z", "origin": [-3.63895, 7.06513, 13.5]},
			"faces": {
				"north": {"uv": [13.992, 4.508, 12.508, 5.492], "texture": "#2"},
				"east": {"uv": [4.492, 13.508, 3.008, 14.492], "texture": "#2"},
				"south": {"uv": [14.992, 2.508, 13.508, 3.492], "texture": "#2"},
				"west": {"uv": [14.992, 0.008, 13.508, 0.992], "texture": "#2"},
				"up": {"uv": [11.508, 8.992, 12.992, 7.508], "texture": "#2"},
				"down": {"uv": [11.508, 9.008, 12.992, 10.492], "texture": "#2"}
			}
		},
		{
			"from": [-2.5, 10.25, 11],
			"to": [2.5, 13.25, 14],
			"rotation": {"angle": -45, "axis": "z", "origin": [4, 11.5, 16]},
			"faces": {
				"north": {"uv": [7.242, 1.758, 6.008, 2.492], "texture": "#3"},
				"south": {"uv": [7.992, 1.008, 6.758, 1.742], "texture": "#3"},
				"west": {"uv": [3.992, 7.758, 3.258, 8.492], "texture": "#3"},
				"up": {"uv": [7.008, 6.242, 8.242, 5.508], "texture": "#3"},
				"down": {"uv": [7.258, 1.758, 8.492, 2.492], "texture": "#3"}
			}
		}
	],
	"display": {
		"gui": {
			"rotation": [30, -45, 0],
			"translation": [2, 0, 0],
			"scale": [0.45, 0.45, 0.45]
		}
	},
	"groups": [
		{
			"name": "group",
			"origin": [4, 11.5, 16],
			"color": 0,
			"nbt": "{}",
			"children": [
				0,
				1,
				2,
				3,
				4,
				5,
				6,
				7,
				8,
				9,
				10,
				11,
				12,
				13,
				14,
				15,
				16,
				17,
				18,
				19,
				20,
				21,
				22,
				23,
				24,
				25,
				26,
				27,
				28,
				29,
				30,
				31,
				32,
				33,
				34,
				35,
				36,
				37,
				38,
				39,
				40,
				41,
				42,
				43,
				44,
				45,
				46,
				47,
				48,
				49,
				50,
				51,
				52,
				53,
				54,
				55,
				56,
				57,
				58,
				59,
				60,
				61,
				62,
				63,
				64,
				65,
				66,
				67,
				68,
				69,
				70,
				71,
				72,
				73,
				74,
				75,
				76,
				77,
				78,
				79,
				80
			]
		}
	],
	"__credit": "Generated using Animated Java (https://animated-java.dev/)"
}