{
	"credit": "Made with Blockbench",
	"parent": "hideaway:display_parents/back",
	"texture_size": [32, 32],
	"textures": {
		"2": "hideaway:back/pitchfork_spade"
	},
	"elements": [
		{
			"from": [9.5, -4, 11],
			"to": [11.5, 14, 13],
			"rotation": {"angle": -45, "axis": "z", "origin": [9.5, 9.25, 12]},
			"faces": {
				"north": {"uv": [0, 5, 1, 14], "texture": "#2"},
				"east": {"uv": [1, 5, 2, 14], "texture": "#2"},
				"south": {"uv": [0, 5, 1, 14], "texture": "#2"},
				"west": {"uv": [1, 5, 2, 14], "texture": "#2"},
				"up": {"uv": [11.5, 1, 10.5, 0], "texture": "#2"},
				"down": {"uv": [12.5, 0, 11.5, 1], "texture": "#2"}
			}
		},
		{
			"from": [5.5, 14, 12],
			"to": [15.5, 23, 12],
			"rotation": {"angle": -45, "axis": "z", "origin": [9.5, 9.25, 12]},
			"faces": {
				"north": {"uv": [0, 0, 5, 4.5], "texture": "#2"},
				"east": {"uv": [0, 0, 0, 4.5], "texture": "#2"},
				"south": {"uv": [0, 0, 5, 4.5], "texture": "#2"},
				"west": {"uv": [0, 0, 0, 4.5], "texture": "#2"},
				"up": {"uv": [5, 0, 0, 0], "texture": "#2"},
				"down": {"uv": [5, 0, 0, 0], "texture": "#2"}
			}
		},
		{
			"from": [-4.5, 0, 11],
			"to": [5.5, 9, 11],
			"rotation": {"angle": 45, "axis": "z", "origin": [-11.5, 9.25, 8]},
			"faces": {
				"north": {"uv": [5, 0, 10, 4.5], "texture": "#2"},
				"east": {"uv": [0, 0, 0, 4.5], "texture": "#2"},
				"south": {"uv": [5, 0, 10, 4.5], "texture": "#2"},
				"west": {"uv": [0, 0, 0, 4.5], "texture": "#2"},
				"up": {"uv": [5, 0, 0, 0], "texture": "#2"},
				"down": {"uv": [5, 0, 0, 0], "texture": "#2"}
			}
		},
		{
			"from": [9.4, -4.1, 10.9],
			"to": [11.6, 0.1, 13.1],
			"rotation": {"angle": -45, "axis": "z", "origin": [9.5, 9.25, 12]},
			"faces": {
				"north": {"uv": [2.5, 5.5, 3.5, 7.5], "texture": "#2"},
				"east": {"uv": [3.5, 5.5, 4.5, 7.5], "texture": "#2"},
				"south": {"uv": [2.5, 5.5, 3.5, 7.5], "texture": "#2"},
				"west": {"uv": [3.5, 5.5, 4.5, 7.5], "texture": "#2"},
				"up": {"uv": [11.5, 2, 10.5, 1], "texture": "#2"},
				"down": {"uv": [11.5, 1, 10.5, 2], "texture": "#2"}
			}
		},
		{
			"from": [4.65, -4.1, 9.9],
			"to": [6.85, 0.1, 12.1],
			"rotation": {"angle": 45, "axis": "z", "origin": [6.5, 9.25, 12]},
			"faces": {
				"north": {"uv": [3.5, 5.5, 4.5, 7.5], "texture": "#2"},
				"east": {"uv": [2.5, 5.5, 3.5, 7.5], "texture": "#2"},
				"south": {"uv": [3.5, 5.5, 4.5, 7.5], "texture": "#2"},
				"west": {"uv": [2.5, 5.5, 3.5, 7.5], "texture": "#2"},
				"up": {"uv": [11.5, 2, 10.5, 1], "texture": "#2"},
				"down": {"uv": [11.5, 1, 10.5, 2], "texture": "#2"}
			}
		},
		{
			"from": [7.5, -3.5, 10],
			"to": [9.5, 14.5, 12],
			"rotation": {"angle": 45, "axis": "z", "origin": [8.47577, 6.2448, 5]},
			"faces": {
				"north": {"uv": [1, 5, 2, 14], "texture": "#2"},
				"east": {"uv": [0, 5, 1, 14], "texture": "#2"},
				"south": {"uv": [1, 5, 2, 14], "texture": "#2"},
				"west": {"uv": [0, 5, 1, 14], "texture": "#2"},
				"up": {"uv": [11.5, 1, 10.5, 0], "texture": "#2"},
				"down": {"uv": [12.5, 0, 11.5, 1], "texture": "#2"}
			}
		}
	],
	"display": {
		"gui": {
			"rotation": [30, 225, 0],
			"translation": [2, -1.25, 0],
			"scale": [0.69, 0.69, 0.69]
		}
	},
	"__credit": "Generated using Animated Java (https://animated-java.dev/)"
}