{
	"credit": "Made with Blockbench",
	"parent": "hideaway:display_parents/back",
	"texture_size": [64, 64],
	"textures": {
		"2": "hideaway:back/portable_puppet_theater",
		"particle": "hideaway:back/portable_puppet_theater"
	},
	"elements": [
		{
			"from": [2, -0.25, 10.3],
			"to": [14, 14.75, 18.3],
			"rotation": {"angle": 0, "axis": "x", "origin": [0, 2, -0.8]},
			"faces": {
				"north": {"uv": [8.008, 0.008, 10.992, 3.742], "texture": "#2", "tintindex": 0},
				"east": {"uv": [15.992, 0.008, 14.008, 3.742], "texture": "#2", "tintindex": 0},
				"south": {"uv": [11.008, 0.008, 13.992, 3.742], "texture": "#2", "tintindex": 0},
				"west": {"uv": [15.992, 0.008, 14.008, 3.742], "texture": "#2", "tintindex": 0}
			}
		},
		{
			"from": [4.5, 18, 9.8],
			"to": [16.5, 20, 19.8],
			"rotation": {"angle": -45, "axis": "z", "origin": [8, 16.5, 15.05]},
			"faces": {
				"north": {"uv": [2.992, 14.008, 0.008, 14.492], "texture": "#2", "tintindex": 0},
				"east": {"uv": [3.008, 14.008, 5.492, 14.492], "texture": "#2", "tintindex": 0},
				"south": {"uv": [0.008, 14.008, 2.992, 14.492], "texture": "#2", "tintindex": 0},
				"up": {"uv": [0.008, 11.508, 2.992, 13.992], "texture": "#2", "tintindex": 0},
				"down": {"uv": [3.008, 11.508, 5.992, 13.992], "texture": "#2", "tintindex": 0}
			}
		},
		{
			"from": [-0.5, 18, 9.8],
			"to": [11.5, 20, 19.8],
			"rotation": {"angle": 45, "axis": "z", "origin": [8, 16.5, 15.05]},
			"faces": {
				"north": {"uv": [0.008, 14.008, 2.992, 14.492], "texture": "#2", "tintindex": 0},
				"south": {"uv": [2.992, 14.008, 0.008, 14.492], "texture": "#2", "tintindex": 0},
				"west": {"uv": [5.492, 14.008, 3.008, 14.492], "texture": "#2", "tintindex": 0},
				"up": {"uv": [2.992, 11.508, 0.008, 13.992], "texture": "#2", "tintindex": 0},
				"down": {"uv": [5.992, 11.508, 3.008, 13.992], "texture": "#2", "tintindex": 0}
			}
		},
		{
			"from": [4, 14.75, 10.3],
			"to": [12, 18.75, 18.3],
			"rotation": {"angle": 0, "axis": "x", "origin": [0, 2, -0.8]},
			"faces": {
				"north": {"uv": [6.008, 9.508, 7.992, 10.492], "texture": "#2", "tintindex": 0},
				"south": {"uv": [6.008, 9.508, 7.992, 10.492], "texture": "#2", "tintindex": 0}
			}
		},
		{
			"from": [3, 2.25, 4.75],
			"to": [13, 14.25, 9.75],
			"rotation": {"angle": 0, "axis": "y", "origin": [8, 14, 8]},
			"faces": {
				"north": {"uv": [10.492, 4.758, 8.008, 7.742], "texture": "#2", "tintindex": 0},
				"east": {"uv": [11.742, 4.758, 10.508, 7.742], "texture": "#2", "tintindex": 0},
				"south": {"uv": [8.008, 3.508, 8.008, 3.508], "texture": "#2"},
				"west": {"uv": [10.508, 4.758, 11.742, 7.742], "texture": "#2", "tintindex": 0},
				"up": {"uv": [8.008, 4.742, 10.492, 3.508], "texture": "#2", "tintindex": 0},
				"down": {"uv": [12.992, 3.508, 10.508, 4.742], "texture": "#2", "tintindex": 0}
			}
		},
		{
			"from": [2.5, 4.75, 18.45],
			"to": [7.5, 12, 18.45],
			"rotation": {"angle": 0, "axis": "y", "origin": [4.5, 4.75, 16.45]},
			"faces": {
				"north": {"uv": [13.258, 3.508, 14.492, 5.3125], "texture": "#2", "tintindex": 0},
				"south": {"uv": [13.258, 3.508, 14.492, 5.3125], "texture": "#2", "tintindex": 0}
			}
		},
		{
			"from": [8.5, 4.75, 18.45],
			"to": [13.5, 12, 18.45],
			"rotation": {"angle": 0, "axis": "y", "origin": [11.5, 4.75, 16.45]},
			"faces": {
				"north": {"uv": [14.492, 3.508, 13.258, 5.3125], "texture": "#2", "tintindex": 0},
				"south": {"uv": [14.492, 3.508, 13.258, 5.3125], "texture": "#2", "tintindex": 0}
			}
		},
		{
			"name": "cube inverted",
			"from": [13, 14.25, 9.75],
			"to": [3, 2.25, 4.75],
			"rotation": {"angle": 0, "axis": "y", "origin": [8, 14, 8]},
			"faces": {
				"east": {"uv": [10.508, 7.742, 11.742, 4.758], "texture": "#2", "tintindex": 0},
				"south": {"uv": [10.492, 7.742, 8.008, 4.758], "texture": "#2", "tintindex": 0},
				"west": {"uv": [11.742, 7.742, 10.508, 4.758], "texture": "#2", "tintindex": 0},
				"up": {"uv": [10.508, 3.508, 12.992, 4.742], "texture": "#2", "tintindex": 0},
				"down": {"uv": [10.492, 4.742, 8.008, 3.508], "texture": "#2", "tintindex": 0}
			}
		},
		{
			"from": [2, -0.25, 10.3],
			"to": [14, 14.75, 18.3],
			"rotation": {"angle": 0, "axis": "x", "origin": [0, 2, -0.8]},
			"faces": {
				"north": {"uv": [0.008, 0.008, 2.992, 3.742], "texture": "#2"},
				"east": {"uv": [6.008, 0.008, 7.992, 3.742], "texture": "#2"},
				"south": {"uv": [3.008, 0.008, 5.992, 3.742], "texture": "#2"},
				"west": {"uv": [7.992, 0.008, 6.008, 3.742], "texture": "#2"},
				"up": {"uv": [5.992, 5.742, 3.008, 3.758], "texture": "#2"},
				"down": {"uv": [2.992, 3.758, 0.008, 5.742], "texture": "#2"}
			}
		},
		{
			"from": [1.75, -0.5, 10.05],
			"to": [14.25, 15, 18.55],
			"rotation": {"angle": 0, "axis": "x", "origin": [0, 2, -0.8]},
			"faces": {
				"north": {"uv": [0.008, 0.008, 2.992, 3.742], "texture": "#2"},
				"east": {"uv": [6.008, 0.008, 7.992, 3.742], "texture": "#2"},
				"south": {"uv": [3.008, 0.008, 5.992, 3.742], "texture": "#2"},
				"west": {"uv": [7.992, 0.008, 6.008, 3.742], "texture": "#2"},
				"up": {"uv": [5.992, 5.742, 3.008, 3.758], "texture": "#2"},
				"down": {"uv": [2.992, 3.758, 0.008, 5.742], "texture": "#2"}
			}
		},
		{
			"name": "cube inverted",
			"from": [14, 14.75, 18.3],
			"to": [2, -0.25, 10.3],
			"rotation": {"angle": 0, "axis": "x", "origin": [0, 2, -0.8]},
			"faces": {
				"north": {"uv": [3.008, 9.492, 5.992, 5.758], "texture": "#2"},
				"east": {"uv": [7.992, 9.492, 6.008, 5.758], "texture": "#2"},
				"south": {"uv": [2.992, 9.492, 0.008, 5.758], "texture": "#2"},
				"west": {"uv": [6.008, 9.492, 7.992, 5.758], "texture": "#2"},
				"up": {"uv": [0.008, 11.492, 2.992, 9.508], "texture": "#2"},
				"down": {"uv": [3.008, 11.492, 5.992, 9.508], "texture": "#2"}
			}
		},
		{
			"from": [2, 12.5, 10.2],
			"to": [14, 12.5, 18.2],
			"rotation": {"angle": 0, "axis": "x", "origin": [0, 2, -0.8]},
			"faces": {
				"down": {"uv": [3.008, 11.492, 5.992, 9.508], "texture": "#2"}
			}
		},
		{
			"from": [2, 1.5, 10.3],
			"to": [14, 1.5, 18.3],
			"rotation": {"angle": 0, "axis": "x", "origin": [0, 2, -0.8]},
			"faces": {
				"up": {"uv": [0.008, 9.508, 2.992, 11.492], "texture": "#2"}
			}
		},
		{
			"from": [8, 1.5, 12.45],
			"to": [13, 5.5, 12.45],
			"rotation": {"angle": -22.5, "axis": "y", "origin": [10.5, 3.5, 12.45]},
			"faces": {
				"north": {"uv": [0.008, 14.508, 1.242, 15.492], "texture": "#2"},
				"south": {"uv": [0.008, 14.508, 1.242, 15.492], "texture": "#2"}
			}
		},
		{
			"from": [2, 1.5, 16.45],
			"to": [7, 5.5, 16.45],
			"rotation": {"angle": 22.5, "axis": "y", "origin": [4.5, 3.5, 16.45]},
			"faces": {
				"north": {"uv": [0.008, 14.508, 1.242, 15.492], "texture": "#2"},
				"south": {"uv": [0.008, 14.508, 1.242, 15.492], "texture": "#2"}
			}
		},
		{
			"from": [4.75, 3, 13],
			"to": [8.75, 13, 13],
			"rotation": {"angle": 22.5, "axis": "y", "origin": [6, 9.75, 15]},
			"faces": {
				"north": {"uv": [6.992, 10.508, 6.008, 12.992], "texture": "#2"},
				"south": {"uv": [6.008, 10.508, 6.992, 12.992], "texture": "#2"}
			}
		},
		{
			"from": [4.75, 3.5, 13],
			"to": [8.75, 13.5, 13],
			"rotation": {"angle": 22.5, "axis": "y", "origin": [6, 9.75, 15]},
			"faces": {
				"north": {"uv": [7.992, 10.508, 7.008, 12.992], "texture": "#2"},
				"south": {"uv": [7.008, 10.508, 7.992, 12.992], "texture": "#2"}
			}
		},
		{
			"from": [4.75, 4, 13],
			"to": [8.75, 14, 13],
			"rotation": {"angle": 22.5, "axis": "y", "origin": [6, 9.75, 15]},
			"faces": {
				"north": {"uv": [8.992, 10.508, 8.008, 12.992], "texture": "#2"},
				"south": {"uv": [8.008, 10.508, 8.992, 12.992], "texture": "#2"}
			}
		},
		{
			"from": [4.75, 4.5, 13],
			"to": [8.75, 14.5, 13],
			"rotation": {"angle": 22.5, "axis": "y", "origin": [6, 9.75, 15]},
			"faces": {
				"north": {"uv": [9.992, 10.508, 9.008, 12.992], "texture": "#2"},
				"south": {"uv": [9.008, 10.508, 9.992, 12.992], "texture": "#2"}
			}
		},
		{
			"from": [4.75, 5, 13],
			"to": [8.75, 15, 13],
			"rotation": {"angle": 22.5, "axis": "y", "origin": [6, 9.75, 15]},
			"faces": {
				"north": {"uv": [10.992, 10.508, 10.008, 12.992], "texture": "#2"},
				"south": {"uv": [10.008, 10.508, 10.992, 12.992], "texture": "#2"}
			}
		},
		{
			"from": [4.75, 5.5, 13],
			"to": [8.75, 15.5, 13],
			"rotation": {"angle": 22.5, "axis": "y", "origin": [6, 9.75, 15]},
			"faces": {
				"north": {"uv": [11.992, 10.508, 11.008, 12.992], "texture": "#2"},
				"south": {"uv": [11.008, 10.508, 11.992, 12.992], "texture": "#2"}
			}
		},
		{
			"from": [4.75, 6.25, 13],
			"to": [8.75, 16.25, 13],
			"rotation": {"angle": 22.5, "axis": "y", "origin": [6, 9.75, 15]},
			"faces": {
				"north": {"uv": [12.992, 10.508, 12.008, 12.992], "texture": "#2"},
				"south": {"uv": [12.008, 10.508, 12.992, 12.992], "texture": "#2"}
			}
		},
		{
			"from": [4.75, 4.25, 13],
			"to": [8.75, 14.25, 13],
			"rotation": {"angle": 22.5, "axis": "y", "origin": [6, 9.75, 15]},
			"faces": {
				"north": {"uv": [13.992, 10.508, 13.008, 12.992], "texture": "#2"},
				"south": {"uv": [13.008, 10.508, 13.992, 12.992], "texture": "#2"}
			}
		},
		{
			"from": [4.75, 2.25, 13],
			"to": [8.75, 12.25, 13],
			"rotation": {"angle": 22.5, "axis": "y", "origin": [6, 9.75, 15]},
			"faces": {
				"north": {"uv": [14.992, 10.508, 14.008, 12.992], "texture": "#2"},
				"south": {"uv": [14.008, 10.508, 14.992, 12.992], "texture": "#2"}
			}
		},
		{
			"from": [9.5, 8.25, 14.75],
			"to": [12.5, 17.25, 14.75],
			"rotation": {"angle": -22.5, "axis": "y", "origin": [10, 9.75, 15]},
			"faces": {
				"north": {"uv": [12.008, 13.008, 12.742, 15.242], "texture": "#2"},
				"south": {"uv": [12.742, 13.008, 12.008, 15.242], "texture": "#2"}
			}
		},
		{
			"from": [9.5, 5, 14.75],
			"to": [12.5, 14, 14.75],
			"rotation": {"angle": -22.5, "axis": "y", "origin": [10, 9.75, 15]},
			"faces": {
				"north": {"uv": [11.258, 13.008, 11.992, 15.242], "texture": "#2"},
				"south": {"uv": [11.992, 13.008, 11.258, 15.242], "texture": "#2"}
			}
		},
		{
			"from": [9.5, 3.5, 14.75],
			"to": [12.5, 12.5, 14.75],
			"rotation": {"angle": -22.5, "axis": "y", "origin": [10, 9.75, 15]},
			"faces": {
				"north": {"uv": [10.508, 13.008, 11.242, 15.242], "texture": "#2"},
				"south": {"uv": [11.242, 13.008, 10.508, 15.242], "texture": "#2"}
			}
		},
		{
			"from": [9.5, 4, 14.75],
			"to": [12.5, 13, 14.75],
			"rotation": {"angle": -22.5, "axis": "y", "origin": [10, 9.75, 15]},
			"faces": {
				"north": {"uv": [9.758, 13.008, 10.492, 15.242], "texture": "#2"},
				"south": {"uv": [10.492, 13.008, 9.758, 15.242], "texture": "#2"}
			}
		},
		{
			"from": [9.5, 4.5, 14.75],
			"to": [12.5, 13.5, 14.75],
			"rotation": {"angle": -22.5, "axis": "y", "origin": [10, 9.75, 15]},
			"faces": {
				"north": {"uv": [9.008, 13.008, 9.742, 15.242], "texture": "#2"},
				"south": {"uv": [9.742, 13.008, 9.008, 15.242], "texture": "#2"}
			}
		},
		{
			"from": [9.5, 5.25, 14.75],
			"to": [12.5, 14.25, 14.75],
			"rotation": {"angle": -22.5, "axis": "y", "origin": [10, 9.75, 15]},
			"faces": {
				"north": {"uv": [8.258, 13.008, 8.992, 15.242], "texture": "#2"},
				"south": {"uv": [8.992, 13.008, 8.258, 15.242], "texture": "#2"}
			}
		},
		{
			"from": [9.5, 5.75, 14.75],
			"to": [12.5, 14.75, 14.75],
			"rotation": {"angle": -22.5, "axis": "y", "origin": [10, 9.75, 15]},
			"faces": {
				"north": {"uv": [7.508, 13.008, 8.242, 15.242], "texture": "#2"},
				"south": {"uv": [8.242, 13.008, 7.508, 15.242], "texture": "#2"}
			}
		},
		{
			"from": [9.5, 6.75, 14.75],
			"to": [12.5, 15.75, 14.75],
			"rotation": {"angle": -22.5, "axis": "y", "origin": [10, 9.75, 15]},
			"faces": {
				"north": {"uv": [6.758, 13.008, 7.492, 15.242], "texture": "#2"},
				"south": {"uv": [7.492, 13.008, 6.758, 15.242], "texture": "#2"}
			}
		},
		{
			"from": [9.5, 8, 14.75],
			"to": [12.5, 17, 14.75],
			"rotation": {"angle": -22.5, "axis": "y", "origin": [10, 9.75, 15]},
			"faces": {
				"north": {"uv": [6.008, 13.008, 6.742, 15.242], "texture": "#2"},
				"south": {"uv": [6.742, 13.008, 6.008, 15.242], "texture": "#2"}
			}
		}
	],
	"display": {
		"gui": {
			"rotation": [35, 45, 0],
			"translation": [-2.25, 1.25, 0],
			"scale": [0.65, 0.65, 0.65]
		}
	},
	"groups": [
		{
			"name": "group",
			"origin": [8, 8, 8],
			"color": 0,
			"nbt": "{}",
			"children": [
				{
					"name": "group",
					"origin": [8, 8, 8],
					"color": 0,
					"nbt": "{}",
					"children": [
						{
							"name": "group",
							"origin": [0, 0, 0],
							"color": 0,
							"nbt": "{}",
							"children": [0, 1, 2, 3, 4, 5, 6, 7]
						},
						{
							"name": "group",
							"origin": [8, 8, 8],
							"color": 0,
							"nbt": "{}",
							"children": [8, 9, 10, 11, 12, 13, 14]
						},
						{
							"name": "group",
							"origin": [8, 8, 8],
							"color": 0,
							"nbt": "{}",
							"children": [
								15,
								16,
								17,
								18,
								19,
								20,
								21,
								22,
								23,
								{
									"name": "group",
									"origin": [10, 7.75, 15],
									"color": 0,
									"nbt": "{}",
									"children": [24, 25, 26, 27, 28, 29, 30, 31, 32]
								}
							]
						}
					]
				}
			]
		}
	],
	"__credit": "Generated using Animated Java (https://animated-java.dev/)"
}