{
	"credit": "Made with Blockbench",
	"parent": "hideaway:display_parents/back",
	"texture_size": [32, 32],
	"textures": {
		"0": "hideaway:back/pride_wings",
		"particle": "hideaway:back/pride_wings"
	},
	"elements": [
		{
			"from": [6, -4, 10],
			"to": [6, 21, 28],
			"rotation": {"angle": -45, "axis": "y", "origin": [6, 8, 10]},
			"faces": {
				"north": {"uv": [0, 0, 0, 12.5], "texture": "#0"},
				"east": {"uv": [0, 0, 9, 12.5], "texture": "#0"},
				"south": {"uv": [0, 0, 0, 12.5], "texture": "#0"},
				"west": {"uv": [9, 0, 0, 12.5], "texture": "#0"},
				"up": {"uv": [0, 9, 0, 0], "texture": "#0"},
				"down": {"uv": [0, 0, 0, 9], "texture": "#0"}
			}
		},
		{
			"from": [10, -4, 10],
			"to": [10, 21, 28],
			"rotation": {"angle": 45, "axis": "y", "origin": [10, 8, 10]},
			"faces": {
				"north": {"uv": [0, 0, 0, 12.5], "texture": "#0"},
				"east": {"uv": [0, 0, 9, 12.5], "texture": "#0"},
				"south": {"uv": [0, 0, 0, 12.5], "texture": "#0"},
				"west": {"uv": [9, 0, 0, 12.5], "texture": "#0"},
				"up": {"uv": [0, 9, 0, 0], "texture": "#0"},
				"down": {"uv": [0, 0, 0, 9], "texture": "#0"}
			}
		}
	],
	"display": {
		"gui": {
			"rotation": [30, 0, 0],
			"translation": [0, 1.5, 0],
			"scale": [0.57, 0.57, 0.57]
		}
	},
	"__credit": "Generated using Animated Java (https://animated-java.dev/)"
}