{
	"credit": "Made by Ziqqy using Blockbench",
	"parent": "hideaway:display_parents/back",
	"texture_size": [64, 64],
	"textures": {
		"3": "hideaway:back/puffer_fish_floatie",
		"particle": "hideaway:back/puffer_fish_floatie"
	},
	"elements": [
		{
			"from": [-2, 1, 4],
			"to": [4, 7, 12],
			"rotation": {"angle": 0, "axis": "y", "origin": [5, -2, 0]},
			"faces": {
				"east": {"uv": [2.008, 6.008, 3.992, 7.492], "texture": "#3"},
				"west": {"uv": [4.008, 6.008, 5.992, 7.492], "texture": "#3"},
				"up": {"uv": [7.492, 7.992, 6.008, 6.008], "texture": "#3"},
				"down": {"uv": [3.492, 7.508, 2.008, 9.492], "texture": "#3"}
			}
		},
		{
			"from": [12, 1, 4],
			"to": [18, 7, 12],
			"rotation": {"angle": 0, "axis": "y", "origin": [11, -2, 0]},
			"faces": {
				"east": {"uv": [5.992, 6.008, 4.008, 7.492], "texture": "#3"},
				"west": {"uv": [3.992, 6.008, 2.008, 7.492], "texture": "#3"},
				"up": {"uv": [6.008, 7.992, 7.492, 6.008], "texture": "#3"},
				"down": {"uv": [2.008, 7.508, 3.492, 9.492], "texture": "#3"}
			}
		},
		{
			"from": [-7.12132, 0, 10.12132],
			"to": [-1.12132, 5, 10.12132],
			"rotation": {"angle": 45, "axis": "y", "origin": [-4.12132, 3, 10.12132]},
			"faces": {
				"north": {"uv": [0.008, 8.508, 1.492, 9.742], "texture": "#3"},
				"south": {"uv": [1.492, 8.508, 0.008, 9.742], "texture": "#3"}
			}
		},
		{
			"from": [17.12132, 0, 10.12132],
			"to": [23.12132, 5, 10.12132],
			"rotation": {"angle": -45, "axis": "y", "origin": [20.12132, 3, 10.12132]},
			"faces": {
				"north": {"uv": [1.492, 8.508, 0.008, 9.742], "texture": "#3"},
				"south": {"uv": [0.008, 8.508, 1.492, 9.742], "texture": "#3"}
			}
		},
		{
			"from": [-2, 1, 12],
			"to": [18, 7, 18],
			"rotation": {"angle": 0, "axis": "y", "origin": [4, -2, 5]},
			"faces": {
				"north": {"uv": [0.008, 0.008, 4.992, 1.492], "texture": "#3"},
				"east": {"uv": [3.508, 7.508, 4.992, 8.992], "texture": "#3"},
				"south": {"uv": [0.008, 1.508, 4.992, 2.992], "texture": "#3"},
				"west": {"uv": [7.508, 6.008, 8.992, 7.492], "texture": "#3"},
				"up": {"uv": [4.992, 4.492, 0.008, 3.008], "texture": "#3"},
				"down": {"uv": [4.992, 4.508, 0.008, 5.992], "texture": "#3"}
			}
		},
		{
			"from": [6, 2, 18],
			"to": [10, 6, 20],
			"rotation": {"angle": 0, "axis": "y", "origin": [4, -2, 11]},
			"faces": {
				"east": {"uv": [4.992, 9.008, 4.508, 9.992], "texture": "#3"},
				"south": {"uv": [6.508, 9.008, 7.492, 9.992], "texture": "#3"},
				"west": {"uv": [4.508, 9.008, 4.992, 9.992], "texture": "#3"},
				"up": {"uv": [4.508, 9.008, 4.992, 9.992], "rotation": 90, "texture": "#3"},
				"down": {"uv": [4.992, 9.008, 4.508, 9.992], "rotation": 90, "texture": "#3"}
			}
		},
		{
			"from": [8, -1, 19],
			"to": [8, 9, 27],
			"rotation": {"angle": 0, "axis": "y", "origin": [4, -2, 12]},
			"faces": {
				"east": {"uv": [1.992, 6.008, 0.008, 8.492], "texture": "#3"},
				"west": {"uv": [0.008, 6.008, 1.992, 8.492], "texture": "#3"}
			}
		},
		{
			"from": [6, 2, -4],
			"to": [10, 6, -2],
			"rotation": {"angle": 0, "axis": "y", "origin": [4, -1, 5]},
			"faces": {
				"north": {"uv": [6.508, 8.008, 7.492, 8.992], "texture": "#3"},
				"east": {"uv": [1.992, 8.508, 1.508, 9.492], "texture": "#3"},
				"west": {"uv": [1.508, 8.508, 1.992, 9.492], "texture": "#3"},
				"up": {"uv": [5.992, 7.992, 5.008, 7.508], "texture": "#3"},
				"down": {"uv": [2.492, 9.508, 1.508, 9.992], "texture": "#3"}
			}
		},
		{
			"from": [6.25, 2.25, -3.75],
			"to": [9.75, 5.75, -3.25],
			"rotation": {"angle": 0, "axis": "y", "origin": [4, -1, 5]},
			"faces": {
				"north": {"uv": [9.008, 7.008, 9.992, 7.992], "texture": "#3"}
			}
		},
		{
			"from": [-2, 1, -2],
			"to": [18, 7, 4],
			"rotation": {"angle": 0, "axis": "y", "origin": [4, -2, 7]},
			"faces": {
				"north": {"uv": [5.008, 0.008, 9.992, 1.492], "texture": "#3"},
				"east": {"uv": [7.508, 7.508, 8.992, 8.992], "texture": "#3"},
				"south": {"uv": [5.008, 1.508, 9.992, 2.992], "texture": "#3"},
				"west": {"uv": [5.008, 8.008, 6.492, 9.492], "texture": "#3"},
				"up": {"uv": [9.992, 4.492, 5.008, 3.008], "texture": "#3"},
				"down": {"uv": [9.992, 4.508, 5.008, 5.992], "texture": "#3"}
			}
		},
		{
			"from": [0.23463, 6.84776, 13],
			"to": [0.23463, 10.84776, 15],
			"rotation": {"angle": 22.5, "axis": "z", "origin": [0.23463, 8.84776, 14]},
			"faces": {
				"north": {"uv": [0.008, 0.008, 0.008, 0.992], "texture": "#3"},
				"east": {"uv": [2.508, 9.508, 2.992, 10.492], "texture": "#3"},
				"south": {"uv": [0.008, 0.008, 0.008, 0.992], "texture": "#3"},
				"west": {"uv": [3.008, 9.508, 3.492, 10.492], "texture": "#3"},
				"up": {"uv": [0.008, 0.492, 0.008, 0.008], "texture": "#3"},
				"down": {"uv": [0.008, 0.008, 0.008, 0.492], "texture": "#3"}
			}
		},
		{
			"from": [-5.84814, 7.76444, 0],
			"to": [-1.84814, 7.76444, 2],
			"rotation": {"angle": -22.5, "axis": "z", "origin": [-3.84814, 7.76444, 1]},
			"faces": {
				"north": {"uv": [0.008, 0.008, 0.992, 0.008], "texture": "#3"},
				"east": {"uv": [0.008, 0.008, 0.492, 0.008], "texture": "#3"},
				"south": {"uv": [0.008, 0.008, 0.992, 0.008], "texture": "#3"},
				"west": {"uv": [0.008, 0.008, 0.492, 0.008], "texture": "#3"},
				"up": {"uv": [9.242, 10.242, 8.258, 9.758], "texture": "#3"},
				"down": {"uv": [10.742, 8.508, 9.758, 8.992], "texture": "#3"}
			}
		},
		{
			"from": [-3.41421, 6.41421, 9],
			"to": [-3.41421, 10.41421, 11],
			"rotation": {"angle": 45, "axis": "z", "origin": [-3.41421, 8.41421, 10]},
			"faces": {
				"north": {"uv": [0.008, 0.008, 0.008, 0.992], "texture": "#3"},
				"east": {"uv": [5.008, 9.508, 5.492, 10.492], "texture": "#3"},
				"south": {"uv": [0.008, 0.008, 0.008, 0.992], "texture": "#3"},
				"west": {"uv": [5.508, 9.508, 5.992, 10.492], "texture": "#3"},
				"up": {"uv": [0.008, 0.492, 0.008, 0.008], "texture": "#3"},
				"down": {"uv": [0.008, 0.008, 0.008, 0.492], "texture": "#3"}
			}
		},
		{
			"from": [-5.84738, 0.23371, 4],
			"to": [-1.84738, 0.23371, 6],
			"rotation": {"angle": 22.5, "axis": "z", "origin": [-3.84738, 0.23371, 5]},
			"faces": {
				"north": {"uv": [0.008, 0.008, 0.992, 0.008], "texture": "#3"},
				"east": {"uv": [0.008, 0.008, 0.492, 0.008], "texture": "#3"},
				"south": {"uv": [0.008, 0.008, 0.992, 0.008], "texture": "#3"},
				"west": {"uv": [0.008, 0.008, 0.492, 0.008], "texture": "#3"},
				"up": {"uv": [0.992, 10.242, 0.008, 9.758], "texture": "#3"},
				"down": {"uv": [10.742, 8.008, 9.758, 8.492], "texture": "#3"}
			}
		},
		{
			"from": [-5.41351, 1.58508, 14],
			"to": [-1.41351, 1.58508, 16],
			"rotation": {"angle": 45, "axis": "z", "origin": [-3.41351, 1.58508, 15]},
			"faces": {
				"north": {"uv": [0.008, 0.008, 0.992, 0.008], "texture": "#3"},
				"east": {"uv": [0.008, 0.008, 0.492, 0.008], "texture": "#3"},
				"south": {"uv": [0.008, 0.008, 0.992, 0.008], "texture": "#3"},
				"west": {"uv": [0.008, 0.008, 0.492, 0.008], "texture": "#3"},
				"up": {"uv": [10.242, 10.242, 9.258, 9.758], "texture": "#3"},
				"down": {"uv": [10.992, 0.008, 10.008, 0.492], "texture": "#3"}
			}
		},
		{
			"from": [17.84814, 7.76444, 0],
			"to": [21.84814, 7.76444, 2],
			"rotation": {"angle": 22.5, "axis": "z", "origin": [19.84814, 7.76444, 1]},
			"faces": {
				"north": {"uv": [0.992, 0.008, 0.008, 0.008], "texture": "#3"},
				"east": {"uv": [0.492, 0.008, 0.008, 0.008], "texture": "#3"},
				"south": {"uv": [0.992, 0.008, 0.008, 0.008], "texture": "#3"},
				"west": {"uv": [0.492, 0.008, 0.008, 0.008], "texture": "#3"},
				"up": {"uv": [8.258, 10.242, 9.242, 9.758], "texture": "#3"},
				"down": {"uv": [9.758, 8.508, 10.742, 8.992], "texture": "#3"}
			}
		},
		{
			"from": [17.84738, 0.23371, 4],
			"to": [21.84738, 0.23371, 6],
			"rotation": {"angle": -22.5, "axis": "z", "origin": [19.84738, 0.23371, 5]},
			"faces": {
				"north": {"uv": [0.992, 0.008, 0.008, 0.008], "texture": "#3"},
				"east": {"uv": [0.492, 0.008, 0.008, 0.008], "texture": "#3"},
				"south": {"uv": [0.992, 0.008, 0.008, 0.008], "texture": "#3"},
				"west": {"uv": [0.492, 0.008, 0.008, 0.008], "texture": "#3"},
				"up": {"uv": [0.008, 10.242, 0.992, 9.758], "texture": "#3"},
				"down": {"uv": [9.758, 8.008, 10.742, 8.492], "texture": "#3"}
			}
		},
		{
			"from": [19.41421, 6.41421, 9],
			"to": [19.41421, 10.41421, 11],
			"rotation": {"angle": -45, "axis": "z", "origin": [19.41421, 8.41421, 10]},
			"faces": {
				"north": {"uv": [0.008, 0.008, 0.008, 0.992], "texture": "#3"},
				"east": {"uv": [5.992, 9.508, 5.508, 10.492], "texture": "#3"},
				"south": {"uv": [0.008, 0.008, 0.008, 0.992], "texture": "#3"},
				"west": {"uv": [5.492, 9.508, 5.008, 10.492], "texture": "#3"},
				"up": {"uv": [0.008, 0.492, 0.008, 0.008], "texture": "#3"},
				"down": {"uv": [0.008, 0.008, 0.008, 0.492], "texture": "#3"}
			}
		},
		{
			"from": [15.76537, 6.84776, 13],
			"to": [15.76537, 10.84776, 15],
			"rotation": {"angle": -22.5, "axis": "z", "origin": [15.76537, 8.84776, 14]},
			"faces": {
				"north": {"uv": [0.008, 0.008, 0.008, 0.992], "texture": "#3"},
				"east": {"uv": [3.492, 9.508, 3.008, 10.492], "texture": "#3"},
				"south": {"uv": [0.008, 0.008, 0.008, 0.992], "texture": "#3"},
				"west": {"uv": [2.992, 9.508, 2.508, 10.492], "texture": "#3"},
				"up": {"uv": [0.008, 0.492, 0.008, 0.008], "texture": "#3"},
				"down": {"uv": [0.008, 0.008, 0.008, 0.492], "texture": "#3"}
			}
		},
		{
			"from": [17.41351, 1.58508, 14],
			"to": [21.41351, 1.58508, 16],
			"rotation": {"angle": -45, "axis": "z", "origin": [19.41351, 1.58508, 15]},
			"faces": {
				"north": {"uv": [0.992, 0.008, 0.008, 0.008], "texture": "#3"},
				"east": {"uv": [0.492, 0.008, 0.008, 0.008], "texture": "#3"},
				"south": {"uv": [0.992, 0.008, 0.008, 0.008], "texture": "#3"},
				"west": {"uv": [0.492, 0.008, 0.008, 0.008], "texture": "#3"},
				"up": {"uv": [9.258, 10.242, 10.242, 9.758], "texture": "#3"},
				"down": {"uv": [10.008, 0.008, 10.992, 0.492], "texture": "#3"}
			}
		},
		{
			"from": [-3, 2, -3],
			"to": [1, 6, 0],
			"rotation": {"angle": 22.5, "axis": "z", "origin": [-1, 4, -1.5]},
			"faces": {
				"north": {"uv": [3.508, 9.008, 4.492, 9.992], "texture": "#3"},
				"east": {"uv": [7.508, 9.008, 8.242, 9.992], "texture": "#3"},
				"south": {"uv": [9.008, 6.008, 9.992, 6.992], "texture": "#3"},
				"west": {"uv": [9.008, 8.008, 9.742, 8.992], "texture": "#3"},
				"up": {"uv": [9.242, 9.742, 8.258, 9.008], "texture": "#3"},
				"down": {"uv": [10.242, 9.008, 9.258, 9.742], "texture": "#3"}
			}
		},
		{
			"from": [15, 2, -3],
			"to": [19, 6, 0],
			"rotation": {"angle": -22.5, "axis": "z", "origin": [17, 4, -1.5]},
			"faces": {
				"north": {"uv": [4.492, 9.008, 3.508, 9.992], "texture": "#3"},
				"east": {"uv": [9.742, 8.008, 9.008, 8.992], "texture": "#3"},
				"south": {"uv": [9.992, 6.008, 9.008, 6.992], "texture": "#3"},
				"west": {"uv": [8.242, 9.008, 7.508, 9.992], "texture": "#3"},
				"up": {"uv": [8.258, 9.742, 9.242, 9.008], "texture": "#3"},
				"down": {"uv": [9.258, 9.008, 10.242, 9.742], "texture": "#3"}
			}
		}
	],
	"display": {
		"gui": {
			"rotation": [30, -135, 0],
			"translation": [0, 1.75, 0],
			"scale": [0.49, 0.49, 0.49]
		}
	}
}