{
	"credit": "Made with Blockbench",
	"parent": "hideaway:display_parents/back",
	"texture_size": [32, 32],
	"textures": {
		"1": "hideaway:back/puppet_string",
		"particle": "hideaway:back/puppet_string"
	},
	"elements": [
		{
			"from": [-1, 22, 14.25],
			"to": [17, 23, 18.25],
			"rotation": {"angle": 0, "axis": "y", "origin": [9.25, 14, 15.25]},
			"faces": {
				"north": {"uv": [8.984, 2.016, 0.016, 2.484], "texture": "#1"},
				"east": {"uv": [6.984, 4.516, 5.016, 4.984], "texture": "#1"},
				"south": {"uv": [8.984, 2.016, 0.016, 2.484], "texture": "#1"},
				"west": {"uv": [6.984, 4.516, 5.016, 4.984], "texture": "#1"},
				"up": {"uv": [8.984, 1.984, 0.016, 0.016], "texture": "#1"},
				"down": {"uv": [0.016, 1.984, 8.984, 0.016], "texture": "#1"}
			}
		},
		{
			"from": [6, 22, 7.25],
			"to": [10, 23, 25.25],
			"rotation": {"angle": 0, "axis": "y", "origin": [8, 22.5, 16.25]},
			"faces": {
				"north": {"uv": [6.984, 4.516, 5.016, 4.984], "texture": "#1"},
				"east": {"uv": [8.984, 2.016, 0.016, 2.484], "texture": "#1"},
				"south": {"uv": [6.984, 4.984, 5.016, 4.516], "texture": "#1"},
				"west": {"uv": [8.984, 2.016, 0.016, 2.484], "texture": "#1"},
				"up": {"uv": [8.984, 1.984, 0.016, 0.016], "rotation": 90, "texture": "#1"},
				"down": {"uv": [0.016, 1.984, 8.984, 0.016], "rotation": 270, "texture": "#1"}
			}
		},
		{
			"from": [5.75, 21.75, 7],
			"to": [10.25, 23.25, 25.5],
			"rotation": {"angle": 0, "axis": "y", "origin": [8, 22.5, 16.25]},
			"faces": {
				"up": {"uv": [8.984, 4.484, 0.016, 2.516], "rotation": 90, "texture": "#1"},
				"down": {"uv": [0.016, 4.484, 8.984, 2.516], "rotation": 270, "texture": "#1"}
			}
		},
		{
			"from": [-1.25, 21.75, 14],
			"to": [17.25, 23.25, 18.5],
			"rotation": {"angle": 0, "axis": "y", "origin": [9.25, 14, 15.25]},
			"faces": {
				"up": {"uv": [8.984, 4.484, 0.016, 2.516], "texture": "#1"},
				"down": {"uv": [0.016, 4.484, 8.984, 2.516], "texture": "#1"}
			}
		},
		{
			"from": [5.25, 21.75, 13.5],
			"to": [10.75, 23.25, 19],
			"rotation": {"angle": 0, "axis": "y", "origin": [8, 22.5, 16.25]},
			"faces": {
				"north": {"uv": [2.484, 4.516, 0.016, 4.984], "texture": "#1", "tintindex": 0},
				"east": {"uv": [0.016, 4.516, 2.484, 4.984], "texture": "#1", "tintindex": 0},
				"south": {"uv": [2.484, 4.516, 0.016, 4.984], "texture": "#1", "tintindex": 0},
				"west": {"uv": [0.016, 4.516, 2.484, 4.984], "texture": "#1", "tintindex": 0}
			}
		},
		{
			"from": [7.5, 9, 9],
			"to": [8.5, 22, 9],
			"rotation": {"angle": 0, "axis": "x", "origin": [8, 22, 9]},
			"faces": {
				"north": {"uv": [0.016, 5.016, 0.484, 11.484], "texture": "#1", "tintindex": 0},
				"south": {"uv": [0.016, 5.016, 0.484, 11.484], "texture": "#1", "tintindex": 0}
			}
		},
		{
			"from": [8, 9, 8.5],
			"to": [8, 22, 9.5],
			"rotation": {"angle": 0, "axis": "x", "origin": [8, 22, 9]},
			"faces": {
				"east": {"uv": [0.016, 5.016, 0.484, 11.484], "texture": "#1", "tintindex": 0},
				"west": {"uv": [0.016, 5.016, 0.484, 11.484], "texture": "#1", "tintindex": 0}
			}
		},
		{
			"from": [7.5, 2, 9],
			"to": [8.5, 9, 9],
			"rotation": {"angle": 0, "axis": "x", "origin": [8, 22, 9]},
			"faces": {
				"north": {"uv": [0.016, 10.984, 0.484, 7.516], "texture": "#1", "tintindex": 0},
				"south": {"uv": [0.016, 10.984, 0.484, 7.516], "texture": "#1", "tintindex": 0}
			}
		},
		{
			"from": [8, 2, 8.5],
			"to": [8, 9, 9.5],
			"rotation": {"angle": 0, "axis": "x", "origin": [8, 22, 9]},
			"faces": {
				"east": {"uv": [0.016, 10.984, 0.484, 7.516], "texture": "#1", "tintindex": 0},
				"west": {"uv": [0.016, 10.984, 0.484, 7.516], "texture": "#1", "tintindex": 0}
			}
		},
		{
			"from": [7.5, -3.90091, 22.93927],
			"to": [8.5, 9.09909, 22.93927],
			"rotation": {"angle": 22.5, "axis": "x", "origin": [8, 21.84909, 22.93927]},
			"faces": {
				"north": {"uv": [0.484, 11.484, 0.016, 5.016], "texture": "#1", "tintindex": 0},
				"south": {"uv": [0.484, 11.484, 0.016, 5.016], "texture": "#1", "tintindex": 0}
			}
		},
		{
			"from": [7.5, 9.09909, 22.93927],
			"to": [8.5, 22.09909, 22.93927],
			"rotation": {"angle": 22.5, "axis": "x", "origin": [8, 21.84909, 22.93927]},
			"faces": {
				"north": {"uv": [0.484, 5.016, 0.016, 11.484], "texture": "#1", "tintindex": 0},
				"south": {"uv": [0.484, 5.016, 0.016, 11.484], "texture": "#1", "tintindex": 0}
			}
		},
		{
			"from": [7.5, -12.90091, 22.93927],
			"to": [8.5, -3.90091, 22.93927],
			"rotation": {"angle": 22.5, "axis": "x", "origin": [8, 21.84909, 22.93927]},
			"faces": {
				"north": {"uv": [0.484, 11.516, 0.016, 15.984], "texture": "#1", "tintindex": 0},
				"south": {"uv": [0.484, 11.516, 0.016, 15.984], "texture": "#1", "tintindex": 0}
			}
		},
		{
			"from": [8, -12.90091, 22.43927],
			"to": [8, -3.90091, 23.43927],
			"rotation": {"angle": 22.5, "axis": "x", "origin": [8, 21.84909, 22.93927]},
			"faces": {
				"east": {"uv": [0.484, 11.516, 0.016, 15.984], "texture": "#1", "tintindex": 0},
				"west": {"uv": [0.484, 11.516, 0.016, 15.984], "texture": "#1", "tintindex": 0}
			}
		},
		{
			"from": [8, -3.90091, 22.43927],
			"to": [8, 9.09909, 23.43927],
			"rotation": {"angle": 22.5, "axis": "x", "origin": [8, 21.84909, 22.93927]},
			"faces": {
				"east": {"uv": [0.484, 11.484, 0.016, 5.016], "texture": "#1", "tintindex": 0},
				"west": {"uv": [0.484, 11.484, 0.016, 5.016], "texture": "#1", "tintindex": 0}
			}
		},
		{
			"from": [8, 9.09909, 22.43927],
			"to": [8, 22.09909, 23.43927],
			"rotation": {"angle": 22.5, "axis": "x", "origin": [8, 21.84909, 22.93927]},
			"faces": {
				"east": {"uv": [0.484, 5.016, 0.016, 11.484], "texture": "#1", "tintindex": 0},
				"west": {"uv": [0.484, 5.016, 0.016, 11.484], "texture": "#1", "tintindex": 0}
			}
		},
		{
			"from": [1.119, -2.58699, 15.75],
			"to": [1.119, 9.41301, 16.75],
			"rotation": {"angle": 22.5, "axis": "x", "origin": [0.869, 21.91301, 16.25]},
			"faces": {
				"east": {"uv": [0.016, 10.984, 0.484, 5.016], "texture": "#1", "tintindex": 0},
				"west": {"uv": [0.016, 10.984, 0.484, 5.016], "texture": "#1", "tintindex": 0}
			}
		},
		{
			"from": [0.619, -1.29295, 9.74438],
			"to": [1.619, 10.70705, 9.74438],
			"rotation": {"angle": 22.5, "axis": "x", "origin": [0.869, 6.20705, 9.74438]},
			"faces": {
				"north": {"uv": [0.016, 10.984, 0.484, 5.016], "texture": "#1", "tintindex": 0},
				"south": {"uv": [0.016, 10.984, 0.484, 5.016], "texture": "#1", "tintindex": 0}
			}
		},
		{
			"from": [14.881, -2.58699, 15.75],
			"to": [14.881, 9.41301, 16.75],
			"rotation": {"angle": 22.5, "axis": "x", "origin": [15.631, 21.91301, 16.25]},
			"faces": {
				"east": {"uv": [0.484, 10.984, 0.016, 5.016], "texture": "#1", "tintindex": 0},
				"west": {"uv": [0.484, 10.984, 0.016, 5.016], "texture": "#1", "tintindex": 0}
			}
		},
		{
			"from": [14.381, -1.29295, 9.74438],
			"to": [15.381, 10.70705, 9.74438],
			"rotation": {"angle": 22.5, "axis": "x", "origin": [15.631, 6.20705, 9.74438]},
			"faces": {
				"north": {"uv": [0.484, 10.984, 0.016, 5.016], "texture": "#1", "tintindex": 0},
				"south": {"uv": [0.484, 10.984, 0.016, 5.016], "texture": "#1", "tintindex": 0}
			}
		},
		{
			"from": [0.619, 9.41301, 16.25],
			"to": [1.619, 22.41301, 16.25],
			"rotation": {"angle": 22.5, "axis": "x", "origin": [0.869, 21.91301, 16.25]},
			"faces": {
				"north": {"uv": [0.016, 5.016, 0.484, 11.484], "texture": "#1", "tintindex": 0},
				"south": {"uv": [0.016, 5.016, 0.484, 11.484], "texture": "#1", "tintindex": 0}
			}
		},
		{
			"from": [1.119, 9.41301, 15.75],
			"to": [1.119, 22.41301, 16.75],
			"rotation": {"angle": 22.5, "axis": "x", "origin": [0.869, 21.91301, 16.25]},
			"faces": {
				"east": {"uv": [0.016, 5.016, 0.484, 11.484], "texture": "#1", "tintindex": 0},
				"west": {"uv": [0.016, 5.016, 0.484, 11.484], "texture": "#1", "tintindex": 0}
			}
		},
		{
			"from": [14.369, 9.41301, 16.25],
			"to": [15.369, 22.41301, 16.25],
			"rotation": {"angle": 22.5, "axis": "x", "origin": [0.869, 21.91301, 16.25]},
			"faces": {
				"north": {"uv": [0.016, 5.016, 0.484, 11.484], "texture": "#1", "tintindex": 0},
				"south": {"uv": [0.016, 5.016, 0.484, 11.484], "texture": "#1", "tintindex": 0}
			}
		},
		{
			"from": [14.881, 9.41301, 15.75],
			"to": [14.881, 22.41301, 16.75],
			"rotation": {"angle": 22.5, "axis": "x", "origin": [15.631, 21.91301, 16.25]},
			"faces": {
				"east": {"uv": [0.484, 5.016, 0.016, 11.484], "texture": "#1", "tintindex": 0},
				"west": {"uv": [0.484, 5.016, 0.016, 11.484], "texture": "#1", "tintindex": 0}
			}
		},
		{
			"from": [3.09776, 20.76537, 18],
			"to": [10.09776, 23.76537, 21],
			"rotation": {"angle": -22.5, "axis": "z", "origin": [3.75, 24.25, 16]},
			"faces": {
				"north": {"uv": [7.984, 15.484, 6.516, 12.016], "rotation": 90, "texture": "#1", "tintindex": 0},
				"east": {"uv": [5.016, 5.516, 6.484, 6.984], "texture": "#1", "tintindex": 0},
				"south": {"uv": [7.984, 15.484, 6.516, 12.016], "rotation": 90, "texture": "#1", "tintindex": 0},
				"west": {"uv": [5.016, 5.516, 6.484, 6.984], "texture": "#1", "tintindex": 0},
				"up": {"uv": [8.016, 12.016, 9.484, 15.484], "rotation": 90, "texture": "#1", "tintindex": 0},
				"down": {"uv": [5.016, 12.016, 6.484, 15.484], "rotation": 90, "texture": "#1", "tintindex": 0}
			}
		},
		{
			"from": [10, 24.75, 9.75],
			"to": [13, 27.75, 16.75],
			"rotation": {"angle": -45, "axis": "x", "origin": [10.25, 24.25, 16]},
			"faces": {
				"north": {"uv": [0.516, 14.016, 1.984, 15.484], "rotation": 90, "texture": "#1", "tintindex": 0},
				"east": {"uv": [0.516, 15.484, 1.984, 12.016], "rotation": 90, "texture": "#1", "tintindex": 0},
				"south": {"uv": [0.516, 5.516, 1.984, 6.984], "texture": "#1", "tintindex": 0},
				"west": {"uv": [0.516, 12.016, 1.984, 15.484], "rotation": 90, "texture": "#1", "tintindex": 0},
				"up": {"uv": [3.516, 15.484, 4.984, 12.016], "texture": "#1", "tintindex": 0},
				"down": {"uv": [2.016, 12.016, 3.484, 15.484], "texture": "#1", "tintindex": 0}
			}
		},
		{
			"from": [3, 24.5, 9.75],
			"to": [6, 27.5, 16.75],
			"rotation": {"angle": -45, "axis": "x", "origin": [5.75, 24.25, 16]},
			"faces": {
				"north": {"uv": [0.516, 14.016, 1.984, 15.484], "rotation": 90, "texture": "#1", "tintindex": 0},
				"east": {"uv": [0.516, 15.484, 1.984, 12.016], "rotation": 90, "texture": "#1", "tintindex": 0},
				"south": {"uv": [0.516, 5.516, 1.984, 6.984], "texture": "#1", "tintindex": 0},
				"west": {"uv": [0.516, 12.016, 1.984, 15.484], "rotation": 90, "texture": "#1", "tintindex": 0},
				"up": {"uv": [3.516, 15.484, 4.984, 12.016], "texture": "#1", "tintindex": 0},
				"down": {"uv": [2.016, 12.016, 3.484, 15.484], "texture": "#1", "tintindex": 0}
			}
		},
		{
			"from": [3, 22.25, 16.5],
			"to": [13, 27.25, 21.5],
			"rotation": {"angle": -22.5, "axis": "x", "origin": [5.75, 24.25, 16]},
			"faces": {
				"north": {"uv": [0.516, 9.516, 5.484, 11.984], "texture": "#1", "tintindex": 0},
				"east": {"uv": [5.516, 9.516, 7.984, 11.984], "texture": "#1", "tintindex": 0},
				"south": {"uv": [0.516, 9.516, 5.484, 11.984], "texture": "#1", "tintindex": 0},
				"west": {"uv": [5.516, 9.516, 7.984, 11.984], "texture": "#1", "tintindex": 0},
				"up": {"uv": [0.516, 7.016, 5.484, 9.484], "texture": "#1", "tintindex": 0},
				"down": {"uv": [8.016, 7.016, 10.484, 11.984], "rotation": 90, "texture": "#1", "tintindex": 0}
			}
		},
		{
			"from": [6, 25.12013, 19.9291],
			"to": [10, 29.12013, 23.9291],
			"rotation": {"angle": 0, "axis": "x", "origin": [7, 26.37013, 21.9291]},
			"faces": {
				"north": {"uv": [6.516, 5.016, 8.484, 6.984], "texture": "#1", "tintindex": 0},
				"east": {"uv": [8.516, 5.016, 10.484, 6.984], "texture": "#1", "tintindex": 0},
				"south": {"uv": [6.516, 5.016, 8.484, 6.984], "texture": "#1", "tintindex": 0},
				"west": {"uv": [10.484, 5.016, 8.516, 6.984], "texture": "#1", "tintindex": 0},
				"up": {"uv": [7.984, 7.516, 6.016, 9.484], "rotation": 90, "texture": "#1", "tintindex": 0},
				"down": {"uv": [10.516, 6.984, 12.484, 5.016], "rotation": 90, "texture": "#1", "tintindex": 0}
			}
		},
		{
			"from": [8, 23.45481, 21.91633],
			"to": [8, 31.45481, 31.91633],
			"rotation": {"angle": 22.5, "axis": "x", "origin": [8, 27.45481, 22.41633]},
			"faces": {
				"east": {"uv": [14.484, 15.984, 9.516, 12.016], "texture": "#1", "tintindex": 0},
				"west": {"uv": [9.516, 15.984, 14.484, 12.016], "texture": "#1", "tintindex": 0}
			}
		}
	],
	"display": {
		"gui": {
			"rotation": [30, -135, 0],
			"translation": [1.25, -2, 0],
			"scale": [0.38, 0.38, 0.38]
		},
		"head": {
			"translation": [0, -28, 0],
			"scale": [1.667, 1.667, 1.667]
		}
	},
	"groups": [
		{
			"name": "bone2",
			"origin": [8, 14, 7.75],
			"color": 0,
			"nbt": "{}",
			"children": [
				0,
				1,
				2,
				3,
				{
					"name": "group",
					"origin": [8, 22.5, 8],
					"color": 0,
					"nbt": "{}",
					"children": [
						4,
						5,
						6,
						7,
						8,
						9,
						10,
						11,
						12,
						13,
						14,
						15,
						16,
						17,
						18,
						19,
						20,
						21,
						22,
						{
							"name": "group",
							"origin": [8, 8, 8],
							"color": 0,
							"nbt": "{}",
							"children": [23, 24, 25, 26, 27, 28]
						}
					]
				}
			]
		}
	],
	"__credit": "Generated using Animated Java (https://animated-java.dev/)"
}