{
	"credit": "Made with Blockbench",
	"parent": "hideaway:display_parents/back",
	"texture_size": [64, 64],
	"textures": {
		"3": "hideaway:back/queen_cape",
		"particle": "hideaway:back/queen_cape"
	},
	"elements": [
		{
			"from": [5.5, -9.21365, 10.26986],
			"to": [12.5, 7.78635, 10.26986],
			"rotation": {"angle": 22.5, "axis": "z", "origin": [10, 10.40208, 10.61533]},
			"faces": {
				"north": {"uv": [0.008, 0.008, 1.742, 4.242], "texture": "#3", "tintindex": 0},
				"south": {"uv": [0.008, 0.008, 1.742, 4.242], "texture": "#3", "tintindex": 0}
			}
		},
		{
			"from": [3.5, -9.21365, 10.26986],
			"to": [10.5, 7.78635, 10.26986],
			"rotation": {"angle": -22.5, "axis": "z", "origin": [6, 10.40208, 10.61533]},
			"faces": {
				"north": {"uv": [0.008, 0.008, 1.742, 4.242], "texture": "#3", "tintindex": 0},
				"south": {"uv": [0.008, 0.008, 1.742, 4.242], "texture": "#3", "tintindex": 0}
			}
		},
		{
			"from": [8, 7, 15.75],
			"to": [21, 32, 15.75],
			"rotation": {"angle": 45, "axis": "x", "origin": [8, 15.96927, 11.69552]},
			"faces": {
				"north": {"uv": [6.742, 0, 3.508, 6.234], "texture": "#3", "tintindex": 0},
				"south": {"uv": [3.508, 0.008, 6.742, 6.242], "texture": "#3", "tintindex": 0}
			}
		},
		{
			"from": [-5, 7, 15.75],
			"to": [8, 32, 15.75],
			"rotation": {"angle": 45, "axis": "x", "origin": [8, 15.96927, 11.69552]},
			"faces": {
				"north": {"uv": [3.508, 0.008, 6.742, 6.242], "texture": "#3", "tintindex": 0},
				"south": {"uv": [6.742, 0.008, 3.508, 6.242], "texture": "#3", "tintindex": 0}
			}
		},
		{
			"from": [-5, 7, 15.75],
			"to": [8, 32, 15.75],
			"rotation": {"angle": 45, "axis": "x", "origin": [8, 15.96927, 11.69552]},
			"faces": {
				"north": {"uv": [3.508, 0.008, 6.742, 6.242], "texture": "#3", "tintindex": 0},
				"south": {"uv": [6.742, 0.008, 3.508, 6.242], "texture": "#3", "tintindex": 0}
			}
		},
		{
			"from": [5.5, -9.21365, 10.26986],
			"to": [12.5, 7.78635, 10.26986],
			"rotation": {"angle": 22.5, "axis": "z", "origin": [10, 10.40208, 10.61533]},
			"faces": {
				"north": {"uv": [1.758, 0.008, 3.492, 4.242], "texture": "#3"},
				"south": {"uv": [1.758, 0.008, 3.492, 4.242], "texture": "#3"}
			}
		},
		{
			"from": [3.5, -9.21365, 10.26986],
			"to": [10.5, 7.78635, 10.26986],
			"rotation": {"angle": -22.5, "axis": "z", "origin": [6, 10.40208, 10.61533]},
			"faces": {
				"north": {"uv": [1.758, 0.008, 3.492, 4.242], "texture": "#3"},
				"south": {"uv": [1.758, 0.008, 3.492, 4.242], "texture": "#3"}
			}
		},
		{
			"from": [8, 7, 15.75],
			"to": [21, 32, 15.75],
			"rotation": {"angle": 45, "axis": "x", "origin": [8, 15.96927, 11.69552]},
			"faces": {
				"north": {"uv": [6.758, 0.008, 9.992, 6.242], "texture": "#3"},
				"south": {"uv": [9.992, 0.008, 6.758, 6.242], "texture": "#3"}
			}
		},
		{
			"from": [-5, 7, 15.75],
			"to": [8, 32, 15.75],
			"rotation": {"angle": 45, "axis": "x", "origin": [8, 15.96927, 11.69552]},
			"faces": {
				"north": {"uv": [9.992, 0.008, 6.758, 6.242], "texture": "#3"},
				"south": {"uv": [6.758, 0.008, 9.992, 6.242], "texture": "#3"}
			}
		},
		{
			"from": [-5, 7, 15.75],
			"to": [8, 32, 15.75],
			"rotation": {"angle": 45, "axis": "x", "origin": [8, 15.96927, 11.69552]},
			"faces": {
				"north": {"uv": [9.992, 0.008, 6.758, 6.242], "texture": "#3"},
				"south": {"uv": [6.758, 0.008, 9.992, 6.242], "texture": "#3"}
			}
		},
		{
			"name": "solid_colorable",
			"from": [6, 6, 6.25],
			"to": [10, 9, 10.25],
			"faces": {
				"north": {"uv": [0.008, 6.508, 0.992, 7.242], "texture": "#3", "tintindex": 0},
				"east": {"uv": [0.008, 6.508, 0.992, 7.242], "texture": "#3", "tintindex": 0},
				"south": {"uv": [0.008, 6.508, 0.992, 7.242], "texture": "#3", "tintindex": 0},
				"west": {"uv": [0.008, 6.508, 0.992, 7.242], "texture": "#3", "tintindex": 0},
				"up": {"uv": [0.992, 5.492, 0.008, 4.508], "texture": "#3", "tintindex": 0},
				"down": {"uv": [0.992, 4.508, 0.008, 5.492], "texture": "#3", "tintindex": 0}
			}
		},
		{
			"name": "solid_colorable",
			"from": [6.61515, 4.75, 10.37492],
			"to": [6.61515, 9.75, 15.37492],
			"rotation": {"angle": -22.5, "axis": "y", "origin": [8, 7.25, 11.15485]},
			"faces": {
				"east": {"uv": [2.742, 6.008, 1.508, 7.242], "texture": "#3", "tintindex": 0},
				"west": {"uv": [1.508, 6.008, 2.742, 7.242], "texture": "#3", "tintindex": 0}
			}
		},
		{
			"name": "solid_colorable",
			"from": [9.38485, 4.75, 10.37492],
			"to": [9.38485, 9.75, 15.37492],
			"rotation": {"angle": 22.5, "axis": "y", "origin": [8, 7.25, 11.15485]},
			"faces": {
				"east": {"uv": [1.508, 6.008, 2.742, 7.242], "texture": "#3", "tintindex": 0},
				"west": {"uv": [1.508, 6.008, 2.742, 7.242], "texture": "#3", "tintindex": 0}
			}
		},
		{
			"name": "solid_colorable",
			"from": [6.38485, 5.75, 10.37492],
			"to": [9.38485, 8.75, 10.37492],
			"rotation": {"angle": 0, "axis": "y", "origin": [8, 7.25, 11.15485]},
			"faces": {
				"south": {"uv": [0.008, 5.758, 0.742, 6.492], "texture": "#3", "tintindex": 0}
			}
		},
		{
			"name": "solid_colorable",
			"from": [5.5, 8.25, 10],
			"to": [10.5, 8.25, 15],
			"rotation": {"angle": -22.5, "axis": "x", "origin": [7.75, 8, 10]},
			"faces": {
				"up": {"uv": [2.742, 7.242, 1.508, 6.008], "rotation": 270, "texture": "#3", "tintindex": 0},
				"down": {"uv": [1.508, 6.008, 2.742, 7.242], "rotation": 270, "texture": "#3", "tintindex": 0}
			}
		},
		{
			"name": "solid_colorable",
			"from": [5.5, 6.25, 10],
			"to": [10.5, 6.25, 15],
			"rotation": {"angle": 22.5, "axis": "x", "origin": [8, 6.5, 10]},
			"faces": {
				"up": {"uv": [2.742, 7.242, 1.508, 6.008], "rotation": 270, "texture": "#3", "tintindex": 0},
				"down": {"uv": [1.508, 7.242, 2.742, 6.008], "rotation": 270, "texture": "#3", "tintindex": 0}
			}
		},
		{
			"name": "solid_colorable",
			"from": [7.99018, 4.06032, 9.36484],
			"to": [13.99018, 10.06032, 9.36484],
			"rotation": {"angle": -45, "axis": "y", "origin": [8, 7.06032, 10.95357]},
			"faces": {
				"north": {"uv": [2.008, 4.508, 3.492, 5.992], "rotation": 270, "texture": "#3", "tintindex": 0},
				"south": {"uv": [2.008, 4.508, 3.492, 5.992], "rotation": 90, "texture": "#3", "tintindex": 0}
			}
		},
		{
			"name": "solid_colorable",
			"from": [2.00982, 4.06032, 9.36484],
			"to": [8.00982, 10.06032, 9.36484],
			"rotation": {"angle": 45, "axis": "y", "origin": [8, 7.06032, 10.95357]},
			"faces": {
				"north": {"uv": [2.008, 4.508, 3.492, 5.992], "rotation": 90, "texture": "#3", "tintindex": 0},
				"south": {"uv": [2.008, 4.508, 3.492, 5.992], "rotation": 270, "texture": "#3", "tintindex": 0}
			}
		},
		{
			"name": "solid_colorable",
			"from": [5, 0.5, 9.75],
			"to": [11, 6.5, 9.75],
			"rotation": {"angle": -45, "axis": "x", "origin": [8, 6.5, 10]},
			"faces": {
				"north": {"uv": [2.008, 5.992, 3.492, 4.508], "texture": "#3", "tintindex": 0},
				"south": {"uv": [2.008, 5.992, 3.492, 4.508], "texture": "#3", "tintindex": 0}
			}
		},
		{
			"name": "solid_colorable",
			"from": [5, 8, 9.75],
			"to": [11, 14, 9.75],
			"rotation": {"angle": 45, "axis": "x", "origin": [8, 8, 10]},
			"faces": {
				"south": {"uv": [2.008, 4.508, 3.492, 5.992], "texture": "#3", "tintindex": 0}
			}
		},
		{
			"name": "solid-silver",
			"from": [-4.24018, -0.93968, 10.61484],
			"to": [6.75982, 6.06032, 10.61484],
			"rotation": {"angle": 22.5, "axis": "z", "origin": [-5.49018, 4.56032, 10.61484]},
			"faces": {
				"north": {"uv": [7.992, 6.258, 5.258, 7.992], "texture": "#3"},
				"south": {"uv": [5.258, 6.258, 7.992, 7.992], "texture": "#3"}
			}
		},
		{
			"name": "solid-silver",
			"from": [9.24018, -0.93968, 10.61484],
			"to": [20.24018, 6.06032, 10.61484],
			"rotation": {"angle": -22.5, "axis": "z", "origin": [21.49018, 4.56032, 10.61484]},
			"faces": {
				"north": {"uv": [5.258, 6.258, 7.992, 7.992], "texture": "#3"},
				"south": {"uv": [7.992, 6.258, 5.258, 7.992], "texture": "#3"}
			}
		},
		{
			"name": "solid-silver",
			"from": [8, 6.75, 10],
			"to": [8, 7.75, 15],
			"rotation": {"angle": 0, "axis": "y", "origin": [8, 7.25, 12.5]},
			"faces": {
				"east": {"uv": [1.492, 6.242, 1.258, 5.008], "rotation": 90, "texture": "#3"},
				"west": {"uv": [1.258, 5.008, 1.492, 6.242], "rotation": 90, "texture": "#3"}
			}
		},
		{
			"name": "solid-silver",
			"from": [7.5, 7.25, 10],
			"to": [8.5, 7.25, 15],
			"rotation": {"angle": 0, "axis": "y", "origin": [4, 8, 13]},
			"faces": {
				"up": {"uv": [1.492, 6.242, 1.258, 5.008], "texture": "#3"},
				"down": {"uv": [1.492, 5.008, 1.258, 6.242], "texture": "#3"}
			}
		}
	],
	"display": {
		"gui": {
			"rotation": [30, 35, 0],
			"translation": [-2.25, 2.25, 0],
			"scale": [0.56, 0.56, 0.56]
		}
	},
	"groups": [
		{
			"name": "colorable",
			"origin": [8, 15.96927, 11.69552],
			"color": 0,
			"nbt": "{}",
			"children": [0, 1, 2, 3, 4]
		},
		{
			"name": "silver",
			"origin": [8, 15.96927, 11.69552],
			"color": 0,
			"nbt": "{}",
			"children": [5, 6, 7, 8, 9]
		},
		10,
		11,
		12,
		13,
		14,
		15,
		16,
		17,
		18,
		19,
		20,
		21,
		22,
		23
	],
	"__credit": "Generated using Animated Java (https://animated-java.dev/)"
}