{
	"credit": "Made with Blockbench",
	"parent": "hideaway:display_parents/back",
	"texture_size": [64, 64],
	"textures": {
		"3": "hideaway:back/reindeer_hobbyhorse"
	},
	"elements": [
		{
			"from": [5, 5, 2],
			"to": [11, 11, 9],
			"rotation": {"angle": -45, "axis": "x", "origin": [0, 0, 0]},
			"faces": {
				"north": {"uv": [4.5, 1.75, 6, 3.25], "texture": "#3"},
				"east": {"uv": [1.75, 4, 0, 5.5], "texture": "#3"},
				"south": {"uv": [5, 3.25, 6.5, 4.75], "texture": "#3"},
				"west": {"uv": [0, 4, 1.75, 5.5], "texture": "#3"},
				"up": {"uv": [5, 5.75, 3.5, 4], "texture": "#3"},
				"down": {"uv": [6, 0, 4.5, 1.75], "texture": "#3"}
			}
		},
		{
			"from": [10, 8, 5],
			"to": [10, 16, 14],
			"rotation": {"angle": -45, "axis": "x", "origin": [0, 0, 0]},
			"faces": {
				"north": {"uv": [0, 0, 0, 2], "texture": "#3"},
				"east": {"uv": [0, 0, 2.25, 2], "texture": "#3"},
				"south": {"uv": [0, 0, 0, 2], "texture": "#3"},
				"west": {"uv": [0, 2, 2.25, 4], "texture": "#3"},
				"up": {"uv": [0, 2.25, 0, 0], "texture": "#3"},
				"down": {"uv": [0, 0, 0, 2.25], "texture": "#3"}
			}
		},
		{
			"from": [6, 8, 5],
			"to": [6, 16, 14],
			"rotation": {"angle": -45, "axis": "x", "origin": [0, 0, 0]},
			"faces": {
				"north": {"uv": [0, 0, 0, 2], "texture": "#3"},
				"east": {"uv": [2.25, 2, 0, 4], "texture": "#3"},
				"south": {"uv": [0, 0, 0, 2], "texture": "#3"},
				"west": {"uv": [2.25, 0, 0, 2], "texture": "#3"},
				"up": {"uv": [0, 2.25, 0, 0], "texture": "#3"},
				"down": {"uv": [0, 0, 0, 2.25], "texture": "#3"}
			}
		},
		{
			"from": [2, 9.5, -2],
			"to": [14, 12.5, 0],
			"rotation": {"angle": -22.5, "axis": "x", "origin": [12.5, 10.96016, -1.06066]},
			"faces": {
				"north": {"uv": [5, 4.75, 8, 5.5], "texture": "#3"},
				"east": {"uv": [4.5, 3.25, 5, 4], "texture": "#3"},
				"south": {"uv": [0, 5.5, 3, 6.25], "texture": "#3"},
				"west": {"uv": [5.5, 6.75, 6, 7.5], "texture": "#3"},
				"up": {"uv": [9.25, 6, 6.25, 5.5], "texture": "#3"},
				"down": {"uv": [9.25, 6, 6.25, 6.5], "texture": "#3"}
			}
		},
		{
			"from": [6.9, 9.40418, -6.04104],
			"to": [9.1, 11.60418, -4.84104],
			"rotation": {"angle": -45, "axis": "x", "origin": [8.5, 7.21646, 0.55229]},
			"faces": {
				"north": {"uv": [7.5, 0.5, 8, 1], "texture": "#3"},
				"east": {"uv": [4.75, 5.75, 5, 6.25], "texture": "#3"},
				"south": {"uv": [1, 7.5, 1.5, 8], "texture": "#3"},
				"west": {"uv": [4.75, 6.25, 5, 6.75], "texture": "#3"},
				"up": {"uv": [3.5, 5.75, 3, 5.5], "texture": "#3"},
				"down": {"uv": [6.5, 3, 6, 3.25], "texture": "#3"}
			}
		},
		{
			"from": [6, 7.50418, -5.94104],
			"to": [10, 11.50418, -2.94104],
			"rotation": {"angle": -45, "axis": "x", "origin": [8.5, 7.21646, 0.55229]},
			"faces": {
				"north": {"uv": [6.5, 2.5, 7.5, 3.5], "texture": "#3"},
				"east": {"uv": [4.75, 6.75, 5.5, 7.75], "texture": "#3"},
				"south": {"uv": [6.5, 3.5, 7.5, 4.5], "texture": "#3"},
				"west": {"uv": [4.75, 6.75, 5.5, 7.75], "texture": "#3"},
				"up": {"uv": [4, 7.75, 3, 7], "texture": "#3"},
				"down": {"uv": [8, 6.5, 7, 7.25], "texture": "#3"}
			}
		},
		{
			"from": [6, 2.83363, -0.07322],
			"to": [10, 7.83363, 4.92678],
			"rotation": {"angle": -45, "axis": "x", "origin": [-1, 5.83363, 0.17678]},
			"faces": {
				"north": {"uv": [1, 6.25, 2, 7.5], "texture": "#3"},
				"east": {"uv": [5, 5.5, 6.25, 6.75], "texture": "#3"},
				"south": {"uv": [2, 6.25, 3, 7.5], "texture": "#3"},
				"west": {"uv": [3, 5.75, 4.25, 7], "texture": "#3"},
				"up": {"uv": [7.5, 1.25, 6.5, 0], "texture": "#3"},
				"down": {"uv": [7.5, 1.25, 6.5, 2.5], "texture": "#3"}
			}
		},
		{
			"from": [7, -9.55025, 1.5],
			"to": [9, 2.44975, 3.5],
			"rotation": {"angle": -45, "axis": "x", "origin": [9.5, 4.94975, 0]},
			"faces": {
				"north": {"uv": [4.25, 5.75, 4.75, 8.75], "texture": "#3"},
				"east": {"uv": [6, 0, 6.5, 3], "texture": "#3"},
				"south": {"uv": [0, 6.25, 0.5, 9.25], "texture": "#3"},
				"west": {"uv": [0.5, 6.25, 1, 9.25], "texture": "#3"},
				"up": {"uv": [7.5, 7.75, 7, 7.25], "texture": "#3"},
				"down": {"uv": [8, 0, 7.5, 0.5], "texture": "#3"}
			}
		}
	],
	"display": {
		"gui": {
			"rotation": [177.08, 45.55, -164.01],
			"translation": [3, 0, 0],
			"scale": [0.6, 0.6, 0.6]
		}
	}
}