{
	"credit": "Made with Blockbench",
	"parent": "hideaway:display_parents/back",
	"texture_size": [64, 64],
	"textures": {
		"0": "hideaway:back/sack_of_presents",
		"particle": "hideaway:back/sack_of_presents"
	},
	"elements": [
		{
			"from": [2, 0, 10],
			"to": [14, 11, 20],
			"rotation": {"angle": 0, "axis": "y", "origin": [16, 0, 23]},
			"faces": {
				"north": {"uv": [3.5, 2.75, 6.5, 5.5], "texture": "#0"},
				"east": {"uv": [0, 6, 2.5, 8.75], "texture": "#0"},
				"south": {"uv": [3.5, 0, 6.5, 2.75], "texture": "#0"},
				"west": {"uv": [2.5, 6, 0, 8.75], "texture": "#0"},
				"down": {"uv": [3.5, 8, 6.5, 5.5], "texture": "#0"}
			}
		},
		{
			"from": [1, 11, 9],
			"to": [15, 15, 21],
			"rotation": {"angle": 0, "axis": "y", "origin": [16, 0, 23]},
			"faces": {
				"north": {"uv": [6.5, 5, 10, 6], "texture": "#0"},
				"east": {"uv": [6.5, 6, 9.5, 7], "texture": "#0"},
				"south": {"uv": [6.5, 4, 10, 5], "texture": "#0"},
				"west": {"uv": [9.5, 6, 6.5, 7], "texture": "#0"},
				"up": {"uv": [0, 0, 3.5, 3], "texture": "#0"},
				"down": {"uv": [0, 6, 3.5, 3], "texture": "#0"}
			}
		},
		{
			"from": [5.5, 8, 20],
			"to": [10.5, 13, 25],
			"rotation": {"angle": 22.5, "axis": "x", "origin": [9, 13, 20]},
			"faces": {
				"east": {"uv": [7.75, 7, 9, 8.25], "texture": "#0"},
				"south": {"uv": [6.5, 7, 7.75, 8.25], "texture": "#0"},
				"west": {"uv": [9, 7, 7.75, 8.25], "texture": "#0"},
				"up": {"uv": [2.5, 8, 3.75, 9.25], "texture": "#0"},
				"down": {"uv": [3.75, 9.25, 5, 8], "texture": "#0"}
			}
		},
		{
			"from": [10.5, 7, 20.45],
			"to": [15.5, 12, 20.5],
			"rotation": {"angle": -22.5, "axis": "y", "origin": [10.5, 7, 20.5]},
			"faces": {
				"north": {"uv": [6.25, 8, 5, 9.25], "texture": "#0", "tintindex": 0},
				"south": {"uv": [5, 8, 6.25, 9.25], "texture": "#0", "tintindex": 0}
			}
		},
		{
			"from": [8, 1, 20.95],
			"to": [11, 8, 21],
			"rotation": {"angle": 22.5, "axis": "z", "origin": [9.5, 7, 21]},
			"faces": {
				"north": {"uv": [2.5, 6, 3.25, 7.75], "texture": "#0", "tintindex": 0},
				"south": {"uv": [2.5, 6, 3.25, 7.75], "texture": "#0", "tintindex": 0}
			}
		},
		{
			"from": [0.5, 7, 20.45],
			"to": [5.5, 12, 20.5],
			"rotation": {"angle": 22.5, "axis": "y", "origin": [5.5, 7, 20.5]},
			"faces": {
				"north": {"uv": [5, 8, 6.25, 9.25], "texture": "#0", "tintindex": 0},
				"south": {"uv": [6.25, 8, 5, 9.25], "texture": "#0", "tintindex": 0}
			}
		},
		{
			"from": [5, 1, 20.95],
			"to": [8, 8, 21],
			"rotation": {"angle": -22.5, "axis": "z", "origin": [6.5, 7, 21]},
			"faces": {
				"north": {"uv": [3.25, 6, 2.5, 7.75], "texture": "#0", "tintindex": 0},
				"south": {"uv": [3.25, 6, 2.5, 7.75], "texture": "#0", "tintindex": 0}
			}
		},
		{
			"from": [5, 15, 16],
			"to": [7, 19, 18],
			"rotation": {"angle": 22.5, "axis": "x", "origin": [16, 0, 23]},
			"faces": {
				"north": {"uv": [9, 7, 9.5, 8], "texture": "#0"},
				"east": {"uv": [2.5, 9.25, 3, 10.25], "texture": "#0"},
				"south": {"uv": [2, 8.75, 2.5, 9.75], "texture": "#0"},
				"west": {"uv": [3, 9.25, 2.5, 10.25], "texture": "#0"},
				"up": {"uv": [5, 9.25, 5.5, 9.75], "texture": "#0"},
				"down": {"uv": [5.5, 9.75, 6, 9.25], "texture": "#0"}
			}
		},
		{
			"from": [5, 17, 14],
			"to": [7, 19, 16],
			"rotation": {"angle": 22.5, "axis": "x", "origin": [16, 0, 23]},
			"faces": {
				"east": {"uv": [3.5, 9.25, 4, 9.75], "texture": "#0"},
				"west": {"uv": [4, 9.25, 3.5, 9.75], "texture": "#0"},
				"up": {"uv": [4, 9.25, 4.5, 9.75], "texture": "#0"},
				"down": {"uv": [4.5, 9.75, 5, 9.25], "texture": "#0"}
			}
		},
		{
			"from": [5, 10, 12],
			"to": [7, 19, 14],
			"rotation": {"angle": 22.5, "axis": "x", "origin": [16, 0, 23]},
			"faces": {
				"north": {"uv": [0, 8.75, 0.5, 11], "texture": "#0"},
				"east": {"uv": [0.5, 8.75, 1, 11], "texture": "#0"},
				"south": {"uv": [8.5, 1.5, 9, 3.75], "texture": "#0"},
				"west": {"uv": [1, 8.75, 0.5, 11], "texture": "#0"},
				"up": {"uv": [3, 9.25, 3.5, 9.75], "texture": "#0"}
			}
		},
		{
			"from": [5, 19, 17],
			"to": [7, 23, 19],
			"rotation": {"angle": 22.5, "axis": "z", "origin": [16, 0, 23]},
			"faces": {
				"north": {"uv": [3, 9.25, 2.5, 10.25], "texture": "#0"},
				"east": {"uv": [9, 7, 9.5, 8], "texture": "#0"},
				"south": {"uv": [2.5, 9.25, 3, 10.25], "texture": "#0"},
				"west": {"uv": [2, 8.75, 2.5, 9.75], "texture": "#0"},
				"up": {"uv": [5, 9.25, 5.5, 9.75], "rotation": 90, "texture": "#0"},
				"down": {"uv": [5.5, 9.75, 6, 9.25], "rotation": 270, "texture": "#0"}
			}
		},
		{
			"from": [7, 21, 17],
			"to": [9, 23, 19],
			"rotation": {"angle": 22.5, "axis": "z", "origin": [16, 0, 23]},
			"faces": {
				"north": {"uv": [4, 9.25, 3.5, 9.75], "texture": "#0"},
				"south": {"uv": [3.5, 9.25, 4, 9.75], "texture": "#0"},
				"up": {"uv": [4, 9.25, 4.5, 9.75], "rotation": 90, "texture": "#0"},
				"down": {"uv": [4.5, 9.75, 5, 9.25], "rotation": 270, "texture": "#0"}
			}
		},
		{
			"from": [9, 14, 17],
			"to": [11, 23, 19],
			"rotation": {"angle": 22.5, "axis": "z", "origin": [16, 0, 23]},
			"faces": {
				"north": {"uv": [1, 8.75, 0.5, 11], "texture": "#0"},
				"east": {"uv": [0, 8.75, 0.5, 11], "texture": "#0"},
				"south": {"uv": [0.5, 8.75, 1, 11], "texture": "#0"},
				"west": {"uv": [8.5, 1.5, 9, 3.75], "texture": "#0"},
				"up": {"uv": [3, 9.25, 3.5, 9.75], "rotation": 90, "texture": "#0"}
			}
		},
		{
			"from": [8, 19, 10],
			"to": [10, 23, 12],
			"rotation": {"angle": -22.5, "axis": "z", "origin": [0, 0, 23]},
			"faces": {
				"north": {"uv": [2.5, 9.25, 3, 10.25], "texture": "#0"},
				"east": {"uv": [2.5, 8.75, 2, 9.75], "texture": "#0"},
				"south": {"uv": [3, 9.25, 2.5, 10.25], "texture": "#0"},
				"west": {"uv": [9.5, 7, 9, 8], "texture": "#0"},
				"up": {"uv": [5, 9.75, 5.5, 9.25], "rotation": 90, "texture": "#0"},
				"down": {"uv": [5.5, 9.25, 6, 9.75], "rotation": 270, "texture": "#0"}
			}
		},
		{
			"from": [6, 21, 10],
			"to": [8, 23, 12],
			"rotation": {"angle": -22.5, "axis": "z", "origin": [0, 0, 23]},
			"faces": {
				"north": {"uv": [3.5, 9.25, 4, 9.75], "texture": "#0"},
				"south": {"uv": [4, 9.25, 3.5, 9.75], "texture": "#0"},
				"up": {"uv": [4, 9.75, 4.5, 9.25], "rotation": 90, "texture": "#0"},
				"down": {"uv": [4.5, 9.25, 5, 9.75], "rotation": 270, "texture": "#0"}
			}
		},
		{
			"from": [4, 14, 10],
			"to": [6, 23, 12],
			"rotation": {"angle": -22.5, "axis": "z", "origin": [0, 0, 23]},
			"faces": {
				"north": {"uv": [0.5, 8.75, 1, 11], "texture": "#0"},
				"east": {"uv": [9, 1.5, 8.5, 3.75], "texture": "#0"},
				"south": {"uv": [1, 8.75, 0.5, 11], "texture": "#0"},
				"west": {"uv": [0.5, 8.75, 0, 11], "texture": "#0"},
				"up": {"uv": [3, 9.75, 3.5, 9.25], "rotation": 90, "texture": "#0"}
			}
		},
		{
			"from": [7.5, 13.8, 14],
			"to": [13.5, 17.8, 20],
			"rotation": {"angle": -22.5, "axis": "z", "origin": [10.5, 13.8, 17]},
			"faces": {
				"north": {"uv": [6.25, 8.25, 7.75, 9.25], "texture": "#0"},
				"east": {"uv": [7.75, 8.25, 9.25, 9.25], "texture": "#0"},
				"south": {"uv": [6.25, 8.25, 7.75, 9.25], "texture": "#0"},
				"west": {"uv": [7.75, 8.25, 9.25, 9.25], "texture": "#0"}
			}
		},
		{
			"from": [6.5, 17.8, 13],
			"to": [14.5, 20.8, 21],
			"rotation": {"angle": -22.5, "axis": "z", "origin": [10.5, 13.8, 17]},
			"faces": {
				"north": {"uv": [8.5, 0, 10.5, 0.75], "texture": "#0"},
				"east": {"uv": [8.5, 0.75, 10.5, 1.5], "texture": "#0"},
				"south": {"uv": [8.5, 0, 10.5, 0.75], "texture": "#0"},
				"west": {"uv": [8.5, 0.75, 10.5, 1.5], "texture": "#0"},
				"up": {"uv": [6.5, 0, 8.5, 2], "texture": "#0"},
				"down": {"uv": [6.5, 4, 8.5, 2], "texture": "#0"}
			}
		},
		{
			"from": [14.20818, 19.92316, 15.5],
			"to": [18.20818, 22.92316, 18.5],
			"rotation": {"angle": 0, "axis": "y", "origin": [10.5, 13.8, 17]},
			"faces": {
				"east": {"uv": [9, 3, 9.75, 3.75], "texture": "#0"},
				"west": {"uv": [9, 2.25, 9.75, 3], "texture": "#0"},
				"up": {"uv": [1, 8.75, 2, 9.5], "texture": "#0"},
				"down": {"uv": [9, 2.25, 10, 1.5], "texture": "#0"}
			}
		},
		{
			"from": [18.20818, 22.92316, 18.5],
			"to": [14.20818, 19.92316, 15.5],
			"rotation": {"angle": 0, "axis": "y", "origin": [10.5, 13.8, 17]},
			"faces": {
				"east": {"uv": [9, 3, 9.75, 2.25], "texture": "#0"},
				"west": {"uv": [9, 3.75, 9.75, 3], "texture": "#0"},
				"up": {"uv": [10, 2.25, 9, 1.5], "texture": "#0"},
				"down": {"uv": [2, 8.75, 1, 9.5], "texture": "#0"}
			}
		},
		{
			"from": [2.79182, 19.92316, 15.5],
			"to": [6.79182, 22.92316, 18.5],
			"rotation": {"angle": -45, "axis": "z", "origin": [10.5, 13.8, 17]},
			"faces": {
				"east": {"uv": [9.75, 2.25, 9, 3], "texture": "#0"},
				"west": {"uv": [9.75, 3, 9, 3.75], "texture": "#0"},
				"up": {"uv": [2, 8.75, 1, 9.5], "texture": "#0"},
				"down": {"uv": [10, 2.25, 9, 1.5], "texture": "#0"}
			}
		},
		{
			"from": [6.79182, 22.92316, 18.5],
			"to": [2.79182, 19.92316, 15.5],
			"rotation": {"angle": -45, "axis": "z", "origin": [10.5, 13.8, 17]},
			"faces": {
				"east": {"uv": [9.75, 3.75, 9, 3], "texture": "#0"},
				"west": {"uv": [9.75, 3, 9, 2.25], "texture": "#0"},
				"up": {"uv": [9, 2.25, 10, 1.5], "texture": "#0"},
				"down": {"uv": [1, 8.75, 2, 9.5], "texture": "#0"}
			}
		},
		{
			"from": [2.5, 13.8, 10],
			"to": [8.5, 17.8, 16],
			"rotation": {"angle": 22.5, "axis": "z", "origin": [5.5, 13.8, 13]},
			"faces": {
				"north": {"uv": [14, 1.5, 12.5, 2.5], "texture": "#0"},
				"east": {"uv": [15.5, 1.5, 14, 2.5], "texture": "#0"},
				"south": {"uv": [14, 1.5, 12.5, 2.5], "texture": "#0"},
				"west": {"uv": [15.5, 1.5, 14, 2.5], "texture": "#0"}
			}
		},
		{
			"from": [1.5, 17.8, 9],
			"to": [9.5, 20.8, 17],
			"rotation": {"angle": 22.5, "axis": "z", "origin": [5.5, 13.8, 13]},
			"faces": {
				"north": {"uv": [14.5, 0, 12.5, 0.75], "texture": "#0"},
				"east": {"uv": [14.5, 0.75, 12.5, 1.5], "texture": "#0"},
				"south": {"uv": [14.5, 0, 12.5, 0.75], "texture": "#0"},
				"west": {"uv": [14.5, 0.75, 12.5, 1.5], "texture": "#0"},
				"up": {"uv": [12.5, 0, 10.5, 2], "texture": "#0"},
				"down": {"uv": [12.5, 4, 10.5, 2], "texture": "#0"}
			}
		},
		{
			"from": [-2.20818, 19.92316, 11.5],
			"to": [1.79182, 22.92316, 14.5],
			"rotation": {"angle": 0, "axis": "y", "origin": [5.5, 13.8, 13]},
			"faces": {
				"east": {"uv": [9.75, 2.25, 9, 3], "texture": "#0"},
				"west": {"uv": [9.75, 3, 9, 3.75], "texture": "#0"},
				"up": {"uv": [2, 8.75, 1, 9.5], "texture": "#0"},
				"down": {"uv": [10, 2.25, 9, 1.5], "texture": "#0"}
			}
		},
		{
			"from": [1.79182, 22.92316, 14.5],
			"to": [-2.20818, 19.92316, 11.5],
			"rotation": {"angle": 0, "axis": "y", "origin": [5.5, 13.8, 13]},
			"faces": {
				"east": {"uv": [9.75, 3.75, 9, 3], "texture": "#0"},
				"west": {"uv": [9.75, 3, 9, 2.25], "texture": "#0"},
				"up": {"uv": [9, 2.25, 10, 1.5], "texture": "#0"},
				"down": {"uv": [1, 8.75, 2, 9.5], "texture": "#0"}
			}
		},
		{
			"from": [9.20818, 19.92316, 11.5],
			"to": [13.20818, 22.92316, 14.5],
			"rotation": {"angle": 45, "axis": "z", "origin": [5.5, 13.8, 13]},
			"faces": {
				"east": {"uv": [9, 3, 9.75, 3.75], "texture": "#0"},
				"west": {"uv": [9, 2.25, 9.75, 3], "texture": "#0"},
				"up": {"uv": [1, 8.75, 2, 9.5], "texture": "#0"},
				"down": {"uv": [9, 2.25, 10, 1.5], "texture": "#0"}
			}
		},
		{
			"from": [13.20818, 22.92316, 14.5],
			"to": [9.20818, 19.92316, 11.5],
			"rotation": {"angle": 45, "axis": "z", "origin": [5.5, 13.8, 13]},
			"faces": {
				"east": {"uv": [9, 3, 9.75, 2.25], "texture": "#0"},
				"west": {"uv": [9, 3.75, 9.75, 3], "texture": "#0"},
				"up": {"uv": [10, 2.25, 9, 1.5], "texture": "#0"},
				"down": {"uv": [2, 8.75, 1, 9.5], "texture": "#0"}
			}
		}
	],
	"display": {
		"gui": {
			"rotation": [30, 45, 0],
			"translation": [-2.5, -0.25, 0],
			"scale": [0.49, 0.49, 0.49]
		}
	},
	"groups": [
		0,
		1,
		2,
		3,
		4,
		5,
		6,
		{
			"name": "candy1",
			"origin": [0, 0, 0],
			"color": 0,
			"nbt": "{}",
			"children": [7, 8, 9]
		},
		{
			"name": "candy2",
			"origin": [0, 0, 0],
			"color": 0,
			"nbt": "{}",
			"children": [10, 11, 12, 13, 14, 15]
		},
		{
			"name": "present1",
			"origin": [5.7, 23, 6],
			"color": 0,
			"nbt": "{}",
			"children": [16, 17, 18, 19, 20, 21]
		},
		{
			"name": "present2",
			"origin": [5.7, 23, 6],
			"color": 0,
			"nbt": "{}",
			"children": [22, 23, 24, 25, 26, 27]
		}
	]
}