{
	"credit": "Made by CookiesNom with Blockbench",
	"parent": "hideaway:display_parents/back",
	"texture_size": [32, 32],
	"textures": {
		"1": "hideaway:back/saxophone"
	},
	"elements": [
		{
			"from": [-1, 3, 10],
			"to": [1, 8, 15],
			"rotation": {"angle": -22.5, "axis": "z", "origin": [8, 0, 8]},
			"faces": {
				"north": {"uv": [5.5, 10.5, 6.5, 13], "texture": "#1"},
				"east": {"uv": [8, 0, 10.5, 2.5], "texture": "#1"},
				"south": {"uv": [6.5, 10.5, 7.5, 13], "texture": "#1"},
				"west": {"uv": [8, 2.5, 10.5, 5], "texture": "#1"},
				"up": {"uv": [12, 6.5, 11, 4], "texture": "#1"},
				"down": {"uv": [12, 6.5, 11, 9], "texture": "#1"}
			}
		},
		{
			"from": [1, 1, 10.5],
			"to": [4, 8, 14.5],
			"rotation": {"angle": -22.5, "axis": "z", "origin": [8, 0, 8]},
			"faces": {
				"north": {"uv": [8, 5, 9.5, 8.5], "texture": "#1"},
				"east": {"uv": [0, 6, 2, 9.5], "texture": "#1"},
				"south": {"uv": [8, 8.5, 9.5, 12], "texture": "#1"},
				"west": {"uv": [6, 0, 8, 3.5], "texture": "#1"},
				"up": {"uv": [12, 2, 10.5, 0], "texture": "#1"},
				"down": {"uv": [12, 2, 10.5, 4], "texture": "#1"}
			}
		},
		{
			"from": [4.25, 6.75, 15],
			"to": [6.25, 8.75, 15],
			"rotation": {"angle": 22.5, "axis": "z", "origin": [5.25, 8, 15]},
			"faces": {
				"north": {"uv": [12, 3, 13, 4], "texture": "#1"},
				"east": {"uv": [0, 0, 0, 1], "texture": "#1"},
				"south": {"uv": [4, 12, 5, 13], "texture": "#1"},
				"west": {"uv": [0, 0, 0, 1], "texture": "#1"},
				"up": {"uv": [1, 0, 0, 0], "texture": "#1"},
				"down": {"uv": [1, 0, 0, 0], "texture": "#1"}
			}
		},
		{
			"from": [3.25, 4, 15],
			"to": [5.25, 6, 15],
			"rotation": {"angle": 22.5, "axis": "z", "origin": [4.25, 5, 15]},
			"faces": {
				"north": {"uv": [12, 4, 13, 5], "texture": "#1"},
				"east": {"uv": [0, 0, 0, 1], "texture": "#1"},
				"south": {"uv": [12, 5, 13, 6], "texture": "#1"},
				"west": {"uv": [0, 0, 0, 1], "texture": "#1"},
				"up": {"uv": [1, 0, 0, 0], "texture": "#1"},
				"down": {"uv": [1, 0, 0, 0], "texture": "#1"}
			}
		},
		{
			"from": [4, 1, 10.5],
			"to": [8, 8, 14.5],
			"rotation": {"angle": -22.5, "axis": "z", "origin": [8, 0, 8]},
			"faces": {
				"north": {"uv": [2, 6, 4, 9.5], "texture": "#1"},
				"east": {"uv": [6, 3.5, 8, 7], "texture": "#1"},
				"south": {"uv": [4, 6, 6, 9.5], "texture": "#1"},
				"west": {"uv": [6, 7, 8, 10.5], "texture": "#1"},
				"up": {"uv": [2, 11.5, 0, 9.5], "texture": "#1"},
				"down": {"uv": [4, 9.5, 2, 11.5], "texture": "#1"}
			}
		},
		{
			"from": [5, 8, 11],
			"to": [8, 13, 14],
			"rotation": {"angle": -22.5, "axis": "z", "origin": [8, 0, 8]},
			"faces": {
				"north": {"uv": [4, 9.5, 5.5, 12], "texture": "#1"},
				"east": {"uv": [9.5, 5, 11, 7.5], "texture": "#1"},
				"south": {"uv": [9.5, 7.5, 11, 10], "texture": "#1"},
				"west": {"uv": [9.5, 10, 11, 12.5], "texture": "#1"},
				"up": {"uv": [12.5, 10.5, 11, 9], "texture": "#1"},
				"down": {"uv": [12.5, 10.5, 11, 12], "texture": "#1"}
			}
		},
		{
			"from": [3, 3, 12.5],
			"to": [9, 15, 12.5],
			"rotation": {"angle": -22.5, "axis": "z", "origin": [8, 0, 8]},
			"faces": {
				"north": {"uv": [6, 0, 3, 6], "texture": "#1"},
				"east": {"uv": [0, 0, 0, 6], "texture": "#1"},
				"south": {"uv": [3, 0, 6, 6], "texture": "#1"},
				"west": {"uv": [0, 0, 0, 6], "texture": "#1"},
				"up": {"uv": [3, 0, 0, 0], "texture": "#1"},
				"down": {"uv": [3, 0, 0, 0], "texture": "#1"}
			}
		},
		{
			"from": [8, 11, 11.5],
			"to": [11, 13, 13.5],
			"rotation": {"angle": -22.5, "axis": "z", "origin": [8, 0, 8]},
			"faces": {
				"north": {"uv": [0, 11.5, 1.5, 12.5], "texture": "#1"},
				"east": {"uv": [3, 11.5, 4, 12.5], "texture": "#1"},
				"south": {"uv": [1.5, 11.5, 3, 12.5], "texture": "#1"},
				"west": {"uv": [12, 2, 13, 3], "texture": "#1"},
				"up": {"uv": [13.5, 1, 12, 0], "texture": "#1"},
				"down": {"uv": [13.5, 1, 12, 2], "texture": "#1"}
			}
		}
	],
	"display": {
		"thirdperson_righthand": {
			"rotation": [13, -90, 0],
			"translation": [4.75, 0.5, -2.5]
		},
		"thirdperson_lefthand": {
			"rotation": [13, 90, 0],
			"translation": [-4, 0.5, -2.5]
		},
		"firstperson_righthand": {
			"rotation": [0, -90, -20],
			"translation": [0.75, 0.25, 2.5]
		},
		"firstperson_lefthand": {
			"rotation": [0, 90, 20],
			"translation": [-5, 0.25, 2.5]
		},
		"gui": {
			"rotation": [30, 45, 0],
			"translation": [-2, 1.75, 0]
		}
	},
	"__credit": "Generated using Animated Java (https://animated-java.dev/)"
}