{
	"credit": "by w11shes",
	"parent": "hideaway:display_parents/back",
	"textures": {
		"0": "hideaway:back/scarecrow_with_crows",
		"1": "hideaway:back/crows",
		"particle": "hideaway:back/scarecrow_with_crows"
	},
	"elements": [
		{
			"from": [7, -16, 7],
			"to": [9, 13, 9],
			"faces": {
				"north": {"uv": [15.5, 0.032, 15.968, 7.25], "texture": "#0"},
				"east": {"uv": [15.5, 0.032, 15.968, 7.25], "texture": "#0"},
				"south": {"uv": [15.5, 0.032, 15.968, 7.25], "texture": "#0"},
				"west": {"uv": [15.5, 0.032, 15.968, 7.25], "texture": "#0"},
				"down": {"uv": [15.032, 0.032, 15.5, 0.5], "texture": "#0"}
			}
		},
		{
			"from": [4, 13, 4],
			"to": [12, 21, 12],
			"faces": {
				"north": {"uv": [5.5, 2.5, 7.5, 4.5], "texture": "#0"},
				"east": {"uv": [8.75, 6.032, 6.75, 7.968], "texture": "#0"},
				"south": {"uv": [4.75, 6.032, 6.75, 7.968], "texture": "#0"},
				"west": {"uv": [6.75, 6.032, 8.75, 7.968], "texture": "#0"},
				"down": {"uv": [9.5, 2.5, 7.5, 4.5], "texture": "#0"}
			}
		},
		{
			"from": [5, 17, 4],
			"to": [11, 19, 4],
			"shade": false,
			"faces": {
				"north": {"uv": [9.5, 2.5, 10.968, 2.968], "texture": "#0", "tintindex": 0}
			}
		},
		{
			"from": [3, 20.1, -4.75],
			"to": [13, 26.1, 5.25],
			"rotation": {"angle": 22.5, "axis": "x", "origin": [0, 0, 0]},
			"faces": {
				"north": {"uv": [8.032, 0.032, 10.5, 1.5], "texture": "#0"},
				"east": {"uv": [9.75, 8.032, 7.25, 9.5], "texture": "#0"},
				"south": {"uv": [4.75, 8.032, 7.25, 9.5], "texture": "#0"},
				"west": {"uv": [7.25, 8.032, 9.75, 9.5], "texture": "#0"},
				"up": {"uv": [7.968, 2.5, 5.5, 0.032], "texture": "#0"}
			}
		},
		{
			"from": [2.5, 20.6, -5.25],
			"to": [13.5, 27.6, 5.75],
			"rotation": {"angle": 22.5, "axis": "x", "origin": [0, 0, 0]},
			"faces": {
				"north": {"uv": [10.5, 0.032, 12.968, 1.5], "texture": "#0", "tintindex": 0},
				"east": {"uv": [10.5, 0.032, 12.968, 1.5], "texture": "#0", "tintindex": 0},
				"south": {"uv": [10.5, 0.032, 12.968, 1.5], "texture": "#0", "tintindex": 0},
				"west": {"uv": [10.5, 0.032, 12.968, 1.5], "texture": "#0", "tintindex": 0}
			}
		},
		{
			"from": [-1.5, 20.1, -9.25],
			"to": [17.5, 20.12, 9.75],
			"rotation": {"angle": 22.5, "axis": "x", "origin": [0, 0, 0]},
			"faces": {
				"up": {"uv": [4.75, 9.25, 0.032, 4.5], "texture": "#0"},
				"down": {"uv": [4.75, 4.5, 0.032, 9.25], "texture": "#0"}
			}
		},
		{
			"from": [-6, 10, 7],
			"to": [7, 12, 9],
			"faces": {
				"north": {"uv": [8.032, 1.5, 11.25, 1.968], "texture": "#0"},
				"south": {"uv": [11.25, 1.5, 8.032, 1.968], "texture": "#0"},
				"west": {"uv": [8.75, 6.5, 9.25, 6.968], "texture": "#0"},
				"up": {"uv": [11.25, 2.5, 8.032, 2.032], "texture": "#0"},
				"down": {"uv": [11.968, 6.032, 8.75, 6.5], "texture": "#0"}
			}
		},
		{
			"from": [9, 10, 7],
			"to": [22, 12, 9],
			"rotation": {"angle": 0, "axis": "y", "origin": [16, 0, 0]},
			"faces": {
				"north": {"uv": [11.25, 1.5, 8.032, 1.968], "texture": "#0"},
				"east": {"uv": [9.25, 6.5, 8.75, 6.968], "texture": "#0"},
				"south": {"uv": [8.032, 1.5, 11.25, 1.968], "texture": "#0"},
				"up": {"uv": [8.032, 2.5, 11.25, 2.032], "texture": "#0"},
				"down": {"uv": [8.75, 6.032, 11.968, 6.5], "texture": "#0"}
			}
		},
		{
			"from": [-3, -5.5, 5],
			"to": [19, 12.5, 11],
			"faces": {
				"north": {"uv": [0.032, 0.032, 5.5, 4.5], "texture": "#0", "tintindex": 0},
				"south": {"uv": [5.5, 0.032, 0.032, 4.5], "texture": "#0", "tintindex": 0},
				"up": {"uv": [10.25, 5.968, 4.75, 4.5], "texture": "#0", "tintindex": 0}
			}
		},
		{
			"from": [19, 12.5, 11],
			"to": [-3, -5.5, 5],
			"rotation": {"angle": 0, "axis": "y", "origin": [16, 16, 16]},
			"faces": {
				"north": {"uv": [5.5, 4.5, 0.032, 0.032], "texture": "#0", "tintindex": 0},
				"south": {"uv": [0.032, 4.5, 5.5, 0.032], "texture": "#0", "tintindex": 0},
				"down": {"uv": [4.75, 5.968, 10.25, 4.5], "texture": "#0", "tintindex": 0}
			}
		},
		{
			"from": [-5.51, 14.49, 1.99],
			"to": [-2.49, 17.51, 5.01],
			"faces": {
				"north": {"uv": [11.5, 15.5, 10.032, 14.032], "rotation": 180, "texture": "#1"},
				"east": {"uv": [7.032, 12.5, 8.5, 13.968], "rotation": 90, "texture": "#1"},
				"south": {"uv": [9.968, 14.032, 8.5, 15.5], "texture": "#1"},
				"west": {"uv": [10.032, 12.5, 11.5, 13.968], "rotation": 270, "texture": "#1"},
				"up": {"uv": [10.032, 14.032, 11.5, 15.5], "texture": "#1"},
				"down": {"uv": [8.5, 12.5, 9.968, 13.968], "rotation": 180, "texture": "#1"}
			}
		},
		{
			"from": [-4.5, 10.5, 8.8],
			"to": [-3.5, 13.5, 10.8],
			"rotation": {"angle": -22.5, "axis": "x", "origin": [0, 0, 3]},
			"faces": {
				"north": {"uv": [6.5, 15.968, 6.032, 14.5], "rotation": 180, "texture": "#1"},
				"east": {"uv": [7.032, 15.032, 8.5, 15.968], "rotation": 90, "texture": "#1"},
				"south": {"uv": [5.968, 14.5, 5.5, 15.968], "texture": "#1"},
				"west": {"uv": [7.032, 14.032, 8.5, 14.968], "rotation": 270, "texture": "#1"},
				"down": {"uv": [6.5, 14.032, 6.968, 14.968], "rotation": 180, "texture": "#1"}
			}
		},
		{
			"from": [-5.51, 15.49, 1.99],
			"to": [-2.49, 18.51, 5.01],
			"rotation": {"angle": 0, "axis": "x", "origin": [5.5, 1, 3]},
			"faces": {
				"north": {"uv": [15.968, 12.5, 14.5, 11.032], "rotation": 180, "texture": "#1"},
				"east": {"uv": [11.5, 9.5, 12.968, 10.968], "rotation": 90, "texture": "#1"},
				"south": {"uv": [14.5, 11.032, 13.032, 12.5], "texture": "#1"},
				"west": {"uv": [14.5, 9.5, 15.968, 10.968], "rotation": 270, "texture": "#1"},
				"up": {"uv": [14.5, 11.032, 15.968, 12.5], "texture": "#1"},
				"down": {"uv": [13.032, 9.5, 14.5, 10.968], "rotation": 180, "texture": "#1"}
			}
		},
		{
			"from": [-4.5, 11.5, 8.8],
			"to": [-3.5, 14.5, 10.8],
			"rotation": {"angle": -22.5, "axis": "x", "origin": [5.5, 1, 3]},
			"faces": {
				"north": {"uv": [10.968, 12.5, 10.5, 11.032], "rotation": 180, "texture": "#1"},
				"east": {"uv": [11.5, 12.032, 12.968, 12.968], "rotation": 90, "texture": "#1"},
				"south": {"uv": [10.5, 11.032, 10.032, 12.5], "texture": "#1"},
				"west": {"uv": [11.5, 11.032, 12.968, 11.968], "rotation": 270, "texture": "#1"},
				"down": {"uv": [11.032, 11.032, 11.5, 11.968], "rotation": 180, "texture": "#1"}
			}
		},
		{
			"from": [-5.51, 4.74, 6.49],
			"to": [-2.49, 7.76, 9.51],
			"rotation": {"angle": -45, "axis": "x", "origin": [5.5, 6.75, -8]},
			"faces": {
				"north": {"uv": [13.032, 6.032, 14.5, 7.5], "texture": "#1"},
				"east": {"uv": [11.5, 6.032, 12.968, 7.5], "texture": "#1"},
				"south": {"uv": [14.5, 7.5, 15.968, 8.968], "texture": "#1"},
				"west": {"uv": [14.5, 6.032, 15.968, 7.5], "texture": "#1"},
				"up": {"uv": [15.968, 8.968, 14.5, 7.5], "texture": "#1"},
				"down": {"uv": [14.5, 7.5, 13.032, 8.968], "texture": "#1"}
			}
		},
		{
			"from": [-4.5, 17.25, -2.2],
			"to": [-3.5, 20.25, -0.2],
			"rotation": {"angle": 22.5, "axis": "x", "origin": [5.5, 6.75, -8]},
			"faces": {
				"north": {"uv": [10.968, 8.968, 10.5, 7.5], "rotation": 180, "texture": "#1"},
				"east": {"uv": [11.5, 8.5, 12.968, 9.5], "rotation": 90, "texture": "#1"},
				"south": {"uv": [11.5, 6.032, 11.032, 7.5], "texture": "#1"},
				"west": {"uv": [11.5, 7.5, 12.968, 8.5], "rotation": 270, "texture": "#1"},
				"down": {"uv": [11.032, 7.5, 11.5, 8.5], "rotation": 180, "texture": "#1"}
			}
		},
		{
			"from": [-5.51, 10.74, 4.24],
			"to": [-2.49, 13.76, 7.26],
			"rotation": {"angle": -22.5, "axis": "x", "origin": [5.5, 12.75, -10.25]},
			"faces": {
				"north": {"uv": [13.032, 0.032, 14.5, 1.5], "texture": "#1"},
				"east": {"uv": [11.5, 0.032, 12.968, 1.5], "texture": "#1"},
				"south": {"uv": [14.5, 1.5, 15.968, 2.968], "texture": "#1"},
				"west": {"uv": [14.5, 0.032, 15.968, 1.5], "texture": "#1"},
				"up": {"uv": [15.968, 2.968, 14.5, 1.5], "texture": "#1"},
				"down": {"uv": [14.5, 1.5, 13.032, 2.968], "texture": "#1"}
			}
		},
		{
			"from": [-4.5, 4.95, 0.25],
			"to": [-3.5, 6.95, 3.25],
			"rotation": {"angle": -45, "axis": "x", "origin": [5.5, 12.75, -10.25]},
			"faces": {
				"north": {"uv": [11.032, 1.5, 11.5, 2.5], "texture": "#1"},
				"east": {"uv": [11.5, 2.5, 12.968, 3.5], "texture": "#1"},
				"west": {"uv": [11.5, 1.5, 12.968, 2.5], "texture": "#1"},
				"up": {"uv": [10.968, 2.968, 10.5, 1.5], "texture": "#1"},
				"down": {"uv": [10.5, 1.5, 10.032, 2.968], "texture": "#1"}
			}
		},
		{
			"from": [-5.5, 12.175, 7.15],
			"to": [-2.5, 14.175, 8.15],
			"faces": {
				"south": {"uv": [9.5, 3.032, 10.968, 4.5], "texture": "#1"},
				"down": {"uv": [10.968, 4.032, 9.5, 4.5], "texture": "#1"}
			}
		},
		{
			"from": [-2.5, 15.175, 8.15],
			"to": [-5.5, 12.175, 7.15],
			"faces": {
				"north": {"uv": [9.5, 4.5, 10.968, 3.032], "texture": "#1"},
				"up": {"uv": [9.5, 4.032, 10.968, 4.5], "texture": "#1"}
			}
		},
		{
			"from": [-5.75, 24.75, -2.25],
			"to": [-5.7, 27.75, 2.75],
			"rotation": {"angle": 45, "axis": "x", "origin": [0, 12.75, -10.25]},
			"faces": {
				"east": {"uv": [11.5, 0.032, 9.032, 1.5], "texture": "#1"},
				"west": {"uv": [9.032, 0.032, 11.5, 1.5], "texture": "#1"}
			}
		},
		{
			"from": [-2.25, 24.75, -2.25],
			"to": [-2.2, 27.75, 2.75],
			"rotation": {"angle": 45, "axis": "x", "origin": [0, 12.75, -10.25]},
			"faces": {
				"east": {"uv": [11.5, 0.032, 9.032, 1.5], "texture": "#1"},
				"west": {"uv": [9.032, 0.032, 11.5, 1.5], "texture": "#1"}
			}
		},
		{
			"from": [-5.5, 27.7, 1.75],
			"to": [-2.5, 27.75, 5.75],
			"rotation": {"angle": 45, "axis": "x", "origin": [0, 12.75, -10.25]},
			"faces": {
				"up": {"uv": [10.968, 6.5, 9.5, 4.5], "texture": "#1"},
				"down": {"uv": [10.968, 4.5, 9.5, 6.5], "texture": "#1"}
			}
		},
		{
			"from": [-5.5, 25.75, -2.25],
			"to": [-2.5, 27.75, 1.75],
			"rotation": {"angle": 45, "axis": "x", "origin": [0, 12.75, -10.25]},
			"faces": {
				"north": {"uv": [11.032, 5.032, 12.5, 5.968], "texture": "#1"},
				"east": {"uv": [11.032, 3.5, 12.968, 4.5], "texture": "#1"},
				"south": {"uv": [12.5, 5.032, 13.968, 5.968], "texture": "#1"},
				"west": {"uv": [14.032, 5.032, 15.968, 5.968], "texture": "#1"},
				"up": {"uv": [15.968, 4.968, 14.5, 3.032], "texture": "#1"},
				"down": {"uv": [14.5, 3.032, 13.032, 4.968], "texture": "#1"}
			}
		},
		{
			"from": [18.49, 11.24, 4.24],
			"to": [21.51, 14.26, 7.26],
			"rotation": {"angle": -22.5, "axis": "x", "origin": [0, 13.25, -10.25]},
			"faces": {
				"north": {"uv": [5.032, 13.032, 6.5, 14.5], "texture": "#1"},
				"east": {"uv": [2.5, 14.5, 3.968, 15.968], "texture": "#1"},
				"south": {"uv": [7.5, 1.5, 8.968, 2.968], "texture": "#1"},
				"west": {"uv": [4.032, 14.5, 5.5, 15.968], "texture": "#1"},
				"up": {"uv": [8.968, 1.5, 7.5, 0.032], "texture": "#1"},
				"down": {"uv": [8.968, 3.032, 7.5, 4.5], "texture": "#1"}
			}
		},
		{
			"from": [19.5, 5.45, 0.25],
			"to": [20.5, 7.45, 3.25],
			"rotation": {"angle": -45, "axis": "x", "origin": [0, 13.25, -10.25]},
			"faces": {
				"north": {"uv": [8.5, 6.5, 8.968, 7.5], "texture": "#1"},
				"east": {"uv": [9.032, 7.5, 10.5, 8.5], "texture": "#1"},
				"west": {"uv": [9.032, 6.5, 10.5, 7.5], "texture": "#1"},
				"up": {"uv": [8.5, 7.968, 8.032, 6.5], "texture": "#1"},
				"down": {"uv": [7.968, 6.5, 7.5, 7.968], "texture": "#1"}
			}
		},
		{
			"from": [18.49, 11.74, 4.24],
			"to": [21.51, 14.76, 7.26],
			"rotation": {"angle": -22.5, "axis": "x", "origin": [0, 13.75, -10.25]},
			"faces": {
				"north": {"uv": [3.032, 6.5, 4.5, 7.968], "texture": "#1"},
				"east": {"uv": [1.5, 6.5, 2.968, 7.968], "texture": "#1"},
				"south": {"uv": [4.5, 8.032, 5.968, 9.5], "texture": "#1"},
				"west": {"uv": [4.5, 6.5, 5.968, 7.968], "texture": "#1"},
				"up": {"uv": [5.968, 9.5, 4.5, 8.032], "texture": "#1"},
				"down": {"uv": [4.5, 8.032, 3.032, 9.5], "texture": "#1"}
			}
		},
		{
			"from": [19.5, 5.95, 0.25],
			"to": [20.5, 7.95, 3.25],
			"rotation": {"angle": -45, "axis": "x", "origin": [0, 13.75, -10.25]},
			"faces": {
				"north": {"uv": [1.032, 8.032, 1.5, 8.968], "texture": "#1"},
				"east": {"uv": [1.5, 9.032, 2.968, 9.968], "texture": "#1"},
				"west": {"uv": [1.5, 8.032, 2.968, 8.968], "texture": "#1"},
				"up": {"uv": [0.968, 9.5, 0.5, 8.032], "texture": "#1"},
				"down": {"uv": [0.5, 8.032, 0.032, 9.5], "texture": "#1"}
			}
		},
		{
			"from": [18.49, 10.74, 4.24],
			"to": [21.51, 13.76, 7.26],
			"rotation": {"angle": -22.5, "axis": "x", "origin": [0, 12.75, -10.25]},
			"faces": {
				"north": {"uv": [4.032, 0.032, 5.5, 1.5], "texture": "#1"},
				"east": {"uv": [2.5, 0.032, 3.968, 1.5], "texture": "#1"},
				"south": {"uv": [5.5, 1.5, 6.968, 2.968], "texture": "#1"},
				"west": {"uv": [5.5, 0.032, 6.968, 1.5], "texture": "#1"},
				"up": {"uv": [6.968, 2.968, 5.5, 1.5], "texture": "#1"},
				"down": {"uv": [6.968, 4.5, 5.5, 5.968], "texture": "#1"}
			}
		},
		{
			"from": [19.5, 4.95, 0.25],
			"to": [20.5, 6.95, 3.25],
			"rotation": {"angle": -45, "axis": "x", "origin": [0, 12.75, -10.25]},
			"faces": {
				"north": {"uv": [2.032, 1.5, 2.5, 2.5], "texture": "#1"},
				"east": {"uv": [2.5, 2.5, 3.968, 3.5], "texture": "#1"},
				"west": {"uv": [2.5, 1.5, 3.968, 2.5], "texture": "#1"},
				"up": {"uv": [1.968, 2.968, 1.5, 1.5], "texture": "#1"},
				"down": {"uv": [1.5, 1.5, 1.032, 2.968], "texture": "#1"}
			}
		},
		{
			"from": [18.5, 26.25, -2.25],
			"to": [21.5, 28.25, 1.75],
			"rotation": {"angle": 45, "axis": "x", "origin": [0, 13.25, -10.25]},
			"faces": {
				"north": {"uv": [6.5, 8.5, 7.968, 9.5], "texture": "#1"},
				"east": {"uv": [9.5, 9.032, 11.5, 9.968], "texture": "#1"},
				"south": {"uv": [8.032, 8.5, 9.5, 9.5], "texture": "#1"},
				"west": {"uv": [9.5, 10.032, 11.5, 10.968], "texture": "#1"},
				"up": {"uv": [7.968, 11.5, 6.5, 9.5], "texture": "#1"},
				"down": {"uv": [9.5, 9.5, 8.032, 11.5], "texture": "#1"}
			}
		},
		{
			"from": [18.5, 28.2, 1.75],
			"to": [21.5, 28.25, 5.75],
			"rotation": {"angle": 45, "axis": "x", "origin": [0, 13.25, -10.25]},
			"faces": {
				"up": {"uv": [7.5, 8.5, 6.032, 6.5], "texture": "#1"},
				"down": {"uv": [7.5, 6.5, 6.032, 8.5], "texture": "#1"}
			}
		},
		{
			"from": [18.5, 26.75, -2.25],
			"to": [21.5, 28.75, 1.75],
			"rotation": {"angle": 45, "axis": "x", "origin": [0, 13.75, -10.25]},
			"faces": {
				"north": {"uv": [1.5, 11.5, 2.968, 12.5], "texture": "#1"},
				"east": {"uv": [1.5, 10.032, 3.5, 10.968], "texture": "#1"},
				"south": {"uv": [3.032, 11.5, 4.5, 12.5], "texture": "#1"},
				"west": {"uv": [4.5, 11.5, 6.5, 12.5], "texture": "#1"},
				"up": {"uv": [6.5, 11.5, 5.032, 9.5], "texture": "#1"},
				"down": {"uv": [4.968, 9.5, 3.5, 11.5], "texture": "#1"}
			}
		},
		{
			"from": [18.5, 28.7, 1.75],
			"to": [21.5, 28.75, 5.75],
			"rotation": {"angle": 45, "axis": "x", "origin": [0, 13.75, -10.25]},
			"faces": {
				"up": {"uv": [1.5, 12.968, 0.032, 11.032], "texture": "#1"},
				"down": {"uv": [1.5, 11.032, 0.032, 12.968], "texture": "#1"}
			}
		},
		{
			"from": [18.5, 25.75, -2.25],
			"to": [21.5, 27.75, 1.75],
			"rotation": {"angle": 45, "axis": "x", "origin": [29.5, 12.75, -10.25]},
			"faces": {
				"north": {"uv": [2.032, 5.032, 3.5, 5.968], "texture": "#1"},
				"east": {"uv": [2.032, 3.5, 3.968, 4.5], "texture": "#1"},
				"south": {"uv": [3.5, 5.032, 4.968, 5.968], "texture": "#1"},
				"west": {"uv": [5.032, 5.032, 6.968, 5.968], "texture": "#1"},
				"up": {"uv": [6.968, 4.968, 5.5, 3.032], "texture": "#1"},
				"down": {"uv": [5.5, 3.032, 4.032, 4.968], "texture": "#1"}
			}
		},
		{
			"from": [18.5, 27.7, 1.75],
			"to": [21.5, 27.75, 5.75],
			"rotation": {"angle": 45, "axis": "x", "origin": [0, 12.75, -10.25]},
			"faces": {
				"up": {"uv": [1.968, 6.5, 0.5, 4.5], "texture": "#1"},
				"down": {"uv": [1.968, 4.5, 0.5, 6.5], "texture": "#1"}
			}
		},
		{
			"from": [17.1, 21.65, 4.65],
			"to": [22.1, 21.7, 7.65],
			"rotation": {"angle": 22.5, "axis": "z", "origin": [30.1, 10.45, 0]},
			"faces": {
				"up": {"uv": [2.5, 13.032, 4.968, 14.5], "rotation": 180, "texture": "#1"},
				"down": {"uv": [4.968, 13.032, 2.5, 14.5], "texture": "#1"}
			}
		},
		{
			"from": [17.9, 21.65, 4.65],
			"to": [22.9, 21.7, 7.65],
			"rotation": {"angle": -22.5, "axis": "z", "origin": [9.9, 10.45, 0]},
			"faces": {
				"up": {"uv": [4.968, 13.032, 2.5, 14.5], "rotation": 180, "texture": "#1"},
				"down": {"uv": [2.5, 13.032, 4.968, 14.5], "texture": "#1"}
			}
		},
		{
			"from": [20.85, 2.45, 4.65],
			"to": [20.9, 7.45, 7.65],
			"rotation": {"angle": -45, "axis": "z", "origin": [32.1, 15.45, 0]},
			"faces": {
				"east": {"uv": [2.5, 14.5, 0.032, 15.968], "rotation": 270, "texture": "#1"},
				"west": {"uv": [0.032, 14.5, 2.5, 15.968], "rotation": 90, "texture": "#1"}
			}
		},
		{
			"from": [19.1, 2.45, 4.65],
			"to": [19.15, 7.45, 7.65],
			"rotation": {"angle": 45, "axis": "z", "origin": [7.9, 15.45, 0]},
			"faces": {
				"east": {"uv": [0.032, 15.968, 2.5, 14.5], "rotation": 90, "texture": "#1"},
				"west": {"uv": [2.5, 15.968, 0.032, 14.5], "rotation": 270, "texture": "#1"}
			}
		},
		{
			"from": [20.65, 8.15, 4.65],
			"to": [20.7, 13.15, 7.65],
			"rotation": {"angle": -22.5, "axis": "z", "origin": [31.9, 21.15, 0]},
			"faces": {
				"east": {"uv": [2.5, 13.032, 0.032, 14.5], "rotation": 270, "texture": "#1"},
				"west": {"uv": [0.032, 13.032, 2.5, 14.5], "rotation": 90, "texture": "#1"}
			}
		},
		{
			"from": [19.3, 8.15, 4.65],
			"to": [19.35, 13.15, 7.65],
			"rotation": {"angle": 22.5, "axis": "z", "origin": [8.1, 21.15, 0]},
			"faces": {
				"east": {"uv": [0.032, 14.5, 2.5, 13.032], "rotation": 90, "texture": "#1"},
				"west": {"uv": [2.5, 14.5, 0.032, 13.032], "rotation": 270, "texture": "#1"}
			}
		},
		{
			"from": [18.25, 24.75, -2.25],
			"to": [18.3, 27.75, 2.75],
			"rotation": {"angle": 45, "axis": "x", "origin": [29.5, 12.75, -10.25]},
			"faces": {
				"east": {"uv": [2.5, 0.032, 0.032, 1.5], "texture": "#1"},
				"west": {"uv": [0.032, 0.032, 2.5, 1.5], "texture": "#1"}
			}
		},
		{
			"from": [21.75, 24.75, -2.25],
			"to": [21.8, 27.75, 2.75],
			"rotation": {"angle": 45, "axis": "x", "origin": [29.5, 12.75, -10.25]},
			"faces": {
				"east": {"uv": [2.5, 0.032, 0.032, 1.5], "texture": "#1"},
				"west": {"uv": [0.032, 0.032, 2.5, 1.5], "texture": "#1"}
			}
		},
		{
			"from": [18.5, 12.175, 7.15],
			"to": [21.5, 15.175, 8.15],
			"faces": {
				"south": {"uv": [0.5, 3.032, 1.968, 4.5], "texture": "#1"},
				"down": {"uv": [1.968, 4.032, 0.5, 4.5], "texture": "#1"}
			}
		},
		{
			"from": [21.5, 15.175, 8.15],
			"to": [18.5, 12.175, 7.15],
			"faces": {
				"north": {"uv": [0.5, 4.5, 1.968, 3.032], "texture": "#1"},
				"up": {"uv": [0.5, 4.032, 1.968, 4.5], "texture": "#1"}
			}
		}
	],
	"display": {
		"gui": {
			"rotation": [30, -135, 0],
			"translation": [0, 0.75, 0],
			"scale": [0.38, 0.38, 0.38]
		},
		"head": {
			"rotation": [-9, 8, 0],
			"translation": [0, -24, 8.75],
			"scale": [1.6, 1.6, 1.6]
		}
	},
	"groups": [
		0,
		1,
		2,
		3,
		4,
		5,
		6,
		7,
		8,
		9,
		{
			"name": "crow1",
			"origin": [0, 0, 0],
			"color": 0,
			"nbt": "{}",
			"children": [
				{
					"name": "head",
					"origin": [5.5, 12.75, -10.25],
					"color": 0,
					"nbt": "{}",
					"children": [
						{
							"name": "head4",
							"origin": [5.5, 12.75, -10.25],
							"color": 0,
							"nbt": "{}",
							"children": [10, 11]
						},
						{
							"name": "head3",
							"origin": [5.5, 12.75, -10.25],
							"color": 0,
							"nbt": "{}",
							"children": [12, 13]
						},
						{
							"name": "head2",
							"origin": [5.5, 12.75, -10.25],
							"color": 0,
							"nbt": "{}",
							"children": [14, 15]
						},
						{
							"name": "head1",
							"origin": [5.5, 12.75, -10.25],
							"color": 0,
							"nbt": "{}",
							"children": [16, 17]
						}
					]
				},
				18,
				19,
				20,
				21,
				22,
				23
			]
		},
		{
			"name": "crow2",
			"origin": [0, 0, 0],
			"color": 0,
			"nbt": "{}",
			"children": [
				{
					"name": "head",
					"origin": [29.5, 12.75, -10.25],
					"color": 0,
					"nbt": "{}",
					"children": [
						{
							"name": "head3",
							"origin": [29.5, 12.75, -10.25],
							"color": 0,
							"nbt": "{}",
							"children": [24, 25]
						},
						{
							"name": "head2",
							"origin": [29.5, 12.75, -10.25],
							"color": 0,
							"nbt": "{}",
							"children": [26, 27]
						},
						{
							"name": "head1",
							"origin": [29.5, 12.75, -10.25],
							"color": 0,
							"nbt": "{}",
							"children": [28, 29]
						}
					]
				},
				{
					"name": "body",
					"origin": [29.5, 12.75, -10.25],
					"color": 0,
					"nbt": "{}",
					"children": [
						{
							"name": "body3",
							"origin": [29.5, 12.75, -10.25],
							"color": 0,
							"nbt": "{}",
							"children": [30, 31]
						},
						{
							"name": "body2",
							"origin": [29.5, 12.75, -10.25],
							"color": 0,
							"nbt": "{}",
							"children": [32, 33]
						},
						{
							"name": "body1",
							"origin": [29.5, 12.75, -10.25],
							"color": 0,
							"nbt": "{}",
							"children": [34, 35]
						}
					]
				},
				{
					"name": "wings",
					"origin": [29.5, 12.75, -10.25],
					"color": 0,
					"nbt": "{}",
					"children": [
						{
							"name": "wings4",
							"origin": [29.5, 12.75, -10.25],
							"color": 0,
							"nbt": "{}",
							"children": [36, 37]
						},
						{
							"name": "wings3",
							"origin": [29.5, 12.75, -10.25],
							"color": 0,
							"nbt": "{}",
							"children": [38, 39]
						},
						{
							"name": "wings2",
							"origin": [29.5, 12.75, -10.25],
							"color": 0,
							"nbt": "{}",
							"children": [40, 41]
						},
						{
							"name": "wings1",
							"origin": [29.5, 12.75, -10.25],
							"color": 0,
							"nbt": "{}",
							"children": [42, 43]
						}
					]
				},
				44,
				45
			]
		}
	],
	"__credit": "Generated using Animated Java (https://animated-java.dev/)"
}