{
	"credit": "Made by Ziqqy using Blockbench",
	"parent": "hideaway:display_parents/back",
	"texture_size": [32, 32],
	"textures": {
		"2": "hideaway:back/school_backpack",
		"particle": "hideaway:back/school_backpack"
	},
	"elements": [
		{
			"from": [4, 3, 10],
			"to": [12, 9, 14],
			"rotation": {"angle": 0, "axis": "y", "origin": [0, -1, 5]},
			"faces": {
				"north": {"uv": [0.016, 0.016, 3.984, 2.984], "texture": "#2", "tintindex": 0},
				"east": {"uv": [4.016, 4.016, 5.984, 6.984], "texture": "#2", "tintindex": 0},
				"south": {"uv": [0.016, 3.016, 3.984, 5.984], "texture": "#2", "tintindex": 0},
				"west": {"uv": [0.016, 6.016, 1.984, 8.984], "texture": "#2", "tintindex": 0},
				"up": {"uv": [7.984, 1.984, 4.016, 0.016], "texture": "#2", "tintindex": 0},
				"down": {"uv": [7.984, 2.016, 4.016, 3.984], "texture": "#2", "tintindex": 0}
			}
		},
		{
			"from": [5, 9, 10],
			"to": [11, 13, 13],
			"rotation": {"angle": 0, "axis": "y", "origin": [8, 11, 11.5]},
			"faces": {
				"north": {"uv": [2.016, 7.016, 4.984, 8.984], "texture": "#2", "tintindex": 0},
				"east": {"uv": [3.016, 9.016, 4.484, 10.984], "texture": "#2", "tintindex": 0},
				"south": {"uv": [8.016, 0.016, 10.984, 1.984], "texture": "#2", "tintindex": 0},
				"west": {"uv": [8.016, 9.016, 9.484, 10.984], "texture": "#2", "tintindex": 0},
				"up": {"uv": [10.984, 3.484, 8.016, 2.016], "texture": "#2", "tintindex": 0}
			}
		},
		{
			"from": [7, 10, 13.25],
			"to": [9, 12, 13.25],
			"rotation": {"angle": -45, "axis": "z", "origin": [8, 11, 13.25]},
			"faces": {
				"north": {"uv": [8.516, 11.016, 9.484, 11.984], "texture": "#2"},
				"south": {"uv": [11.016, 8.516, 11.984, 9.484], "texture": "#2"}
			}
		},
		{
			"from": [6, 12.7064, 11.29219],
			"to": [10, 14.7064, 11.29219],
			"rotation": {"angle": -45, "axis": "x", "origin": [8, 13.7064, 11.29219]},
			"faces": {
				"north": {"uv": [2.016, 6.016, 3.984, 6.984], "texture": "#2"},
				"south": {"uv": [10.516, 10.516, 12.484, 11.484], "texture": "#2"}
			}
		},
		{
			"from": [2.65015, 3.7315, 10.5],
			"to": [4.65015, 6.7315, 13.5],
			"rotation": {"angle": 22.5, "axis": "z", "origin": [3.65015, 5.2315, 12.5]},
			"faces": {
				"north": {"uv": [11.016, 0.016, 11.984, 1.484], "texture": "#2"},
				"south": {"uv": [11.016, 1.516, 11.984, 2.984], "texture": "#2"},
				"west": {"uv": [6.016, 9.516, 7.484, 10.984], "texture": "#2"},
				"up": {"uv": [3.484, 12.484, 2.516, 11.016], "texture": "#2"},
				"down": {"uv": [4.484, 11.016, 3.516, 12.484], "texture": "#2"}
			}
		},
		{
			"from": [11.34985, 3.7315, 10.5],
			"to": [13.34985, 6.7315, 13.5],
			"rotation": {"angle": -22.5, "axis": "z", "origin": [12.34985, 5.2315, 12.5]},
			"faces": {
				"north": {"uv": [4.516, 11.016, 5.484, 12.484], "texture": "#2"},
				"east": {"uv": [9.516, 9.016, 10.984, 10.484], "texture": "#2"},
				"south": {"uv": [5.516, 11.016, 6.484, 12.484], "texture": "#2"},
				"up": {"uv": [7.484, 12.484, 6.516, 11.016], "texture": "#2"},
				"down": {"uv": [8.484, 11.016, 7.516, 12.484], "texture": "#2"}
			}
		},
		{
			"from": [5, 4, 14],
			"to": [11, 8, 16],
			"rotation": {"angle": 0, "axis": "y", "origin": [8, 5, 15]},
			"faces": {
				"east": {"uv": [1.516, 10.016, 2.484, 11.984], "texture": "#2"},
				"south": {"uv": [6.016, 6.016, 8.984, 7.984], "texture": "#2"},
				"west": {"uv": [9.516, 10.516, 10.484, 12.484], "texture": "#2"},
				"up": {"uv": [10.984, 8.984, 8.016, 8.016], "texture": "#2"},
				"down": {"uv": [2.984, 9.016, 0.016, 9.984], "texture": "#2"}
			}
		},
		{
			"from": [4.75, 5.75, 13.75],
			"to": [11.25, 8.25, 16.25],
			"rotation": {"angle": 0, "axis": "y", "origin": [8, 6, 15]},
			"faces": {
				"north": {"uv": [9.016, 3.516, 11.984, 4.484], "texture": "#2"},
				"east": {"uv": [5.016, 7.016, 5.984, 7.984], "texture": "#2"},
				"south": {"uv": [9.016, 4.516, 11.984, 5.484], "texture": "#2"},
				"west": {"uv": [11.016, 7.516, 11.984, 8.484], "texture": "#2"},
				"up": {"uv": [11.984, 6.484, 9.016, 5.516], "texture": "#2"},
				"down": {"uv": [11.984, 6.516, 9.016, 7.484], "texture": "#2"}
			}
		}
	],
	"display": {
		"gui": {
			"rotation": [30, -45, 0],
			"translation": [3.5, 1.5, 0],
			"scale": [1.15, 1.15, 1.15]
		}
	}
}