{
	"credit": "Made with Blockbench",
	"parent": "hideaway:display_parents/back",
	"texture_size": [32, 32],
	"textures": {
		"1": "hideaway:back/scissor_pack",
		"particle": "hideaway:back/scissor_pack"
	},
	"elements": [
		{
			"from": [-13.5, 14.5, 12],
			"to": [-10.5, 19.5, 12],
			"rotation": {"angle": 0, "axis": "y", "origin": [-12.5, 12.5, 11]},
			"faces": {
				"north": {"uv": [9, 2, 10.5, 4.5], "texture": "#1"},
				"south": {"uv": [9, 2, 10.5, 4.5], "texture": "#1"}
			}
		},
		{
			"from": [-14.5, 10.5, 12],
			"to": [-9.5, 15.5, 12],
			"rotation": {"angle": 0, "axis": "y", "origin": [-12.5, 12.5, 11]},
			"faces": {
				"north": {"uv": [0, 6, 2.5, 8.5], "texture": "#1", "tintindex": 0},
				"south": {"uv": [0, 6, 2.5, 8.5], "texture": "#1", "tintindex": 0}
			}
		},
		{
			"from": [0, 20, 11],
			"to": [2, 23, 13],
			"rotation": {"angle": -45, "axis": "z", "origin": [-0.5, 19, 13]},
			"faces": {
				"north": {"uv": [6.5, 10, 7.5, 11.5], "texture": "#1", "tintindex": 0},
				"east": {"uv": [6.5, 10, 7.5, 11.5], "texture": "#1", "tintindex": 0},
				"south": {"uv": [6.5, 10, 7.5, 11.5], "texture": "#1", "tintindex": 0},
				"west": {"uv": [6.5, 10, 7.5, 11.5], "texture": "#1", "tintindex": 0}
			}
		},
		{
			"from": [-5, 23, 11],
			"to": [2, 25, 13],
			"rotation": {"angle": -45, "axis": "z", "origin": [-0.5, 19, 13]},
			"faces": {
				"north": {"uv": [12, 7, 8.5, 8], "texture": "#1", "tintindex": 0},
				"east": {"uv": [10.5, 3.5, 11.5, 4.5], "texture": "#1", "tintindex": 0},
				"south": {"uv": [8.5, 7, 12, 8], "texture": "#1", "tintindex": 0},
				"west": {"uv": [4, 11, 5, 12], "texture": "#1", "tintindex": 0},
				"up": {"uv": [7.5, 10, 4, 9], "texture": "#1", "tintindex": 0},
				"down": {"uv": [12.5, 4.5, 9, 5.5], "texture": "#1", "tintindex": 0}
			}
		},
		{
			"from": [-5, 20, 11],
			"to": [-3, 23, 13],
			"rotation": {"angle": -45, "axis": "z", "origin": [-0.5, 19, 13]},
			"faces": {
				"north": {"uv": [1, 10.5, 2, 12], "texture": "#1", "tintindex": 0},
				"east": {"uv": [0, 10.5, 1, 12], "texture": "#1", "tintindex": 0},
				"south": {"uv": [1, 10.5, 2, 12], "texture": "#1", "tintindex": 0},
				"west": {"uv": [1, 10.5, 2, 12], "texture": "#1", "tintindex": 0}
			}
		},
		{
			"from": [-5, 18, 11],
			"to": [7, 20, 13],
			"rotation": {"angle": -45, "axis": "z", "origin": [-0.5, 19, 13]},
			"faces": {
				"north": {"uv": [8.5, 6, 2.5, 7], "texture": "#1", "tintindex": 0},
				"east": {"uv": [5, 11, 6, 12], "texture": "#1", "tintindex": 0},
				"south": {"uv": [2.5, 6, 8.5, 7], "texture": "#1", "tintindex": 0},
				"west": {"uv": [7.5, 11, 8.5, 12], "texture": "#1", "tintindex": 0},
				"up": {"uv": [8.5, 8, 2.5, 7], "texture": "#1", "tintindex": 0}
			}
		},
		{
			"from": [-7, 23, 12],
			"to": [-5, 25, 12],
			"rotation": {"angle": -45, "axis": "z", "origin": [-0.5, 19, 13]},
			"faces": {
				"north": {"uv": [12, 9, 11, 10], "texture": "#1", "tintindex": 0},
				"south": {"uv": [11, 9, 12, 10], "texture": "#1", "tintindex": 0}
			}
		},
		{
			"from": [2, 13, 11],
			"to": [4, 16, 13],
			"rotation": {"angle": -45, "axis": "z", "origin": [-0.5, 19, 13]},
			"faces": {
				"north": {"uv": [9, 10.5, 10, 12], "texture": "#1", "tintindex": 0},
				"east": {"uv": [9, 10.5, 10, 12], "texture": "#1", "tintindex": 0},
				"south": {"uv": [9, 10.5, 10, 12], "texture": "#1", "tintindex": 0},
				"west": {"uv": [9, 10.5, 10, 12], "texture": "#1", "tintindex": 0}
			}
		},
		{
			"from": [-7, 16, 11],
			"to": [7, 18, 13],
			"rotation": {"angle": -45, "axis": "z", "origin": [-0.5, 19, 13]},
			"faces": {
				"north": {"uv": [9, 2, 2, 3], "texture": "#1", "tintindex": 0},
				"east": {"uv": [11, 10, 12, 11], "texture": "#1", "tintindex": 0},
				"south": {"uv": [2, 2, 9, 3], "texture": "#1", "tintindex": 0},
				"west": {"uv": [11, 11, 12, 12], "texture": "#1", "tintindex": 0},
				"up": {"uv": [9, 4, 2, 3], "texture": "#1", "tintindex": 0},
				"down": {"uv": [9, 4, 2, 5], "texture": "#1", "tintindex": 0}
			}
		},
		{
			"from": [-7, 11, 11],
			"to": [4, 13, 13],
			"rotation": {"angle": -45, "axis": "z", "origin": [-0.5, 19, 13]},
			"faces": {
				"north": {"uv": [8, 8, 2.5, 9], "texture": "#1", "tintindex": 0},
				"east": {"uv": [11.5, 2, 12.5, 3], "texture": "#1", "tintindex": 0},
				"south": {"uv": [2.5, 8, 8, 9], "texture": "#1", "tintindex": 0},
				"west": {"uv": [11.5, 3, 12.5, 4], "texture": "#1", "tintindex": 0},
				"up": {"uv": [13.5, 9, 8, 8], "texture": "#1", "tintindex": 0},
				"down": {"uv": [14, 6, 8.5, 7], "texture": "#1", "tintindex": 0}
			}
		},
		{
			"from": [-7, 13, 11],
			"to": [-5, 16, 13],
			"rotation": {"angle": -45, "axis": "z", "origin": [-0.5, 19, 13]},
			"faces": {
				"north": {"uv": [2, 9, 3, 10.5], "texture": "#1", "tintindex": 0},
				"east": {"uv": [10, 10.5, 11, 12], "texture": "#1", "tintindex": 0},
				"south": {"uv": [2, 9, 3, 10.5], "texture": "#1", "tintindex": 0},
				"west": {"uv": [3, 9, 4, 10.5], "texture": "#1", "tintindex": 0}
			}
		},
		{
			"from": [-11, 10, 12],
			"to": [-7, 18, 12],
			"rotation": {"angle": -45, "axis": "z", "origin": [-0.5, 19, 13]},
			"faces": {
				"north": {"uv": [2, 2, 0, 6], "texture": "#1", "tintindex": 0},
				"east": {"uv": [0, 0, 0, 4], "texture": "#1", "tintindex": 0},
				"south": {"uv": [0, 2, 2, 6], "texture": "#1", "tintindex": 0},
				"west": {"uv": [0, 0, 0, 4], "texture": "#1", "tintindex": 0},
				"up": {"uv": [2, 0, 0, 0], "texture": "#1", "tintindex": 0},
				"down": {"uv": [2, 0, 0, 0], "texture": "#1", "tintindex": 0}
			}
		},
		{
			"from": [7, 16, 12],
			"to": [31, 20, 12],
			"rotation": {"angle": -45, "axis": "z", "origin": [-0.5, 19, 13]},
			"faces": {
				"north": {"uv": [12, 0, 0, 2], "texture": "#1"},
				"south": {"uv": [0, 0, 12, 2], "texture": "#1"}
			}
		},
		{
			"from": [4.26041, 10.82538, 12.5],
			"to": [6.26041, 12.82538, 12.5],
			"rotation": {"angle": 0, "axis": "y", "origin": [5.26041, 11.82538, 12.5]},
			"faces": {
				"east": {"uv": [0, 0, 0, 1], "texture": "#1"},
				"south": {"uv": [0, 12, 1, 13], "texture": "#1"},
				"west": {"uv": [0, 0, 0, 1], "texture": "#1"},
				"up": {"uv": [1, 0, 0, 0], "texture": "#1"},
				"down": {"uv": [1, 0, 0, 0], "texture": "#1"}
			}
		},
		{
			"from": [11, 16, 10.5],
			"to": [15, 20, 13.5],
			"rotation": {"angle": -45, "axis": "z", "origin": [-0.5, 19, 13.5]},
			"faces": {
				"north": {"uv": [2, 8.5, 0, 10.5], "texture": "#1", "tintindex": 0},
				"east": {"uv": [7.5, 9, 9, 11], "texture": "#1", "tintindex": 0},
				"south": {"uv": [0, 8.5, 2, 10.5], "texture": "#1", "tintindex": 0},
				"west": {"uv": [7.5, 9, 9, 11], "texture": "#1", "tintindex": 0},
				"up": {"uv": [11, 10.5, 9, 9], "texture": "#1", "tintindex": 0},
				"down": {"uv": [11, 10.5, 9, 9], "texture": "#1", "tintindex": 0}
			}
		},
		{
			"from": [5, 17, 5.5],
			"to": [19, 19, 5.5],
			"rotation": {"angle": -45, "axis": "z", "origin": [-0.5, 19, 11.5]},
			"faces": {
				"north": {"uv": [2, 5, 9, 6], "texture": "#1", "tintindex": 0}
			}
		},
		{
			"from": [12, 17, 5],
			"to": [14, 19, 5],
			"rotation": {"angle": -45, "axis": "z", "origin": [-0.5, 19, 11.5]},
			"faces": {
				"north": {"uv": [12, 0, 13, 1], "texture": "#1"}
			}
		},
		{
			"from": [15, 16, 5],
			"to": [16, 20, 5],
			"rotation": {"angle": -45, "axis": "z", "origin": [-0.5, 19, 11.5]},
			"faces": {
				"north": {"uv": [8.5, 11, 9, 13], "texture": "#1"},
				"east": {"uv": [0, 0, 0, 2], "texture": "#1"},
				"west": {"uv": [0, 0, 0, 2], "texture": "#1"},
				"up": {"uv": [0.5, 0, 0, 0], "texture": "#1"},
				"down": {"uv": [0.5, 0, 0, 0], "texture": "#1"}
			}
		},
		{
			"from": [5, 17, 10.5],
			"to": [19, 19, 10.5],
			"rotation": {"angle": -45, "axis": "z", "origin": [-0.5, 19, 10.5]},
			"faces": {
				"south": {"uv": [2, 5, 9, 6], "texture": "#1", "tintindex": 0}
			}
		},
		{
			"from": [19, 17, 5.5],
			"to": [19, 19, 10.5],
			"rotation": {"angle": -45, "axis": "z", "origin": [-0.5, 19, 10.5]},
			"faces": {
				"east": {"uv": [4, 10, 6.5, 11], "texture": "#1", "tintindex": 0}
			}
		},
		{
			"from": [5, 17, 5.5],
			"to": [5, 19, 10.5],
			"rotation": {"angle": -45, "axis": "z", "origin": [-0.5, 19, 10.5]},
			"faces": {
				"west": {"uv": [4, 10, 6.5, 11], "texture": "#1", "tintindex": 0}
			}
		}
	],
	"display": {
		"thirdperson_righthand": {
			"rotation": [-66.38, 72.17, -163.5],
			"translation": [-7.5, 11.5, -5]
		},
		"gui": {
			"rotation": [30, 43, 0],
			"scale": [0.5, 0.5, 0.5]
		}
	},
	"groups": [
		{
			"name": "group",
			"origin": [0, 14, 0],
			"color": 0,
			"nbt": "{}",
			"children": [
				0,
				1,
				{
					"name": "group",
					"origin": [0, 2, 0],
					"color": 0,
					"nbt": "{}",
					"children": [2, 3, 4, 5, 6]
				},
				{
					"name": "group",
					"origin": [0, 2, 0],
					"color": 0,
					"nbt": "{}",
					"children": [7, 8, 9, 10, 11]
				},
				12,
				13,
				14,
				{
					"name": "group",
					"origin": [-0.5, 19, 11],
					"color": 0,
					"nbt": "{}",
					"children": [15, 16, 17, 18, 19, 20]
				}
			]
		}
	]
}