{
	"credit": "Made with Blockbench",
	"parent": "hideaway:display_parents/back",
	"texture_size": [32, 32],
	"textures": {
		"3": "hideaway:back/scuba_tank",
		"particle": "hideaway:back/scuba_tank"
	},
	"elements": [
		{
			"from": [10, 11, 11.5],
			"to": [12, 13, 13.5],
			"rotation": {"angle": 0, "axis": "y", "origin": [9.5, 5.5, 8.5]},
			"faces": {
				"north": {"uv": [6.016, 2.016, 6.984, 2.984], "texture": "#3"},
				"east": {"uv": [6.016, 2.016, 6.984, 2.984], "texture": "#3"},
				"south": {"uv": [6.016, 2.016, 6.984, 2.984], "texture": "#3"},
				"west": {"uv": [6.016, 2.016, 6.984, 2.984], "texture": "#3"},
				"up": {"uv": [6.984, 3.984, 6.016, 3.016], "texture": "#3"}
			}
		},
		{
			"from": [12, 3, 12.5],
			"to": [19, 13, 12.5],
			"rotation": {"angle": -22.5, "axis": "y", "origin": [12, 12, 12.5]},
			"faces": {
				"north": {"uv": [0.016, 0.016, 3.484, 4.984], "texture": "#3"},
				"south": {"uv": [3.484, 0.016, 0.016, 4.984], "texture": "#3"}
			}
		},
		{
			"from": [9.75, 11.75, 11.25],
			"to": [12.25, 13.25, 13.75],
			"rotation": {"angle": 0, "axis": "y", "origin": [9.5, 6.5, 8.5]},
			"faces": {
				"north": {"uv": [2.516, 5.016, 3.484, 5.484], "texture": "#3"},
				"east": {"uv": [6.016, 4.016, 6.984, 4.484], "texture": "#3"},
				"south": {"uv": [6.016, 4.516, 6.984, 4.984], "texture": "#3"},
				"west": {"uv": [6.984, 4.016, 6.016, 4.484], "texture": "#3"}
			}
		},
		{
			"from": [2, 2, 9.5],
			"to": [14, 4, 15.5],
			"rotation": {"angle": 0, "axis": "y", "origin": [7.25, 6.75, 8.25]},
			"faces": {
				"north": {"uv": [5.016, 5.516, 10.984, 6.484], "texture": "#3"},
				"east": {"uv": [8.984, 0.016, 6.016, 0.984], "texture": "#3"},
				"south": {"uv": [10.984, 5.516, 5.016, 6.484], "texture": "#3"},
				"west": {"uv": [6.016, 0.016, 8.984, 0.984], "texture": "#3"}
			}
		},
		{
			"from": [2, 7.75, 9.5],
			"to": [14, 8.75, 15.5],
			"rotation": {"angle": 0, "axis": "y", "origin": [7.25, 12.5, 8.25]},
			"faces": {
				"north": {"uv": [6.016, 1.016, 11.984, 1.484], "texture": "#3"},
				"east": {"uv": [8.984, 1.516, 6.016, 1.984], "texture": "#3"},
				"south": {"uv": [11.984, 1.016, 6.016, 1.484], "texture": "#3"},
				"west": {"uv": [6.016, 1.516, 8.984, 1.984], "texture": "#3"}
			}
		},
		{
			"from": [8.5, 0, 10],
			"to": [13.5, 11, 15],
			"rotation": {"angle": 0, "axis": "y", "origin": [11, 5.5, 12.5]},
			"faces": {
				"north": {"uv": [3.516, 0.016, 5.984, 5.484], "texture": "#3", "tintindex": 0},
				"east": {"uv": [3.516, 0.016, 5.984, 5.484], "texture": "#3", "tintindex": 0},
				"south": {"uv": [3.516, 0.016, 5.984, 5.484], "texture": "#3", "tintindex": 0},
				"west": {"uv": [3.516, 0.016, 5.984, 5.484], "texture": "#3", "tintindex": 0},
				"up": {"uv": [2.484, 7.484, 0.016, 5.016], "texture": "#3", "tintindex": 0},
				"down": {"uv": [4.984, 5.516, 2.516, 7.984], "texture": "#3", "tintindex": 0}
			}
		},
		{
			"from": [2.5, 0, 10],
			"to": [7.5, 11, 15],
			"rotation": {"angle": 0, "axis": "y", "origin": [5, 5.5, 12.5]},
			"faces": {
				"north": {"uv": [5.984, 0.016, 3.516, 5.484], "texture": "#3", "tintindex": 0},
				"east": {"uv": [5.984, 0.016, 3.516, 5.484], "texture": "#3", "tintindex": 0},
				"south": {"uv": [5.984, 0.016, 3.516, 5.484], "texture": "#3", "tintindex": 0},
				"west": {"uv": [5.984, 0.016, 3.516, 5.484], "texture": "#3", "tintindex": 0},
				"up": {"uv": [0.016, 7.484, 2.484, 5.016], "texture": "#3", "tintindex": 0},
				"down": {"uv": [2.516, 5.516, 4.984, 7.984], "texture": "#3", "tintindex": 0}
			}
		},
		{
			"from": [4, 11, 11.5],
			"to": [6, 13, 13.5],
			"rotation": {"angle": 0, "axis": "y", "origin": [6.5, 5.5, 8.5]},
			"faces": {
				"north": {"uv": [6.984, 2.016, 6.016, 2.984], "texture": "#3"},
				"east": {"uv": [6.984, 2.016, 6.016, 2.984], "texture": "#3"},
				"south": {"uv": [6.984, 2.016, 6.016, 2.984], "texture": "#3"},
				"west": {"uv": [6.984, 2.016, 6.016, 2.984], "texture": "#3"},
				"up": {"uv": [6.016, 3.984, 6.984, 3.016], "texture": "#3"}
			}
		},
		{
			"from": [3.75, 11.75, 11.25],
			"to": [6.25, 13.25, 13.75],
			"rotation": {"angle": 0, "axis": "y", "origin": [6.5, 6.5, 8.5]},
			"faces": {
				"north": {"uv": [3.484, 5.016, 2.516, 5.484], "texture": "#3"},
				"east": {"uv": [6.016, 4.016, 6.984, 4.484], "texture": "#3"},
				"south": {"uv": [6.984, 4.516, 6.016, 4.984], "texture": "#3"},
				"west": {"uv": [6.984, 4.016, 6.016, 4.484], "texture": "#3"}
			}
		},
		{
			"from": [-3, 3, 12.5],
			"to": [4, 13, 12.5],
			"rotation": {"angle": 22.5, "axis": "y", "origin": [4, 12, 12.5]},
			"faces": {
				"north": {"uv": [3.484, 0.016, 0.016, 4.984], "texture": "#3"},
				"south": {"uv": [0.016, 0.016, 3.484, 4.984], "texture": "#3"}
			}
		}
	],
	"display": {
		"gui": {
			"rotation": [30, 45, 0],
			"translation": [-3.5, 2.5, 0],
			"scale": [0.82, 0.82, 0.82]
		}
	},
	"__credit": "Generated using Animated Java (https://animated-java.dev/)"
}