{
	"credit": "Made by CookiesNom with Blockbench",
	"parent": "hideaway:display_parents/back",
	"texture_size": [32, 32],
	"textures": {
		"0": "hideaway:back/shark_fin",
		"particle": "hideaway:back/shark_fin"
	},
	"elements": [
		{
			"from": [5, 4, 10],
			"to": [11, 9, 14],
			"rotation": {"angle": 0, "axis": "y", "origin": [0, -8, 0]},
			"faces": {
				"north": {"uv": [0.016, 5.516, 2.984, 7.984], "texture": "#0"},
				"east": {"uv": [2.016, 8.016, 3.984, 10.484], "texture": "#0"},
				"south": {"uv": [3.016, 5.516, 5.984, 7.984], "texture": "#0"},
				"west": {"uv": [8.016, 3.016, 9.984, 5.484], "texture": "#0"},
				"up": {"uv": [8.984, 7.484, 6.016, 5.516], "texture": "#0"},
				"down": {"uv": [8.984, 7.516, 6.016, 9.484], "texture": "#0"}
			}
		},
		{
			"from": [6, 4.88372, 12.92911],
			"to": [10, 7.88372, 18.92911],
			"rotation": {"angle": -22.5, "axis": "x", "origin": [8, 7.38372, 13.42911]},
			"faces": {
				"east": {"uv": [9.016, 5.516, 11.984, 6.984], "texture": "#0"},
				"south": {"uv": [9.016, 8.516, 10.984, 9.984], "texture": "#0"},
				"west": {"uv": [9.016, 7.016, 11.984, 8.484], "texture": "#0"},
				"up": {"uv": [1.984, 10.984, 0.016, 8.016], "texture": "#0"},
				"down": {"uv": [9.984, 0.016, 8.016, 2.984], "texture": "#0"}
			}
		},
		{
			"from": [7, 10.21432, 16.38137],
			"to": [9, 11.21432, 20.38137],
			"rotation": {"angle": -45, "axis": "x", "origin": [8, 10.71432, 20.88137]},
			"faces": {
				"east": {"uv": [10.016, 0.016, 11.984, 0.484], "texture": "#0"},
				"south": {"uv": [10.516, 1.016, 11.484, 1.484], "texture": "#0"},
				"west": {"uv": [10.016, 0.516, 11.984, 0.984], "texture": "#0"},
				"up": {"uv": [7.984, 11.484, 7.016, 9.516], "texture": "#0"},
				"down": {"uv": [8.984, 9.516, 8.016, 11.484], "texture": "#0"}
			}
		},
		{
			"from": [7.5, 9.21432, 19.38137],
			"to": [8.5, 12.21432, 22.38137],
			"rotation": {"angle": -45, "axis": "x", "origin": [8, 10.71432, 20.88137]},
			"faces": {
				"north": {"uv": [10.016, 1.016, 10.484, 2.484], "texture": "#0"},
				"east": {"uv": [4.016, 9.516, 5.484, 10.984], "texture": "#0"},
				"south": {"uv": [10.016, 2.516, 10.484, 3.984], "texture": "#0"},
				"west": {"uv": [5.516, 9.516, 6.984, 10.984], "texture": "#0"},
				"up": {"uv": [10.484, 5.484, 10.016, 4.016], "texture": "#0"},
				"down": {"uv": [9.484, 10.016, 9.016, 11.484], "texture": "#0"}
			}
		},
		{
			"from": [8, 5.21432, 20.38137],
			"to": [8, 16.21432, 28.38137],
			"rotation": {"angle": -45, "axis": "x", "origin": [8, 10.71432, 20.88137]},
			"faces": {
				"east": {"uv": [0.016, 0.016, 3.984, 5.484], "texture": "#0"},
				"west": {"uv": [4.016, 0.016, 7.984, 5.484], "texture": "#0"}
			}
		}
	],
	"display": {
		"thirdperson_righthand": {
			"rotation": [-59, 0, 0],
			"translation": [0, -9.25, -4.5]
		},
		"thirdperson_lefthand": {
			"rotation": [-59, 0, 0],
			"translation": [0, -9.25, -4.5]
		},
		"firstperson_righthand": {
			"rotation": [78, -180, 0],
			"translation": [1.25, -7.75, 1.25]
		},
		"firstperson_lefthand": {
			"rotation": [78, -180, 0],
			"translation": [1.25, -7.75, 1.25]
		},
		"gui": {
			"rotation": [30, 45, 0],
			"translation": [-6.75, 1.25, 0]
		}
	}
}