{
	"credit": "Made with Blockbench",
	"parent": "hideaway:display_parents/back",
	"texture_size": [32, 32],
	"textures": {
		"0": "hideaway:back/shrimp_tail",
		"particle": "hideaway:back/shrimp_tail"
	},
	"elements": [
		{
			"from": [5, 2, 10],
			"to": [11, 7, 14],
			"faces": {
				"north": {"uv": [6, 0, 9, 2.5], "texture": "#0"},
				"east": {"uv": [0, 5, 2, 7.5], "texture": "#0"},
				"south": {"uv": [6, 2.5, 9, 5], "texture": "#0"},
				"west": {"uv": [2, 5, 0, 7.5], "texture": "#0"},
				"up": {"uv": [9, 7, 6, 5], "texture": "#0"},
				"down": {"uv": [9, 7, 6, 9], "texture": "#0"}
			}
		},
		{
			"from": [6, -0.83834, 16.14909],
			"to": [10, 4.16166, 19.14909],
			"rotation": {"angle": -22.5, "axis": "x", "origin": [8, 0.66166, 17.64909]},
			"faces": {
				"north": {"uv": [4, 8, 6, 10.5], "texture": "#0"},
				"east": {"uv": [0, 10.5, 1.5, 13], "texture": "#0"},
				"south": {"uv": [0, 8, 2, 10.5], "texture": "#0"},
				"west": {"uv": [1.5, 10.5, 3, 13], "texture": "#0"},
				"up": {"uv": [5, 12, 3, 10.5], "texture": "#0"},
				"down": {"uv": [4, 5, 2, 6.5], "texture": "#0"}
			}
		},
		{
			"from": [5.8, 1.07269, 13.45642],
			"to": [10.2, 5.47269, 17.85642],
			"rotation": {"angle": 22.5, "axis": "x", "origin": [7, 4.77269, 15.65642]},
			"faces": {
				"north": {"uv": [9, 2.5, 11, 4.5], "texture": "#0"},
				"east": {"uv": [9, 4.5, 11, 6.5], "texture": "#0"},
				"south": {"uv": [6, 9, 8, 11], "texture": "#0"},
				"west": {"uv": [9, 6.5, 11, 8.5], "texture": "#0"},
				"up": {"uv": [10, 11, 8, 9], "texture": "#0"},
				"down": {"uv": [6, 6, 4, 8], "texture": "#0"}
			}
		},
		{
			"from": [2, -6.50141, 18.87128],
			"to": [14, 1.49859, 18.87128],
			"rotation": {"angle": -22.5, "axis": "x", "origin": [11, -3.00141, 21.87128]},
			"faces": {
				"north": {"uv": [0.016, 0.016, 5.984, 3.984], "texture": "#0"},
				"east": {"uv": [0.016, 0.016, 0.016, 3.984], "texture": "#0"},
				"south": {"uv": [0.016, 0.016, 5.984, 3.984], "texture": "#0"},
				"west": {"uv": [0.016, 0.016, 0.016, 3.984], "texture": "#0"},
				"up": {"uv": [5.984, 0.016, 0.016, 0.016], "texture": "#0"},
				"down": {"uv": [5.984, 0.016, 0.016, 0.016], "texture": "#0"}
			}
		}
	],
	"display": {
		"gui": {
			"rotation": [30, 35, 0],
			"translation": [-3.75, 8, 0],
			"scale": [0.78, 0.78, 0.78]
		}
	},
	"__credit": "Generated using Animated Java (https://animated-java.dev/)"
}