{
	"credit": "Made by CookiesNom with Blockbench",
	"parent": "hideaway:display_parents/back",
	"texture_size": [32, 32],
	"textures": {
		"2": "hideaway:back/skateboard_1",
		"particle": "hideaway:back/skateboard_1"
	},
	"elements": [
		{
			"name": "boardcolor",
			"from": [5.25, 13.86627, 10.32769],
			"to": [10.75, 15.86627, 10.82769],
			"rotation": {"angle": -22.5, "axis": "x", "origin": [8, 14.36627, 10.57769]},
			"faces": {
				"north": {"uv": [11.984, 0.984, 9.016, 0.016], "rotation": 180, "texture": "#2", "tintindex": 0},
				"east": {"uv": [12.016, 4.016, 12.984, 4.484], "rotation": 90, "texture": "#2", "tintindex": 0},
				"south": {"uv": [11.984, 1.016, 9.016, 1.984], "texture": "#2", "tintindex": 0},
				"west": {"uv": [4.516, 12.016, 5.484, 12.484], "rotation": 270, "texture": "#2", "tintindex": 0},
				"up": {"uv": [9.016, 7.016, 11.984, 7.484], "texture": "#2", "tintindex": 0},
				"down": {"uv": [9.016, 6.516, 11.984, 6.984], "rotation": 180, "texture": "#2", "tintindex": 0}
			}
		},
		{
			"name": "boardcolor",
			"from": [5.25, 0.13373, 10.32769],
			"to": [10.75, 2.13373, 10.82769],
			"rotation": {"angle": 22.5, "axis": "x", "origin": [8, 1.63373, 10.57769]},
			"faces": {
				"north": {"uv": [11.984, 2.984, 9.016, 2.016], "rotation": 180, "texture": "#2", "tintindex": 0},
				"east": {"uv": [12.016, 4.516, 12.984, 4.984], "rotation": 90, "texture": "#2", "tintindex": 0},
				"south": {"uv": [5.984, 9.016, 3.016, 9.984], "texture": "#2", "tintindex": 0},
				"west": {"uv": [12.016, 5.016, 12.984, 5.484], "rotation": 270, "texture": "#2", "tintindex": 0},
				"up": {"uv": [9.016, 8.016, 11.984, 8.484], "texture": "#2", "tintindex": 0},
				"down": {"uv": [9.016, 7.516, 11.984, 7.984], "rotation": 180, "texture": "#2", "tintindex": 0}
			}
		},
		{
			"name": "boardcolor",
			"from": [5.25, 2, 10.5],
			"to": [10.75, 14, 11],
			"rotation": {"angle": 0, "axis": "y", "origin": [-0.75, -2, 12]},
			"faces": {
				"north": {"uv": [2.984, 11.984, 0.016, 6.016], "rotation": 180, "texture": "#2", "tintindex": 0},
				"east": {"uv": [9.016, 3.016, 14.984, 3.484], "rotation": 90, "texture": "#2", "tintindex": 0},
				"south": {"uv": [8.984, 0.016, 6.016, 5.984], "texture": "#2", "tintindex": 0},
				"west": {"uv": [9.016, 3.516, 14.984, 3.984], "rotation": 270, "texture": "#2", "tintindex": 0},
				"up": {"uv": [9.016, 9.016, 11.984, 9.484], "texture": "#2", "tintindex": 0},
				"down": {"uv": [9.016, 8.516, 11.984, 8.984], "rotation": 180, "texture": "#2", "tintindex": 0}
			}
		},
		{
			"name": "wheels",
			"from": [10.25, 2.75, 11.5],
			"to": [10.75, 4.25, 13],
			"rotation": {"angle": 0, "axis": "y", "origin": [17, -0.25, 12]},
			"faces": {
				"north": {"uv": [2.484, 12.984, 2.016, 12.016], "rotation": 180, "texture": "#2", "tintindex": 0},
				"east": {"uv": [6.016, 11.016, 6.984, 11.984], "rotation": 90, "texture": "#2", "tintindex": 0},
				"south": {"uv": [12.484, 2.016, 12.016, 2.984], "texture": "#2", "tintindex": 0},
				"west": {"uv": [7.016, 11.016, 7.984, 11.984], "rotation": 270, "texture": "#2", "tintindex": 0},
				"up": {"uv": [1.516, 12.016, 1.984, 12.984], "texture": "#2", "tintindex": 0},
				"down": {"uv": [12.016, 1.016, 12.484, 1.984], "rotation": 180, "texture": "#2", "tintindex": 0}
			}
		},
		{
			"name": "wheels",
			"from": [5.25, 2.75, 11.5],
			"to": [5.75, 4.25, 13],
			"rotation": {"angle": 0, "axis": "y", "origin": [-1, -0.25, 12]},
			"faces": {
				"north": {"uv": [3.984, 12.984, 3.516, 12.016], "rotation": 180, "texture": "#2", "tintindex": 0},
				"east": {"uv": [8.016, 11.016, 8.984, 11.984], "rotation": 90, "texture": "#2", "tintindex": 0},
				"south": {"uv": [4.484, 12.016, 4.016, 12.984], "texture": "#2", "tintindex": 0},
				"west": {"uv": [9.016, 11.016, 9.984, 11.984], "rotation": 270, "texture": "#2", "tintindex": 0},
				"up": {"uv": [3.016, 12.016, 3.484, 12.984], "texture": "#2", "tintindex": 0},
				"down": {"uv": [2.516, 12.016, 2.984, 12.984], "rotation": 180, "texture": "#2", "tintindex": 0}
			}
		},
		{
			"name": "wheels",
			"from": [10.25, 11.75, 11.5],
			"to": [10.75, 13.25, 13],
			"rotation": {"angle": 0, "axis": "y", "origin": [17, 16.25, 12]},
			"faces": {
				"north": {"uv": [0.984, 12.984, 0.516, 12.016], "rotation": 180, "texture": "#2", "tintindex": 0},
				"east": {"uv": [4.016, 11.016, 4.984, 11.984], "rotation": 90, "texture": "#2", "tintindex": 0},
				"south": {"uv": [1.484, 12.016, 1.016, 12.984], "texture": "#2", "tintindex": 0},
				"west": {"uv": [5.016, 11.016, 5.984, 11.984], "rotation": 270, "texture": "#2", "tintindex": 0},
				"up": {"uv": [12.016, 0.016, 12.484, 0.984], "texture": "#2", "tintindex": 0},
				"down": {"uv": [0.016, 12.016, 0.484, 12.984], "rotation": 180, "texture": "#2", "tintindex": 0}
			}
		},
		{
			"name": "wheels",
			"from": [5.25, 11.75, 11.5],
			"to": [5.75, 13.25, 13],
			"rotation": {"angle": 0, "axis": "y", "origin": [-1, 16.25, 12]},
			"faces": {
				"north": {"uv": [11.984, 10.984, 11.516, 10.016], "rotation": 180, "texture": "#2", "tintindex": 0},
				"east": {"uv": [10.516, 10.016, 11.484, 10.984], "rotation": 90, "texture": "#2", "tintindex": 0},
				"south": {"uv": [10.984, 11.516, 10.516, 12.484], "texture": "#2", "tintindex": 0},
				"west": {"uv": [3.016, 11.016, 3.984, 11.984], "rotation": 270, "texture": "#2", "tintindex": 0},
				"up": {"uv": [10.016, 11.516, 10.484, 12.484], "texture": "#2", "tintindex": 0},
				"down": {"uv": [11.016, 11.016, 11.484, 11.984], "rotation": 180, "texture": "#2", "tintindex": 0}
			}
		},
		{
			"name": "board",
			"from": [5.25, 13.86627, 10.32769],
			"to": [10.75, 15.86627, 10.82769],
			"rotation": {"angle": -22.5, "axis": "x", "origin": [8, 14.36627, 10.57769]},
			"faces": {
				"north": {"uv": [5.984, 8.984, 3.016, 8.016], "rotation": 180, "texture": "#2"},
				"east": {"uv": [11.516, 11.016, 12.484, 11.484], "rotation": 90, "texture": "#2"},
				"south": {"uv": [8.984, 8.016, 6.016, 8.984], "texture": "#2"},
				"west": {"uv": [11.516, 11.516, 12.484, 11.984], "rotation": 270, "texture": "#2"},
				"up": {"uv": [9.016, 6.016, 11.984, 6.484], "texture": "#2"},
				"down": {"uv": [6.016, 9.016, 8.984, 9.484], "rotation": 180, "texture": "#2"}
			}
		},
		{
			"name": "board",
			"from": [5.25, 2, 10.5],
			"to": [10.75, 14, 11],
			"rotation": {"angle": 0, "axis": "y", "origin": [-0.75, -2, 14]},
			"faces": {
				"north": {"uv": [2.984, 5.984, 0.016, 0.016], "rotation": 180, "texture": "#2"},
				"east": {"uv": [3.016, 6.016, 8.984, 6.484], "rotation": 90, "texture": "#2"},
				"south": {"uv": [5.984, 0.016, 3.016, 5.984], "texture": "#2"},
				"west": {"uv": [3.016, 6.516, 8.984, 6.984], "rotation": 270, "texture": "#2"},
				"up": {"uv": [9.016, 4.516, 11.984, 4.984], "texture": "#2"},
				"down": {"uv": [9.016, 4.016, 11.984, 4.484], "rotation": 180, "texture": "#2"}
			}
		},
		{
			"name": "board",
			"from": [5.25, 0.13373, 10.32769],
			"to": [10.75, 2.13373, 10.82769],
			"rotation": {"angle": 22.5, "axis": "x", "origin": [8, 1.63373, 10.57769]},
			"faces": {
				"north": {"uv": [5.984, 7.984, 3.016, 7.016], "rotation": 180, "texture": "#2"},
				"east": {"uv": [11.016, 9.516, 11.984, 9.984], "rotation": 90, "texture": "#2"},
				"south": {"uv": [8.984, 7.016, 6.016, 7.984], "texture": "#2"},
				"west": {"uv": [10.016, 11.016, 10.984, 11.484], "rotation": 270, "texture": "#2"},
				"up": {"uv": [9.016, 5.516, 11.984, 5.984], "texture": "#2"},
				"down": {"uv": [9.016, 5.016, 11.984, 5.484], "rotation": 180, "texture": "#2"}
			}
		},
		{
			"from": [5.75, 3.25, 12],
			"to": [10.25, 3.75, 12.5],
			"rotation": {"angle": 0, "axis": "y", "origin": [-1, -0.25, 12]},
			"faces": {
				"north": {"uv": [7.984, 10.984, 5.516, 10.516], "rotation": 180, "texture": "#2"},
				"east": {"uv": [7.516, 12.016, 7.984, 12.484], "rotation": 90, "texture": "#2"},
				"south": {"uv": [10.484, 10.516, 8.016, 10.984], "texture": "#2"},
				"west": {"uv": [12.016, 7.516, 12.484, 7.984], "rotation": 270, "texture": "#2"},
				"up": {"uv": [3.016, 10.516, 5.484, 10.984], "texture": "#2"},
				"down": {"uv": [8.016, 10.016, 10.484, 10.484], "rotation": 180, "texture": "#2"}
			}
		},
		{
			"from": [7.5, 3.25, 11],
			"to": [8.5, 3.75, 12],
			"rotation": {"angle": 0, "axis": "y", "origin": [-1, -0.25, 12]},
			"faces": {
				"north": {"uv": [9.484, 12.484, 9.016, 12.016], "rotation": 180, "texture": "#2"},
				"east": {"uv": [12.016, 8.016, 12.484, 8.484], "rotation": 90, "texture": "#2"},
				"south": {"uv": [12.484, 9.016, 12.016, 9.484], "texture": "#2"},
				"west": {"uv": [12.016, 8.516, 12.484, 8.984], "rotation": 270, "texture": "#2"},
				"up": {"uv": [8.516, 12.016, 8.984, 12.484], "texture": "#2"},
				"down": {"uv": [8.016, 12.016, 8.484, 12.484], "rotation": 180, "texture": "#2"}
			}
		},
		{
			"from": [7.5, 12.25, 11],
			"to": [8.5, 12.75, 12],
			"rotation": {"angle": 0, "axis": "y", "origin": [-1, 16.25, 12]},
			"faces": {
				"north": {"uv": [6.984, 12.484, 6.516, 12.016], "rotation": 180, "texture": "#2"},
				"east": {"uv": [12.016, 5.516, 12.484, 5.984], "rotation": 90, "texture": "#2"},
				"south": {"uv": [12.484, 6.516, 12.016, 6.984], "texture": "#2"},
				"west": {"uv": [12.016, 6.016, 12.484, 6.484], "rotation": 270, "texture": "#2"},
				"up": {"uv": [6.016, 12.016, 6.484, 12.484], "texture": "#2"},
				"down": {"uv": [5.516, 12.016, 5.984, 12.484], "rotation": 180, "texture": "#2"}
			}
		},
		{
			"from": [5.75, 12.25, 12],
			"to": [10.25, 12.75, 12.5],
			"rotation": {"angle": 0, "axis": "y", "origin": [-1, 16.25, 12]},
			"faces": {
				"north": {"uv": [5.484, 10.484, 3.016, 10.016], "rotation": 180, "texture": "#2"},
				"east": {"uv": [7.016, 12.016, 7.484, 12.484], "rotation": 90, "texture": "#2"},
				"south": {"uv": [7.984, 10.016, 5.516, 10.484], "texture": "#2"},
				"west": {"uv": [12.016, 7.016, 12.484, 7.484], "rotation": 270, "texture": "#2"},
				"up": {"uv": [8.516, 9.516, 10.984, 9.984], "texture": "#2"},
				"down": {"uv": [6.016, 9.516, 8.484, 9.984], "rotation": 180, "texture": "#2"}
			}
		}
	],
	"display": {
		"thirdperson_righthand": {
			"rotation": [0, 90, 0],
			"translation": [-3, -2, 0]
		},
		"thirdperson_lefthand": {
			"rotation": [0, 90, 0],
			"translation": [-3, -2, 0]
		},
		"firstperson_righthand": {
			"rotation": [0, -90, 0],
			"translation": [4.25, 0, 0]
		},
		"firstperson_lefthand": {
			"rotation": [0, -90, 0],
			"translation": [4.25, 0, 0]
		},
		"gui": {
			"rotation": [30, 45, 0],
			"translation": [-1.75, 0.75, 0]
		},
		"head": {
			"rotation": [0, 0, 45],
			"translation": [0, -51.66, 0],
			"scale": [1.667, 1.667, 1.667]
		}
	},
	"groups": [
		0,
		1,
		2,
		{
			"name": "wheels",
			"origin": [-1, 2, 16.25],
			"color": 0,
			"children": [3, 4, 5, 6]
		},
		{
			"name": "board",
			"origin": [8, 3.42231, 1.63373],
			"color": 0,
			"children": [7, 8, 9]
		},
		{
			"name": "trucks",
			"origin": [-1, 2, 16.25],
			"color": 0,
			"children": [10, 11, 12, 13]
		}
	]
}