{
	"credit": "Made by CookiesNom with Blockbench",
	"parent": "hideaway:display_parents/back",
	"texture_size": [32, 32],
	"textures": {
		"2": "hideaway:back/skateboard_2",
		"particle": "hideaway:back/skateboard_2"
	},
	"elements": [
		{
			"name": "trucks",
			"from": [7.5, 12.25, 11],
			"to": [8.5, 12.75, 12],
			"rotation": {"angle": 0, "axis": "y", "origin": [-1, 16.25, 12]},
			"faces": {
				"north": {"uv": [7, 12.5, 6.5, 12], "rotation": 180, "texture": "#2"},
				"east": {"uv": [12, 5.5, 12.5, 6], "rotation": 90, "texture": "#2"},
				"south": {"uv": [12.5, 6.5, 12, 7], "texture": "#2"},
				"west": {"uv": [12, 6, 12.5, 6.5], "rotation": 270, "texture": "#2"},
				"up": {"uv": [6, 12, 6.5, 12.5], "texture": "#2"},
				"down": {"uv": [5.5, 12, 6, 12.5], "rotation": 180, "texture": "#2"}
			}
		},
		{
			"name": "trucks",
			"from": [5.75, 12.25, 12],
			"to": [10.25, 12.75, 12.5],
			"rotation": {"angle": 0, "axis": "y", "origin": [-1, 16.25, 12]},
			"faces": {
				"north": {"uv": [5.5, 10.5, 3, 10], "rotation": 180, "texture": "#2"},
				"east": {"uv": [7, 12, 7.5, 12.5], "rotation": 90, "texture": "#2"},
				"south": {"uv": [8, 10, 5.5, 10.5], "texture": "#2"},
				"west": {"uv": [12, 7, 12.5, 7.5], "rotation": 270, "texture": "#2"},
				"up": {"uv": [8.5, 9.5, 11, 10], "texture": "#2"},
				"down": {"uv": [6, 9.5, 8.5, 10], "rotation": 180, "texture": "#2"}
			}
		},
		{
			"name": "trucks",
			"from": [5.75, 3.25, 12],
			"to": [10.25, 3.75, 12.5],
			"rotation": {"angle": 0, "axis": "y", "origin": [-1, -0.25, 12]},
			"faces": {
				"north": {"uv": [8, 11, 5.5, 10.5], "rotation": 180, "texture": "#2"},
				"east": {"uv": [7.5, 12, 8, 12.5], "rotation": 90, "texture": "#2"},
				"south": {"uv": [10.5, 10.5, 8, 11], "texture": "#2"},
				"west": {"uv": [12, 7.5, 12.5, 8], "rotation": 270, "texture": "#2"},
				"up": {"uv": [3, 10.5, 5.5, 11], "texture": "#2"},
				"down": {"uv": [8, 10, 10.5, 10.5], "rotation": 180, "texture": "#2"}
			}
		},
		{
			"name": "trucks",
			"from": [7.5, 3.25, 11],
			"to": [8.5, 3.75, 12],
			"rotation": {"angle": 0, "axis": "y", "origin": [-1, -0.25, 12]},
			"faces": {
				"north": {"uv": [9.5, 12.5, 9, 12], "rotation": 180, "texture": "#2"},
				"east": {"uv": [12, 8, 12.5, 8.5], "rotation": 90, "texture": "#2"},
				"south": {"uv": [12.5, 9, 12, 9.5], "texture": "#2"},
				"west": {"uv": [12, 8.5, 12.5, 9], "rotation": 270, "texture": "#2"},
				"up": {"uv": [8.5, 12, 9, 12.5], "texture": "#2"},
				"down": {"uv": [8, 12, 8.5, 12.5], "rotation": 180, "texture": "#2"}
			}
		},
		{
			"name": "wheels",
			"from": [10.25, 11.75, 11.5],
			"to": [10.75, 13.25, 13],
			"rotation": {"angle": 0, "axis": "y", "origin": [17, 16.25, 12]},
			"faces": {
				"north": {"uv": [1.5, 13, 1, 12], "rotation": 180, "texture": "#2", "tintindex": 0},
				"east": {"uv": [4, 11, 5, 12], "rotation": 90, "texture": "#2", "tintindex": 0},
				"south": {"uv": [12.5, 1, 12, 2], "texture": "#2", "tintindex": 0},
				"west": {"uv": [5, 11, 6, 12], "rotation": 270, "texture": "#2", "tintindex": 0},
				"up": {"uv": [0.5, 12, 1, 13], "texture": "#2", "tintindex": 0},
				"down": {"uv": [0, 12, 0.5, 13], "rotation": 180, "texture": "#2", "tintindex": 0}
			}
		},
		{
			"name": "wheels",
			"from": [5.25, 2.75, 11.5],
			"to": [5.75, 4.25, 13],
			"rotation": {"angle": 0, "axis": "y", "origin": [-1, -0.25, 12]},
			"faces": {
				"north": {"uv": [4, 13, 3.5, 12], "rotation": 180, "texture": "#2", "tintindex": 0},
				"east": {"uv": [8, 11, 9, 12], "rotation": 90, "texture": "#2", "tintindex": 0},
				"south": {"uv": [4.5, 12, 4, 13], "texture": "#2", "tintindex": 0},
				"west": {"uv": [9, 11, 10, 12], "rotation": 270, "texture": "#2", "tintindex": 0},
				"up": {"uv": [12, 3, 12.5, 4], "texture": "#2", "tintindex": 0},
				"down": {"uv": [3, 12, 3.5, 13], "rotation": 180, "texture": "#2", "tintindex": 0}
			}
		},
		{
			"name": "wheels",
			"from": [10.25, 2.75, 11.5],
			"to": [10.75, 4.25, 13],
			"rotation": {"angle": 0, "axis": "y", "origin": [17, -0.25, 12]},
			"faces": {
				"north": {"uv": [12.5, 3, 12, 2], "rotation": 180, "texture": "#2", "tintindex": 0},
				"east": {"uv": [6, 11, 7, 12], "rotation": 90, "texture": "#2", "tintindex": 0},
				"south": {"uv": [3, 12, 2.5, 13], "texture": "#2", "tintindex": 0},
				"west": {"uv": [7, 11, 8, 12], "rotation": 270, "texture": "#2", "tintindex": 0},
				"up": {"uv": [2, 12, 2.5, 13], "texture": "#2", "tintindex": 0},
				"down": {"uv": [1.5, 12, 2, 13], "rotation": 180, "texture": "#2", "tintindex": 0}
			}
		},
		{
			"name": "wheels",
			"from": [5.25, 11.75, 11.5],
			"to": [5.75, 13.25, 13],
			"rotation": {"angle": 0, "axis": "y", "origin": [-1, 16.25, 12]},
			"faces": {
				"north": {"uv": [12, 11, 11.5, 10], "rotation": 180, "texture": "#2", "tintindex": 0},
				"east": {"uv": [10.5, 10, 11.5, 11], "rotation": 90, "texture": "#2", "tintindex": 0},
				"south": {"uv": [11, 11.5, 10.5, 12.5], "texture": "#2", "tintindex": 0},
				"west": {"uv": [3, 11, 4, 12], "rotation": 270, "texture": "#2", "tintindex": 0},
				"up": {"uv": [10, 11.5, 10.5, 12.5], "texture": "#2", "tintindex": 0},
				"down": {"uv": [11, 11, 11.5, 12], "rotation": 180, "texture": "#2", "tintindex": 0}
			}
		},
		{
			"from": [5.25, 2, 10.5],
			"to": [10.75, 14, 11],
			"rotation": {"angle": 0, "axis": "y", "origin": [-0.75, -2, 12]},
			"faces": {
				"north": {"uv": [3, 6, 0, 0], "rotation": 180, "texture": "#2"},
				"east": {"uv": [3, 6, 9, 6.5], "rotation": 90, "texture": "#2"},
				"south": {"uv": [6, 0, 3, 6], "texture": "#2"},
				"west": {"uv": [3, 6.5, 9, 7], "rotation": 270, "texture": "#2"},
				"up": {"uv": [9, 4.5, 12, 5], "texture": "#2"},
				"down": {"uv": [9, 4, 12, 4.5], "rotation": 180, "texture": "#2"}
			}
		},
		{
			"from": [5.25, 0.13373, 10.32769],
			"to": [10.75, 2.13373, 10.82769],
			"rotation": {"angle": 22.5, "axis": "x", "origin": [8, 1.63373, 10.57769]},
			"faces": {
				"north": {"uv": [6, 8, 3, 7], "rotation": 180, "texture": "#2"},
				"east": {"uv": [11, 9.5, 12, 10], "rotation": 90, "texture": "#2"},
				"south": {"uv": [9, 7, 6, 8], "texture": "#2"},
				"west": {"uv": [10, 11, 11, 11.5], "rotation": 270, "texture": "#2"},
				"up": {"uv": [9, 5.5, 12, 6], "texture": "#2"},
				"down": {"uv": [9, 5, 12, 5.5], "rotation": 180, "texture": "#2"}
			}
		},
		{
			"from": [5.25, 13.86627, 10.32769],
			"to": [10.75, 15.86627, 10.82769],
			"rotation": {"angle": -22.5, "axis": "x", "origin": [8, 14.36627, 10.57769]},
			"faces": {
				"north": {"uv": [6, 9, 3, 8], "rotation": 180, "texture": "#2"},
				"east": {"uv": [11.5, 11, 12.5, 11.5], "rotation": 90, "texture": "#2"},
				"south": {"uv": [9, 8, 6, 9], "texture": "#2"},
				"west": {"uv": [11.5, 11.5, 12.5, 12], "rotation": 270, "texture": "#2"},
				"up": {"uv": [9, 6, 12, 6.5], "texture": "#2"},
				"down": {"uv": [6, 9, 9, 9.5], "rotation": 180, "texture": "#2"}
			}
		},
		{
			"from": [5.25, 2, 10.5],
			"to": [10.75, 14, 11],
			"rotation": {"angle": 0, "axis": "y", "origin": [-0.75, -2, 12]},
			"faces": {
				"north": {"uv": [3, 12, 0, 6], "rotation": 180, "texture": "#2", "tintindex": 0},
				"east": {"uv": [9, 0, 15, 0.5], "rotation": 90, "texture": "#2", "tintindex": 0},
				"south": {"uv": [9, 0, 6, 6], "texture": "#2", "tintindex": 0},
				"west": {"uv": [9, 0.5, 15, 1], "rotation": 270, "texture": "#2", "tintindex": 0},
				"up": {"uv": [9, 7, 12, 7.5], "texture": "#2", "tintindex": 0},
				"down": {"uv": [9, 6.5, 12, 7], "rotation": 180, "texture": "#2", "tintindex": 0}
			}
		}
	],
	"display": {
		"thirdperson_righthand": {
			"rotation": [0, 90, 0],
			"translation": [-3, -2, 0]
		},
		"thirdperson_lefthand": {
			"rotation": [0, 90, 0],
			"translation": [-3, -2, 0]
		},
		"firstperson_righthand": {
			"rotation": [0, -90, 0],
			"translation": [4.25, 0, 0]
		},
		"firstperson_lefthand": {
			"rotation": [0, -90, 0],
			"translation": [4.25, 0, 0]
		},
		"gui": {
			"rotation": [30, 45, 0],
			"translation": [-1.75, 0.75, 0]
		},
		"head": {
			"rotation": [0, 0, 45],
			"translation": [0, -51.66, 0],
			"scale": [1.667, 1.667, 1.667]
		}
	},
	"groups": [
		{
			"name": "group",
			"origin": [-1, 2, -0.25],
			"color": 0,
			"children": [0, 1, 2, 3]
		},
		{
			"name": "group",
			"origin": [-1, 2, 16.25],
			"color": 0,
			"children": [4, 5, 6, 7]
		},
		{
			"name": "board",
			"origin": [8, 3.42231, 14.36627],
			"color": 0,
			"children": [8, 9, 10]
		},
		{
			"name": "board color",
			"origin": [8, 3.42231, 14.36627],
			"color": 0,
			"children": [11]
		}
	]
}