{
	"credit": "Made with Blockbench",
	"parent": "hideaway:display_parents/back",
	"texture_size": [32, 32],
	"textures": {
		"5": "hideaway:back/skiis"
	},
	"elements": [
		{
			"from": [3.995, -5.005, 11.995],
			"to": [7.005, 22.005, 13.005],
			"rotation": {"angle": 22.5, "axis": "z", "origin": [8, 14, 10]},
			"faces": {
				"north": {"uv": [8.516, 0, 9.984, 13.468], "texture": "#5"},
				"east": {"uv": [10.516, 0, 10.984, 13.468], "texture": "#5"},
				"south": {"uv": [8.516, 0, 9.984, 13.468], "texture": "#5"},
				"west": {"uv": [11.016, 0, 11.484, 13.468], "texture": "#5"},
				"up": {"uv": [13.484, 2.984, 12.016, 2.516], "texture": "#5"},
				"down": {"uv": [13.484, 3.016, 12.016, 3.484], "texture": "#5"}
			}
		},
		{
			"from": [4, 22, 12.5],
			"to": [7, 25, 12.5],
			"rotation": {"angle": 22.5, "axis": "z", "origin": [8, 14, 10]},
			"faces": {
				"north": {"uv": [12.016, 0.016, 13.484, 1.484], "texture": "#5"},
				"east": {"uv": [0.016, 0.016, 0.016, 1.484], "texture": "#5"},
				"south": {"uv": [12.016, 0, 13.484, 1.468], "texture": "#5"},
				"west": {"uv": [0.016, 0.016, 0.016, 1.484], "texture": "#5"},
				"up": {"uv": [1.484, 0.016, 0.016, 0.016], "texture": "#5"},
				"down": {"uv": [1.484, 0.016, 0.016, 0.016], "texture": "#5"}
			}
		},
		{
			"from": [9, 22, 12.5],
			"to": [12, 25, 12.5],
			"rotation": {"angle": -22.5, "axis": "z", "origin": [8, 14, 10]},
			"faces": {
				"north": {"uv": [12.016, 0.016, 13.484, 1.484], "texture": "#5"},
				"east": {"uv": [0.016, 0.016, 0.016, 1.484], "texture": "#5"},
				"south": {"uv": [12.016, 0.016, 13.484, 1.484], "texture": "#5"},
				"west": {"uv": [0.016, 0.016, 0.016, 1.484], "texture": "#5"},
				"up": {"uv": [1.484, 0.016, 0.016, 0.016], "texture": "#5"},
				"down": {"uv": [1.484, 0.016, 0.016, 0.016], "texture": "#5"}
			}
		},
		{
			"from": [9, -5, 12],
			"to": [12, 22, 13],
			"rotation": {"angle": -22.5, "axis": "z", "origin": [8, 14, 10]},
			"faces": {
				"north": {"uv": [8.516, 0, 9.984, 13.468], "texture": "#5"},
				"east": {"uv": [11.016, 0, 11.484, 13.468], "texture": "#5"},
				"south": {"uv": [8.516, 0, 9.984, 13.468], "texture": "#5"},
				"west": {"uv": [10.5, 0, 10.968, 13.468], "texture": "#5"},
				"up": {"uv": [13.484, 2.984, 12.016, 2.516], "texture": "#5"},
				"down": {"uv": [13.484, 3.016, 12.016, 3.484], "texture": "#5"}
			}
		},
		{
			"from": [1, 3, 13.25],
			"to": [15, 16, 13.25],
			"rotation": {"angle": 0, "axis": "y", "origin": [4, 2, 6]},
			"faces": {
				"north": {"uv": [0.016, 0.016, 6.984, 6.484], "texture": "#5"},
				"east": {"uv": [0.016, 0.016, 0.016, 6.484], "texture": "#5"},
				"south": {"uv": [0.016, 0, 6.984, 6.468], "texture": "#5"},
				"west": {"uv": [0.016, 0.016, 0.016, 6.484], "texture": "#5"},
				"up": {"uv": [6.984, 0.016, 0.016, 0.016], "texture": "#5"},
				"down": {"uv": [6.984, 0.016, 0.016, 0.016], "texture": "#5"}
			}
		},
		{
			"from": [-3.5, 3, 14],
			"to": [4.5, 15, 14],
			"rotation": {"angle": 22.5, "axis": "y", "origin": [4, 2, 5]},
			"faces": {
				"north": {"uv": [0, 6.516, 3.968, 12.484], "texture": "#5", "tintindex": 0},
				"east": {"uv": [0.016, 0.016, 0.016, 5.984], "texture": "#5", "tintindex": 0},
				"south": {"uv": [4.016, 6.516, 7.984, 12.484], "texture": "#5", "tintindex": 0},
				"west": {"uv": [0.016, 0.016, 0.016, 5.984], "texture": "#5", "tintindex": 0},
				"up": {"uv": [3.984, 0.016, 0.016, 0.016], "texture": "#5", "tintindex": 0},
				"down": {"uv": [3.984, 0.016, 0.016, 0.016], "texture": "#5", "tintindex": 0}
			}
		},
		{
			"from": [11.5, 3, 14],
			"to": [19.5, 15, 14],
			"rotation": {"angle": -22.5, "axis": "y", "origin": [12, 2, 5]},
			"faces": {
				"north": {"uv": [4.016, 6.516, 7.984, 12.484], "texture": "#5", "tintindex": 0},
				"east": {"uv": [0.016, 0.016, 0.016, 5.984], "texture": "#5", "tintindex": 0},
				"south": {"uv": [0, 6.516, 3.968, 12.484], "texture": "#5", "tintindex": 0},
				"west": {"uv": [0.016, 0.016, 0.016, 5.984], "texture": "#5", "tintindex": 0},
				"up": {"uv": [3.984, 0.016, 0.016, 0.016], "texture": "#5", "tintindex": 0},
				"down": {"uv": [3.984, 0.016, 0.016, 0.016], "texture": "#5", "tintindex": 0}
			}
		},
		{
			"from": [6, 8, 9],
			"to": [10, 10, 13.5],
			"rotation": {"angle": 0, "axis": "y", "origin": [7, 7, 7]},
			"faces": {
				"north": {"uv": [12.016, 1.516, 13.984, 2.484], "texture": "#5", "tintindex": 0},
				"east": {"uv": [12.016, 3.516, 14.484, 4.484], "texture": "#5", "tintindex": 0},
				"south": {"uv": [12.016, 1.516, 13.984, 2.484], "texture": "#5", "tintindex": 0},
				"west": {"uv": [12.016, 3.516, 14.484, 4.484], "texture": "#5", "tintindex": 0},
				"up": {"uv": [13.984, 6.984, 12.016, 4.516], "texture": "#5", "tintindex": 0},
				"down": {"uv": [15.984, 4.516, 14.016, 6.984], "texture": "#5", "tintindex": 0}
			}
		}
	],
	"display": {
		"gui": {
			"rotation": [3.66, -21.75, -0.23],
			"translation": [1.5, -0.25, 0],
			"scale": [0.5, 0.5, 0.5]
		}
	}
}