{
	"credit": "Made with Blockbench",
	"parent": "hideaway:display_parents/back",
	"texture_size": [128, 128],
	"textures": {
		"4": "hideaway:back/snowflower_cape"
	},
	"elements": [
		{
			"from": [2, 11.75, 5],
			"to": [14, 15.75, 13],
			"rotation": {"angle": 0, "axis": "y", "origin": [4, 2, 6]},
			"faces": {
				"north": {"uv": [5.5, 3.25, 7, 3.75], "texture": "#4"},
				"east": {"uv": [4.875, 5.5, 5.875, 6], "texture": "#4"},
				"south": {"uv": [3.375, 5.5, 4.875, 6], "texture": "#4"},
				"west": {"uv": [0, 5.625, 1, 6.125], "texture": "#4"},
				"up": {"uv": [5.5, 3, 4, 2], "texture": "#4"},
				"down": {"uv": [5.5, 3, 4, 4], "texture": "#4"}
			}
		},
		{
			"from": [-1, -10, 18],
			"to": [17, -7, 22],
			"rotation": {"angle": 0, "axis": "y", "origin": [4, 2, 6]},
			"faces": {
				"north": {"uv": [5.5, 2.5, 7.75, 2.875], "texture": "#4"},
				"east": {"uv": [3.375, 4.625, 3.875, 5], "texture": "#4"},
				"south": {"uv": [5.5, 2.875, 7.75, 3.25], "texture": "#4"},
				"west": {"uv": [1.5, 5.625, 2, 6], "texture": "#4"},
				"up": {"uv": [5.625, 5.5, 3.375, 5], "texture": "#4"},
				"down": {"uv": [7.375, 4, 5.125, 4.5], "texture": "#4"}
			}
		},
		{
			"from": [0, 15, 6],
			"to": [16, 15, 10],
			"rotation": {"angle": 0, "axis": "y", "origin": [4, 2.5, 6]},
			"faces": {
				"north": {"uv": [0, 0, 2, 0], "texture": "#4"},
				"east": {"uv": [0, 0, 0.5, 0], "texture": "#4"},
				"south": {"uv": [0, 0, 2, 0], "texture": "#4"},
				"west": {"uv": [0, 0, 0.5, 0], "texture": "#4"},
				"up": {"uv": [7.125, 5, 5.125, 4.5], "texture": "#4"},
				"down": {"uv": [7.5, 2, 5.5, 2.5], "texture": "#4"}
			}
		},
		{
			"from": [7, 6.77056, 5.15851],
			"to": [16, 14.77056, 5.15851],
			"rotation": {"angle": 22.5, "axis": "x", "origin": [8, 12.77056, 6.15851]},
			"faces": {
				"north": {"uv": [4, 4, 5.125, 5], "texture": "#4"},
				"east": {"uv": [0, 0, 0, 1], "texture": "#4"},
				"south": {"uv": [0, 4.625, 1.125, 5.625], "texture": "#4"},
				"west": {"uv": [0, 0, 0, 1], "texture": "#4"},
				"up": {"uv": [1.125, 0, 0, 0], "texture": "#4"},
				"down": {"uv": [1.125, 0, 0, 0], "texture": "#4"}
			}
		},
		{
			"from": [0, 6.77056, 5.15851],
			"to": [9, 14.77056, 5.15851],
			"rotation": {"angle": 22.5, "axis": "x", "origin": [8, 12.77056, 6.15851]},
			"faces": {
				"north": {"uv": [1.125, 4.625, 2.25, 5.625], "texture": "#4"},
				"east": {"uv": [0, 0, 0, 1], "texture": "#4"},
				"south": {"uv": [2.25, 4.625, 3.375, 5.625], "texture": "#4"},
				"west": {"uv": [0, 0, 0, 1], "texture": "#4"},
				"up": {"uv": [1.125, 0, 0, 0], "texture": "#4"},
				"down": {"uv": [1.125, 0, 0, 0], "texture": "#4"}
			}
		},
		{
			"from": [0, 6.77056, 4.90851],
			"to": [16, 14.77056, 4.90851],
			"rotation": {"angle": 22.5, "axis": "x", "origin": [8, 12.77056, 6.15851]},
			"faces": {
				"north": {"uv": [4, 0, 6, 1], "texture": "#4"},
				"east": {"uv": [0, 0, 0, 1], "texture": "#4"},
				"south": {"uv": [4, 1, 6, 2], "texture": "#4"},
				"west": {"uv": [0, 0, 0, 1], "texture": "#4"},
				"up": {"uv": [2, 0, 0, 0], "texture": "#4"},
				"down": {"uv": [2, 0, 0, 0], "texture": "#4"}
			}
		},
		{
			"from": [0, -12.22982, 10.84056],
			"to": [16, 14.77018, 10.84056],
			"rotation": {"angle": -22.5, "axis": "x", "origin": [8, 12.77018, 9.84056]},
			"faces": {
				"north": {"uv": [0, 0, 2, 3.375], "texture": "#4"},
				"east": {"uv": [0, 0, 0, 3.375], "texture": "#4"},
				"south": {"uv": [2, 0, 4, 3.375], "texture": "#4"},
				"west": {"uv": [0, 0, 0, 3.375], "texture": "#4"},
				"up": {"uv": [2, 0, 0, 0], "texture": "#4"},
				"down": {"uv": [2, 0, 0, 0], "texture": "#4"}
			}
		},
		{
			"from": [0, -12.22982, 9.84056],
			"to": [0, 14.77018, 10.84056],
			"rotation": {"angle": -22.5, "axis": "x", "origin": [8, 12.77018, 9.84056]},
			"faces": {
				"north": {"uv": [0, 0, 0, 3.375], "texture": "#4"},
				"east": {"uv": [1, 5.625, 1.125, 9], "texture": "#4"},
				"south": {"uv": [0, 0, 0, 3.375], "texture": "#4"},
				"west": {"uv": [1.125, 5.625, 1.25, 9], "texture": "#4"},
				"up": {"uv": [0, 0.125, 0, 0], "texture": "#4"},
				"down": {"uv": [0, 0, 0, 0.125], "texture": "#4"}
			}
		},
		{
			"from": [16, -12.22982, 9.84056],
			"to": [16, 14.77018, 10.84056],
			"rotation": {"angle": -22.5, "axis": "x", "origin": [8, 12.77018, 9.84056]},
			"faces": {
				"north": {"uv": [0, 0, 0, 3.375], "texture": "#4"},
				"east": {"uv": [1.25, 5.625, 1.375, 9], "texture": "#4"},
				"south": {"uv": [0, 0, 0, 3.375], "texture": "#4"},
				"west": {"uv": [1.375, 5.625, 1.5, 9], "texture": "#4"},
				"up": {"uv": [0, 0.125, 0, 0], "texture": "#4"},
				"down": {"uv": [0, 0, 0, 0.125], "texture": "#4"}
			}
		},
		{
			"from": [0, -9.22982, 11.09056],
			"to": [16, 0.77018, 11.09056],
			"rotation": {"angle": -22.5, "axis": "x", "origin": [8, 12.77018, 9.84056]},
			"faces": {
				"north": {"uv": [0, 3.375, 2, 4.625], "texture": "#4"},
				"east": {"uv": [0, 0, 0, 1.25], "texture": "#4"},
				"south": {"uv": [2, 3.375, 4, 4.625], "texture": "#4"},
				"west": {"uv": [0, 0, 0, 1.25], "texture": "#4"},
				"up": {"uv": [2, 0, 0, 0], "texture": "#4"},
				"down": {"uv": [2, 0, 0, 0], "texture": "#4"}
			}
		}
	],
	"display": {
		"thirdperson_righthand": {
			"rotation": [72.75, 0, 0]
		},
		"thirdperson_lefthand": {
			"rotation": [72.75, 0, 0]
		},
		"gui": {
			"rotation": [-163, 40, 180],
			"translation": [-2.25, 2, 0],
			"scale": [0.6, 0.6, 0.6]
		}
	}
}