{
	"credit": "Made with Blockbench",
	"parent": "hideaway:display_parents/back",
	"texture_size": [64, 64],
	"textures": {
		"1": "hideaway:back/snowbear_cosmetic",
		"particle": "hideaway:back/snowbear_cosmetic"
	},
	"elements": [
		{
			"from": [3, 2.25, 5.25],
			"to": [13, 14.25, 10.25],
			"rotation": {"angle": 0, "axis": "y", "origin": [8, 12, 8]},
			"faces": {
				"north": {"uv": [9.242, 1.258, 6.758, 4.242], "texture": "#1", "tintindex": 0},
				"east": {"uv": [10.492, 1.258, 9.258, 4.242], "texture": "#1", "tintindex": 0},
				"south": {"uv": [9.242, 1.258, 6.758, 4.242], "texture": "#1", "tintindex": 0},
				"west": {"uv": [9.258, 1.258, 10.492, 4.242], "texture": "#1", "tintindex": 0},
				"up": {"uv": [6.758, 1.242, 9.242, 0.008], "texture": "#1", "tintindex": 0},
				"down": {"uv": [11.742, 0.008, 9.258, 1.242], "texture": "#1", "tintindex": 0}
			}
		},
		{
			"name": "cube inverted",
			"from": [13, 14.25, 10.25],
			"to": [3, 2.25, 5.25],
			"rotation": {"angle": 0, "axis": "y", "origin": [8, 12, 8]},
			"faces": {
				"north": {"uv": [9.242, 1.258, 6.758, 4.242], "texture": "#1", "tintindex": 0},
				"east": {"uv": [9.258, 4.242, 10.5625, 1.258], "texture": "#1", "tintindex": 0},
				"south": {"uv": [9.242, 4.242, 6.758, 1.258], "texture": "#1", "tintindex": 0},
				"west": {"uv": [10.5625, 4.242, 9.258, 1.258], "texture": "#1", "tintindex": 0},
				"up": {"uv": [9.258, 0.008, 11.742, 1.242], "texture": "#1", "tintindex": 0},
				"down": {"uv": [9.242, 1.242, 6.758, 0.008], "texture": "#1", "tintindex": 0}
			}
		},
		{
			"from": [2, 2, 10],
			"to": [14, 11, 15],
			"rotation": {"angle": 0, "axis": "y", "origin": [0.5, 0, 16]},
			"faces": {
				"north": {"uv": [9.742, 9.008, 6.758, 11.242], "texture": "#1"},
				"east": {"uv": [9.758, 4.258, 10.992, 6.492], "texture": "#1"},
				"south": {"uv": [9.742, 4.258, 6.758, 6.492], "texture": "#1"},
				"west": {"uv": [10.992, 4.258, 9.758, 6.492], "texture": "#1"},
				"up": {"uv": [6.758, 8.992, 9.742, 7.758], "rotation": 180, "texture": "#1"},
				"down": {"uv": [6.758, 7.742, 9.742, 6.508], "rotation": 180, "texture": "#1"}
			}
		},
		{
			"from": [11.39747, 7.75006, 11],
			"to": [16.39747, 12.75006, 13],
			"rotation": {"angle": -45, "axis": "z", "origin": [13.89747, 11.00006, 13]},
			"faces": {
				"north": {"uv": [9.758, 10.742, 10.992, 9.508], "rotation": 270, "texture": "#1"},
				"east": {"uv": [10.242, 8.258, 9.758, 9.492], "texture": "#1"},
				"south": {"uv": [10.992, 6.508, 9.758, 7.742], "texture": "#1"},
				"west": {"uv": [10.742, 8.258, 10.258, 9.492], "texture": "#1"},
				"up": {"uv": [10.992, 8.242, 9.758, 7.758], "texture": "#1"}
			}
		},
		{
			"from": [-0.39747, 7.75006, 11],
			"to": [4.60253, 12.75006, 13],
			"rotation": {"angle": 45, "axis": "z", "origin": [2.10253, 11.00006, 13]},
			"faces": {
				"north": {"uv": [9.758, 9.508, 10.992, 10.742], "rotation": 270, "texture": "#1"},
				"east": {"uv": [10.258, 8.258, 10.742, 9.492], "texture": "#1"},
				"south": {"uv": [9.758, 6.508, 10.992, 7.742], "texture": "#1"},
				"west": {"uv": [9.758, 8.258, 10.242, 9.492], "texture": "#1"},
				"up": {"uv": [9.758, 8.242, 10.992, 7.758], "texture": "#1"}
			}
		},
		{
			"from": [11, 1, 15.01],
			"to": [14, 4, 15.01],
			"rotation": {"angle": 45, "axis": "z", "origin": [12.5, 2.5, 15.01]},
			"faces": {
				"north": {"uv": [11.742, 4.258, 11.008, 4.992], "texture": "#1", "tintindex": 0},
				"south": {"uv": [11.742, 4.258, 11.008, 4.992], "texture": "#1", "tintindex": 0}
			}
		},
		{
			"from": [10.75, -2, 15],
			"to": [13.75, 3, 15],
			"rotation": {"angle": 22.5, "axis": "z", "origin": [12.5, 2.5, 15.01]},
			"faces": {
				"north": {"uv": [11.742, 5.008, 11.008, 6.242], "texture": "#1", "tintindex": 0},
				"south": {"uv": [11.742, 5.008, 11.008, 6.242], "texture": "#1", "tintindex": 0}
			}
		},
		{
			"from": [11.25, -2, 14.99],
			"to": [14.25, 3, 14.99],
			"rotation": {"angle": -22.5, "axis": "z", "origin": [12.5, 2.5, 15.01]},
			"faces": {
				"north": {"uv": [11.742, 5.008, 11.008, 6.242], "texture": "#1", "tintindex": 0},
				"south": {"uv": [11.742, 5.008, 11.008, 6.242], "texture": "#1", "tintindex": 0}
			}
		}
	],
	"display": {
		"gui": {
			"rotation": [19.75, -24.5, 0],
			"translation": [1, 0.5, 0],
			"scale": [0.7, 0.7, 0.7]
		}
	},
	"groups": [
		{
			"name": "group",
			"origin": [8, 8, 8],
			"color": 0,
			"nbt": "{}",
			"armAnimationEnabled": false,
			"children": [
				{
					"name": "group",
					"origin": [8, 15.5, 5],
					"color": 0,
					"nbt": "{}",
					"armAnimationEnabled": false,
					"children": [0, 1, 2, 3, 4, 5, 6, 7]
				}
			]
		}
	]
}