{
	"credit": "Made with Blockbench",
	"parent": "hideaway:display_parents/back",
	"texture_size": [128, 128],
	"textures": {
		"1": "hideaway:back/snow_goddess_sleeves"
	},
	"elements": [
		{
			"from": [-13.25, 15.5, 1.5],
			"to": [12.75, 15.5, 24.5],
			"rotation": {"angle": -45, "axis": "z", "origin": [-0.5, 23.75, 17.25]},
			"faces": {
				"up": {"uv": [5.754, 8.746, 8.621, 5.504], "rotation": 90, "texture": "#1"},
				"down": {"uv": [8.621, 8.746, 5.754, 5.504], "rotation": 90, "texture": "#1"}
			}
		},
		{
			"from": [-14.96447, 8.5472, 8.5],
			"to": [3.03553, 8.5472, 21.5],
			"rotation": {"angle": 22.5, "axis": "z", "origin": [3.03553, 8.5472, 14]},
			"faces": {
				"up": {"uv": [8.246, 10.996, 6.629, 8.754], "rotation": 270, "texture": "#1"},
				"down": {"uv": [8.246, 8.754, 6.629, 10.996], "rotation": 90, "texture": "#1"}
			}
		},
		{
			"from": [-13.25, 15.75, 2],
			"to": [12.75, 15.75, 25],
			"rotation": {"angle": -45, "axis": "z", "origin": [-0.5, 24, 17.75]},
			"faces": {
				"up": {"uv": [2.879, 8.746, 5.746, 5.504], "rotation": 90, "texture": "#1"},
				"down": {"uv": [5.746, 8.746, 2.879, 5.504], "rotation": 90, "texture": "#1"}
			}
		},
		{
			"from": [-14.96447, 8.7972, 9],
			"to": [3.03553, 8.7972, 22],
			"rotation": {"angle": 22.5, "axis": "z", "origin": [3.03553, 8.7972, 14.5]},
			"faces": {
				"up": {"uv": [5.371, 10.996, 3.754, 8.754], "rotation": 270, "texture": "#1"},
				"down": {"uv": [5.371, 8.754, 3.754, 10.996], "rotation": 90, "texture": "#1"}
			}
		},
		{
			"from": [-13.25, 16, 2.25],
			"to": [12.75, 16, 25.25],
			"rotation": {"angle": -45, "axis": "z", "origin": [-0.5, 24.25, 18]},
			"faces": {
				"up": {"uv": [0.004, 8.746, 2.871, 5.504], "rotation": 90, "texture": "#1"},
				"down": {"uv": [2.871, 8.746, 0.004, 5.504], "rotation": 90, "texture": "#1"}
			}
		},
		{
			"from": [-14.96447, 9.0472, 9.25],
			"to": [3.03553, 9.0472, 22.25],
			"rotation": {"angle": 22.5, "axis": "z", "origin": [3.03553, 9.0472, 14.75]},
			"faces": {
				"up": {"uv": [2.496, 10.996, 0.879, 8.754], "rotation": 270, "texture": "#1"},
				"down": {"uv": [2.496, 8.754, 0.879, 10.996], "rotation": 90, "texture": "#1"}
			}
		},
		{
			"from": [-13.25, 16.25, 2.25],
			"to": [12.75, 16.25, 25.25],
			"rotation": {"angle": -45, "axis": "z", "origin": [-0.5, 24.5, 18]},
			"faces": {
				"up": {"uv": [5.754, 3.246, 8.621, 0.004], "rotation": 90, "texture": "#1"},
				"down": {"uv": [8.621, 3.246, 5.754, 0.004], "rotation": 90, "texture": "#1"}
			}
		},
		{
			"from": [-14.96447, 9.2972, 9.25],
			"to": [3.03553, 9.2972, 22.25],
			"rotation": {"angle": 22.5, "axis": "z", "origin": [3.03553, 9.2972, 14.75]},
			"faces": {
				"up": {"uv": [8.246, 5.496, 6.629, 3.254], "rotation": 270, "texture": "#1"},
				"down": {"uv": [8.246, 3.254, 6.629, 5.496], "rotation": 90, "texture": "#1"}
			}
		},
		{
			"from": [-13.25, 16.5, 1.75],
			"to": [12.75, 16.5, 24.75],
			"rotation": {"angle": -45, "axis": "z", "origin": [-0.5, 24.75, 17.5]},
			"faces": {
				"up": {"uv": [2.879, 3.246, 5.746, 0.004], "rotation": 90, "texture": "#1"},
				"down": {"uv": [5.746, 3.246, 2.879, 0.004], "rotation": 90, "texture": "#1"}
			}
		},
		{
			"from": [-14.96447, 9.5472, 8.75],
			"to": [3.03553, 9.5472, 21.75],
			"rotation": {"angle": 22.5, "axis": "z", "origin": [3.03553, 9.5472, 14.25]},
			"faces": {
				"up": {"uv": [5.371, 5.496, 3.754, 3.254], "rotation": 270, "texture": "#1"},
				"down": {"uv": [5.371, 3.254, 3.754, 5.496], "rotation": 90, "texture": "#1"}
			}
		},
		{
			"from": [-13.25, 16.75, 1.5],
			"to": [12.75, 16.75, 24.5],
			"rotation": {"angle": -45, "axis": "z", "origin": [-0.5, 25, 17.25]},
			"faces": {
				"up": {"uv": [0.004, 3.246, 2.871, 0.004], "rotation": 90, "texture": "#1"},
				"down": {"uv": [2.871, 3.246, 0.004, 0.004], "rotation": 90, "texture": "#1"}
			}
		},
		{
			"from": [-14.96447, 9.7972, 8.5],
			"to": [3.03553, 9.7972, 21.5],
			"rotation": {"angle": 22.5, "axis": "z", "origin": [3.03553, 9.7972, 14]},
			"faces": {
				"up": {"uv": [2.496, 5.496, 0.879, 3.254], "rotation": 270, "texture": "#1"},
				"down": {"uv": [2.496, 3.254, 0.879, 5.496], "rotation": 90, "texture": "#1"}
			}
		},
		{
			"from": [3.25, 15.5, 1.5],
			"to": [29.25, 15.5, 24.5],
			"rotation": {"angle": 45, "axis": "z", "origin": [16.5, 23.75, 17.25]},
			"faces": {
				"up": {"uv": [5.754, 5.504, 8.621, 8.746], "rotation": 90, "texture": "#1"},
				"down": {"uv": [8.621, 5.504, 5.754, 8.746], "rotation": 90, "texture": "#1"}
			}
		},
		{
			"from": [12.96447, 8.5472, 8.5],
			"to": [30.96447, 8.5472, 21.5],
			"rotation": {"angle": -22.5, "axis": "z", "origin": [12.96447, 8.5472, 14]},
			"faces": {
				"up": {"uv": [8.246, 8.754, 6.629, 10.996], "rotation": 270, "texture": "#1"},
				"down": {"uv": [8.246, 10.996, 6.629, 8.754], "rotation": 90, "texture": "#1"}
			}
		},
		{
			"from": [3.25, 15.75, 2],
			"to": [29.25, 15.75, 25],
			"rotation": {"angle": 45, "axis": "z", "origin": [16.5, 24, 17.75]},
			"faces": {
				"up": {"uv": [2.879, 5.504, 5.746, 8.746], "rotation": 90, "texture": "#1"},
				"down": {"uv": [5.746, 5.504, 2.879, 8.746], "rotation": 90, "texture": "#1"}
			}
		},
		{
			"from": [12.96447, 8.7972, 9],
			"to": [30.96447, 8.7972, 22],
			"rotation": {"angle": -22.5, "axis": "z", "origin": [12.96447, 8.7972, 14.5]},
			"faces": {
				"up": {"uv": [5.371, 8.754, 3.754, 10.996], "rotation": 270, "texture": "#1"},
				"down": {"uv": [5.371, 10.996, 3.754, 8.754], "rotation": 90, "texture": "#1"}
			}
		},
		{
			"from": [3.25, 16, 2.25],
			"to": [29.25, 16, 25.25],
			"rotation": {"angle": 45, "axis": "z", "origin": [16.5, 24.25, 18]},
			"faces": {
				"up": {"uv": [0.004, 5.504, 2.871, 8.746], "rotation": 90, "texture": "#1"},
				"down": {"uv": [2.871, 5.504, 0.004, 8.746], "rotation": 90, "texture": "#1"}
			}
		},
		{
			"from": [12.96447, 9.0472, 9.25],
			"to": [30.96447, 9.0472, 22.25],
			"rotation": {"angle": -22.5, "axis": "z", "origin": [12.96447, 9.0472, 14.75]},
			"faces": {
				"up": {"uv": [2.496, 8.754, 0.879, 10.996], "rotation": 270, "texture": "#1"},
				"down": {"uv": [2.496, 10.996, 0.879, 8.754], "rotation": 90, "texture": "#1"}
			}
		},
		{
			"from": [3.25, 16.25, 2.25],
			"to": [29.25, 16.25, 25.25],
			"rotation": {"angle": 45, "axis": "z", "origin": [16.5, 24.5, 18]},
			"faces": {
				"up": {"uv": [5.754, 0.004, 8.621, 3.246], "rotation": 90, "texture": "#1"},
				"down": {"uv": [8.621, 0.004, 5.754, 3.246], "rotation": 90, "texture": "#1"}
			}
		},
		{
			"from": [12.96447, 9.2972, 9.25],
			"to": [30.96447, 9.2972, 22.25],
			"rotation": {"angle": -22.5, "axis": "z", "origin": [12.96447, 9.2972, 14.75]},
			"faces": {
				"up": {"uv": [8.246, 3.254, 6.629, 5.496], "rotation": 270, "texture": "#1"},
				"down": {"uv": [8.246, 5.496, 6.629, 3.254], "rotation": 90, "texture": "#1"}
			}
		},
		{
			"from": [3.25, 16.5, 1.75],
			"to": [29.25, 16.5, 24.75],
			"rotation": {"angle": 45, "axis": "z", "origin": [16.5, 24.75, 17.5]},
			"faces": {
				"up": {"uv": [2.879, 0.004, 5.746, 3.246], "rotation": 90, "texture": "#1"},
				"down": {"uv": [5.746, 0.004, 2.879, 3.246], "rotation": 90, "texture": "#1"}
			}
		},
		{
			"from": [12.96447, 9.5472, 8.75],
			"to": [30.96447, 9.5472, 21.75],
			"rotation": {"angle": -22.5, "axis": "z", "origin": [12.96447, 9.5472, 14.25]},
			"faces": {
				"up": {"uv": [5.371, 3.254, 3.754, 5.496], "rotation": 270, "texture": "#1"},
				"down": {"uv": [5.371, 5.496, 3.754, 3.254], "rotation": 90, "texture": "#1"}
			}
		},
		{
			"from": [3.25, 16.75, 1.5],
			"to": [29.25, 16.75, 24.5],
			"rotation": {"angle": 45, "axis": "z", "origin": [16.5, 25, 17.25]},
			"faces": {
				"up": {"uv": [0.004, 0.004, 2.871, 3.246], "rotation": 90, "texture": "#1"},
				"down": {"uv": [2.871, 0.004, 0.004, 3.246], "rotation": 90, "texture": "#1"}
			}
		},
		{
			"from": [12.96447, 9.7972, 8.5],
			"to": [30.96447, 9.7972, 21.5],
			"rotation": {"angle": -22.5, "axis": "z", "origin": [12.96447, 9.7972, 14]},
			"faces": {
				"up": {"uv": [2.496, 3.254, 0.879, 5.496], "rotation": 270, "texture": "#1"},
				"down": {"uv": [2.496, 5.496, 0.879, 3.254], "rotation": 90, "texture": "#1"}
			}
		},
		{
			"from": [-1.5, 11.34772, 6.14277],
			"to": [17.5, 11.34772, 31.14277],
			"rotation": {"angle": -45, "axis": "x", "origin": [8, 17.72272, 12.26777]},
			"faces": {
				"up": {"uv": [0.004, 11.004, 2.371, 14.121], "texture": "#1"},
				"down": {"uv": [0.004, 14.121, 2.371, 11.004], "texture": "#1"}
			}
		},
		{
			"from": [-1.5, 11.59772, 6.39277],
			"to": [17.5, 11.59772, 31.39277],
			"rotation": {"angle": -45, "axis": "x", "origin": [8, 17.72272, 12.26777]},
			"faces": {
				"up": {"uv": [2.379, 11.004, 4.746, 14.121], "texture": "#1"},
				"down": {"uv": [2.379, 14.121, 4.746, 11.004], "texture": "#1"}
			}
		},
		{
			"from": [-1.5, 11.84772, 6.64277],
			"to": [17.5, 11.84772, 31.64277],
			"rotation": {"angle": -45, "axis": "x", "origin": [8, 17.72272, 12.26777]},
			"faces": {
				"up": {"uv": [4.754, 11.004, 7.121, 14.121], "texture": "#1"},
				"down": {"uv": [4.754, 14.121, 7.121, 11.004], "texture": "#1"}
			}
		},
		{
			"from": [-1.5, 12.09772, 6.89277],
			"to": [17.5, 12.09772, 31.89277],
			"rotation": {"angle": -45, "axis": "x", "origin": [8, 17.72272, 12.26777]},
			"faces": {
				"up": {"uv": [7.129, 11.004, 9.496, 14.121], "texture": "#1"},
				"down": {"uv": [7.129, 14.121, 9.496, 11.004], "texture": "#1"}
			}
		},
		{
			"from": [-1.5, 12.34772, 6.64277],
			"to": [17.5, 12.34772, 31.64277],
			"rotation": {"angle": -45, "axis": "x", "origin": [8, 17.72272, 12.26777]},
			"faces": {
				"up": {"uv": [9.504, 11.004, 11.871, 14.121], "texture": "#1"},
				"down": {"uv": [9.504, 14.121, 11.871, 11.004], "texture": "#1"}
			}
		},
		{
			"from": [-1.5, 12.59772, 6.39277],
			"to": [17.5, 12.59772, 31.39277],
			"rotation": {"angle": -45, "axis": "x", "origin": [8, 17.72272, 12.26777]},
			"faces": {
				"up": {"uv": [11.879, 11.004, 14.246, 14.121], "texture": "#1"},
				"down": {"uv": [11.879, 14.121, 14.246, 11.004], "texture": "#1"}
			}
		}
	],
	"display": {
		"thirdperson_righthand": {
			"scale": [0.5, 0.5, 0.5]
		},
		"thirdperson_lefthand": {
			"scale": [0.5, 0.5, 0.5]
		},
		"gui": {
			"rotation": [-163, 50, -180],
			"translation": [-1.5, -2, 0],
			"scale": [0.4, 0.4, 0.4]
		}
	},
	"groups": [
		{
			"name": "group",
			"origin": [8, 8, 8],
			"color": 0,
			"nbt": "{}",
			"armAnimationEnabled": false,
			"children": [
				{
					"name": "group",
					"origin": [2.53553, 2.0472, 9],
					"color": 0,
					"nbt": "{}",
					"armAnimationEnabled": false,
					"children": [0, 1]
				},
				{
					"name": "group",
					"origin": [2.53553, 2.0472, 9],
					"color": 0,
					"nbt": "{}",
					"armAnimationEnabled": false,
					"children": [2, 3]
				},
				{
					"name": "group",
					"origin": [2.53553, 2.0472, 9],
					"color": 0,
					"nbt": "{}",
					"armAnimationEnabled": false,
					"children": [4, 5]
				},
				{
					"name": "group",
					"origin": [2.53553, 2.0472, 9],
					"color": 0,
					"nbt": "{}",
					"armAnimationEnabled": false,
					"children": [6, 7]
				},
				{
					"name": "group",
					"origin": [2.53553, 2.0472, 9],
					"color": 0,
					"nbt": "{}",
					"armAnimationEnabled": false,
					"children": [8, 9]
				},
				{
					"name": "group",
					"origin": [2.53553, 2.0472, 9],
					"color": 0,
					"nbt": "{}",
					"armAnimationEnabled": false,
					"children": [10, 11]
				}
			]
		},
		{
			"name": "group",
			"origin": [8, 8, 8],
			"color": 0,
			"nbt": "{}",
			"armAnimationEnabled": false,
			"children": [
				{
					"name": "group",
					"origin": [2.53553, 2.0472, 9],
					"color": 0,
					"nbt": "{}",
					"armAnimationEnabled": false,
					"children": [12, 13]
				},
				{
					"name": "group",
					"origin": [2.53553, 2.0472, 9],
					"color": 0,
					"nbt": "{}",
					"armAnimationEnabled": false,
					"children": [14, 15]
				},
				{
					"name": "group",
					"origin": [2.53553, 2.0472, 9],
					"color": 0,
					"nbt": "{}",
					"armAnimationEnabled": false,
					"children": [16, 17]
				},
				{
					"name": "group",
					"origin": [2.53553, 2.0472, 9],
					"color": 0,
					"nbt": "{}",
					"armAnimationEnabled": false,
					"children": [18, 19]
				},
				{
					"name": "group",
					"origin": [2.53553, 2.0472, 9],
					"color": 0,
					"nbt": "{}",
					"armAnimationEnabled": false,
					"children": [20, 21]
				},
				{
					"name": "group",
					"origin": [2.53553, 2.0472, 9],
					"color": 0,
					"nbt": "{}",
					"armAnimationEnabled": false,
					"children": [22, 23]
				}
			]
		},
		{
			"name": "group",
			"origin": [8, 8, 8],
			"color": 0,
			"nbt": "{}",
			"armAnimationEnabled": false,
			"children": [24, 25, 26, 27, 28, 29]
		}
	]
}