{
	"credit": "Made with Blockbench",
	"parent": "hideaway:display_parents/back",
	"texture_size": [64, 64],
	"textures": {
		"0": "hideaway:back/snowflake_wings",
		"particle": "hideaway:back/snowflake_wings"
	},
	"elements": [
		{
			"from": [6, 7, 10],
			"to": [10, 11, 12],
			"rotation": {"angle": -45, "axis": "z", "origin": [8, 9, 11]},
			"faces": {
				"north": {"uv": [1.508, 5.508, 2.492, 6.492], "rotation": 90, "texture": "#0"},
				"east": {"uv": [0.008, 6.508, 0.992, 6.992], "rotation": 90, "texture": "#0"},
				"south": {"uv": [0.008, 5.508, 0.992, 6.492], "texture": "#0"},
				"west": {"uv": [1.492, 5.508, 1.008, 6.492], "texture": "#0"},
				"up": {"uv": [1.492, 5.508, 1.008, 6.492], "rotation": 90, "texture": "#0"},
				"down": {"uv": [0.008, 6.992, 0.992, 6.508], "texture": "#0"}
			}
		},
		{
			"from": [-15.5, 2.5, 11.25],
			"to": [6.5, 15.5, 11.25],
			"rotation": {"angle": 0, "axis": "y", "origin": [8, 9, 11]},
			"faces": {
				"north": {"uv": [0.008, 0.008, 3.242, 5.492], "rotation": 90, "texture": "#0"},
				"south": {"uv": [0.008, 0.008, 3.242, 5.492], "rotation": 270, "texture": "#0"}
			}
		},
		{
			"from": [9.5, 2.5, 11.25],
			"to": [31.5, 15.5, 11.25],
			"rotation": {"angle": 0, "axis": "y", "origin": [8, 9, 11]},
			"faces": {
				"north": {"uv": [0.008, 5.492, 3.242, 0.008], "rotation": 90, "texture": "#0"},
				"south": {"uv": [0.008, 5.492, 3.242, 0.008], "rotation": 270, "texture": "#0"}
			}
		},
		{
			"from": [2.5, -8.21646, 10.75],
			"to": [13.5, 9.78354, 10.75],
			"rotation": {"angle": -22.5, "axis": "x", "origin": [8, 7.78354, 10.5]},
			"faces": {
				"north": {"uv": [6.008, 0.008, 8.742, 4.492], "rotation": 180, "texture": "#0"},
				"south": {"uv": [6.008, 0.008, 8.742, 4.492], "rotation": 180, "texture": "#0"}
			}
		},
		{
			"from": [2.5, -10.5, 10.75],
			"to": [13.5, 7.5, 10.75],
			"rotation": {"angle": 45, "axis": "z", "origin": [8, 9, 11]},
			"faces": {
				"north": {"uv": [8.742, 0.008, 6.008, 4.492], "rotation": 180, "texture": "#0"},
				"south": {"uv": [8.742, 0.008, 6.008, 4.492], "rotation": 180, "texture": "#0"}
			}
		},
		{
			"from": [2.5, -10.5, 10.75],
			"to": [13.5, 7.5, 10.75],
			"rotation": {"angle": -45, "axis": "z", "origin": [8, 9, 11]},
			"faces": {
				"north": {"uv": [6.008, 0.008, 8.742, 4.492], "rotation": 180, "texture": "#0"},
				"south": {"uv": [6.008, 0.008, 8.742, 4.492], "rotation": 180, "texture": "#0"}
			}
		}
	],
	"display": {
		"gui": {
			"rotation": [180, 33.5, 180],
			"translation": [-0.75, 1, 0],
			"scale": [0.4, 0.4, 0.4]
		}
	},
	"groups": [
		{
			"name": "group",
			"origin": [8, 8, 8],
			"color": 0,
			"nbt": "{}",
			"armAnimationEnabled": false,
			"children": [0, 1, 2, 3, 4, 5]
		}
	]
}