{
	"credit": "Made with Blockbench",
	"parent": "hideaway:display_parents/back",
	"texture_size": [32, 32],
	"textures": {
		"1": "hideaway:back/space_cadet_toy_wings",
		"particle": "hideaway:back/space_cadet_toy_wings"
	},
	"elements": [
		{
			"from": [6, 7, 10],
			"to": [10, 14, 14],
			"rotation": {"angle": 0, "axis": "y", "origin": [7, 10, 10]},
			"faces": {
				"north": {"uv": [6.5, 8, 8.5, 11.5], "texture": "#1"},
				"south": {"uv": [8.5, 8, 10.5, 11.5], "texture": "#1"},
				"up": {"uv": [6, 13.5, 4, 11.5], "texture": "#1"}
			}
		},
		{
			"from": [7, 7, 14],
			"to": [9, 9, 15],
			"rotation": {"angle": 0, "axis": "y", "origin": [7, 10, 12]},
			"faces": {
				"north": {"uv": [13, 0, 14, 1], "texture": "#1"},
				"east": {"uv": [10, 11.5, 10.5, 12.5], "texture": "#1"},
				"south": {"uv": [13, 1, 14, 2], "texture": "#1"},
				"west": {"uv": [10, 11.5, 10.5, 12.5], "texture": "#1"},
				"up": {"uv": [14, 10, 13, 9.5], "texture": "#1"},
				"down": {"uv": [14, 10, 13, 10.5], "texture": "#1"}
			}
		},
		{
			"from": [4, 4, 10],
			"to": [12, 7, 14],
			"rotation": {"angle": 0, "axis": "y", "origin": [7, 8, 10]},
			"faces": {
				"north": {"uv": [2.5, 10, 6.5, 11.5], "texture": "#1"},
				"east": {"uv": [0, 12, 2, 13.5], "texture": "#1"},
				"south": {"uv": [10.5, 8, 14.5, 9.5], "texture": "#1"},
				"west": {"uv": [2, 12, 0, 13.5], "texture": "#1"},
				"down": {"uv": [6.5, 8, 2.5, 10], "texture": "#1"}
			}
		},
		{
			"from": [3, 7, 10],
			"to": [6, 15, 15],
			"rotation": {"angle": 0, "axis": "y", "origin": [7, 8, 10]},
			"faces": {
				"north": {"uv": [10.5, 9.5, 12, 13.5], "texture": "#1", "tintindex": 0},
				"east": {"uv": [0, 8, 2.5, 12], "texture": "#1", "tintindex": 0},
				"south": {"uv": [2.5, 11.5, 4, 15.5], "texture": "#1", "tintindex": 0},
				"west": {"uv": [2.5, 8, 0, 12], "texture": "#1", "tintindex": 0},
				"up": {"uv": [7.5, 14, 6, 11.5], "texture": "#1", "tintindex": 0},
				"down": {"uv": [7.5, 11.5, 9, 14], "texture": "#1", "tintindex": 0}
			}
		},
		{
			"from": [10, 7, 10],
			"to": [13, 15, 15],
			"rotation": {"angle": 0, "axis": "y", "origin": [9, 8, 10]},
			"faces": {
				"north": {"uv": [10.5, 9.5, 12, 13.5], "texture": "#1", "tintindex": 0},
				"east": {"uv": [0, 8, 2.5, 12], "texture": "#1", "tintindex": 0},
				"south": {"uv": [2.5, 11.5, 4, 15.5], "texture": "#1", "tintindex": 0},
				"west": {"uv": [2.5, 8, 0, 12], "texture": "#1", "tintindex": 0},
				"up": {"uv": [7.5, 14, 6, 11.5], "texture": "#1", "tintindex": 0},
				"down": {"uv": [9, 11.5, 7.5, 14], "texture": "#1", "tintindex": 0}
			}
		},
		{
			"from": [-9.1, 5.9, 11.9],
			"to": [4.1, 14.1, 12.1],
			"rotation": {"angle": 0, "axis": "y", "origin": [0, 10, 12]},
			"faces": {
				"north": {"uv": [0, 0, 6.5, 4], "texture": "#1"},
				"south": {"uv": [6.5, 0, 0, 4], "texture": "#1"}
			}
		},
		{
			"from": [-9, 6, 12],
			"to": [4, 14, 12],
			"rotation": {"angle": 0, "axis": "y", "origin": [0, 10, 12]},
			"faces": {
				"north": {"uv": [0, 4, 6.5, 8], "texture": "#1"},
				"south": {"uv": [6.5, 4, 0, 8], "texture": "#1"}
			}
		},
		{
			"from": [-3, 6, 12],
			"to": [-2, 11, 12],
			"rotation": {"angle": 0, "axis": "y", "origin": [0, 10, 12]},
			"faces": {
				"north": {"uv": [14, 11, 13.5, 13.5], "texture": "#1", "tintindex": 0},
				"south": {"uv": [14, 11, 13.5, 13.5], "texture": "#1", "tintindex": 0}
			}
		},
		{
			"from": [18, 6, 12],
			"to": [19, 11, 12],
			"rotation": {"angle": 0, "axis": "y", "origin": [0, 10, 12]},
			"faces": {
				"north": {"uv": [14, 11, 13.5, 13.5], "texture": "#1", "tintindex": 0},
				"south": {"uv": [14, 11, 13.5, 13.5], "texture": "#1", "tintindex": 0}
			}
		},
		{
			"from": [-11, 6, 11],
			"to": [-9, 11, 13],
			"rotation": {"angle": 0, "axis": "y", "origin": [2, 10, 12]},
			"faces": {
				"north": {"uv": [10, 11.5, 9, 14], "texture": "#1", "tintindex": 0},
				"east": {"uv": [12, 12, 13, 14.5], "texture": "#1", "tintindex": 0},
				"south": {"uv": [9, 11.5, 10, 14], "texture": "#1", "tintindex": 0},
				"west": {"uv": [12, 9.5, 13, 12], "texture": "#1", "tintindex": 0},
				"down": {"uv": [13, 7, 14, 8], "texture": "#1", "tintindex": 0}
			}
		},
		{
			"from": [-11, 11, 11],
			"to": [-9, 13, 13],
			"rotation": {"angle": 0, "axis": "y", "origin": [2, 10, 12]},
			"faces": {
				"north": {"uv": [13, 2, 14, 3], "texture": "#1"},
				"east": {"uv": [13, 3, 14, 4], "texture": "#1"},
				"south": {"uv": [14, 2, 15, 3], "texture": "#1"},
				"west": {"uv": [14, 2, 15, 3], "texture": "#1"},
				"up": {"uv": [14, 2, 15, 3], "texture": "#1"}
			}
		},
		{
			"from": [25, 11, 11],
			"to": [27, 13, 13],
			"rotation": {"angle": 0, "axis": "y", "origin": [14, 10, 12]},
			"faces": {
				"north": {"uv": [13, 4, 14, 5], "texture": "#1"},
				"east": {"uv": [14, 4, 15, 5], "texture": "#1"},
				"south": {"uv": [14, 4, 15, 5], "texture": "#1"},
				"west": {"uv": [13, 5, 14, 6], "texture": "#1"},
				"up": {"uv": [14, 4, 15, 5], "texture": "#1"}
			}
		},
		{
			"from": [12, 6, 12],
			"to": [25, 14, 12],
			"rotation": {"angle": 0, "axis": "y", "origin": [16, 10, 12]},
			"faces": {
				"north": {"uv": [6.5, 0, 13, 4], "texture": "#1"},
				"south": {"uv": [0, 4, 6.5, 8], "texture": "#1"}
			}
		},
		{
			"from": [25, 6, 11],
			"to": [27, 11, 13],
			"rotation": {"angle": 0, "axis": "y", "origin": [14, 10, 12]},
			"faces": {
				"north": {"uv": [9, 11.5, 10, 14], "texture": "#1", "tintindex": 0},
				"east": {"uv": [12, 9.5, 13, 12], "texture": "#1", "tintindex": 0},
				"south": {"uv": [10, 11.5, 9, 14], "texture": "#1", "tintindex": 0},
				"west": {"uv": [12, 12, 13, 14.5], "texture": "#1", "tintindex": 0},
				"down": {"uv": [14, 7, 13, 8], "texture": "#1", "tintindex": 0}
			}
		},
		{
			"from": [11.9, 5.9, 11.9],
			"to": [25.1, 14.1, 12.1],
			"rotation": {"angle": 0, "axis": "y", "origin": [16, 10, 12]},
			"faces": {
				"north": {"uv": [6.5, 4, 13, 8], "texture": "#1"},
				"south": {"uv": [13, 4, 6.5, 8], "texture": "#1"}
			}
		}
	],
	"display": {
		"gui": {
			"rotation": [40, -138, 0],
			"translation": [1.25, -1.25, 0],
			"scale": [0.5, 0.5, 0.5]
		}
	},
	"groups": [
		{
			"name": "group",
			"origin": [8, 8, 8],
			"color": 0,
			"nbt": "{}",
			"children": [
				{
					"name": "group",
					"origin": [8, 8, 8],
					"color": 0,
					"nbt": "{}",
					"children": [0, 1, 2, 3, 4]
				},
				{
					"name": "group",
					"origin": [8, 8, 8],
					"color": 0,
					"nbt": "{}",
					"children": [5, 6, 7, 8, 9, 10, 11, 12, 13, 14]
				}
			]
		}
	],
	"__credit": "Generated using Animated Java (https://animated-java.dev/)"
}