{
	"credit": "Made with Blockbench",
	"parent": "hideaway:display_parents/back",
	"texture_size": [64, 64],
	"textures": {
		"3": "hideaway:back/spider_legs"
	},
	"elements": [
		{
			"from": [3, 1, 10],
			"to": [13, 10, 19],
			"faces": {
				"north": {"uv": [5.25, 0, 7.75, 2.25], "texture": "#3", "tintindex": 0},
				"east": {"uv": [0, 5.75, 2.25, 8], "texture": "#3", "tintindex": 0},
				"south": {"uv": [5.25, 2.25, 7.75, 4.5], "texture": "#3", "tintindex": 0},
				"west": {"uv": [0, 3.5, 2.25, 5.75], "texture": "#3", "tintindex": 0},
				"up": {"uv": [7.75, 6.75, 5.25, 4.5], "texture": "#3", "tintindex": 0},
				"down": {"uv": [4.75, 3.5, 2.25, 5.75], "texture": "#3", "tintindex": 0}
			}
		},
		{
			"from": [11, -9, 12],
			"to": [21, 5, 12],
			"rotation": {"angle": -22.5, "axis": "z", "origin": [18, 1, 12]},
			"faces": {
				"north": {"uv": [2.5, 0, 5, 3.5], "texture": "#3", "tintindex": 0},
				"east": {"uv": [0, 0, 0, 3.5], "texture": "#3", "tintindex": 0},
				"south": {"uv": [0, 0, 2.5, 3.5], "texture": "#3", "tintindex": 0},
				"west": {"uv": [0, 0, 0, 3.5], "texture": "#3", "tintindex": 0},
				"up": {"uv": [2.5, 0, 0, 0], "texture": "#3", "tintindex": 0},
				"down": {"uv": [2.5, 0, 0, 0], "texture": "#3", "tintindex": 0}
			}
		},
		{
			"from": [13, -5, 17.5],
			"to": [23, 9, 17.5],
			"rotation": {"angle": 0, "axis": "y", "origin": [18, 2, 12]},
			"faces": {
				"north": {"uv": [2.5, 0, 5, 3.5], "texture": "#3", "tintindex": 0},
				"east": {"uv": [0, 0, 0, 3.5], "texture": "#3", "tintindex": 0},
				"south": {"uv": [0, 0, 2.5, 3.5], "texture": "#3", "tintindex": 0},
				"west": {"uv": [0, 0, 0, 3.5], "texture": "#3", "tintindex": 0},
				"up": {"uv": [2.5, 0, 0, 0], "texture": "#3", "tintindex": 0},
				"down": {"uv": [2.5, 0, 0, 0], "texture": "#3", "tintindex": 0}
			}
		},
		{
			"from": [-5, -9, 12],
			"to": [5, 5, 12],
			"rotation": {"angle": 22.5, "axis": "z", "origin": [-2, 1, 12]},
			"faces": {
				"north": {"uv": [0, 0, 2.5, 3.5], "texture": "#3", "tintindex": 0},
				"east": {"uv": [0, 0, 0, 3.5], "texture": "#3", "tintindex": 0},
				"south": {"uv": [2.5, 0, 5, 3.5], "texture": "#3", "tintindex": 0},
				"west": {"uv": [0, 0, 0, 3.5], "texture": "#3", "tintindex": 0},
				"up": {"uv": [2.5, 0, 0, 0], "texture": "#3", "tintindex": 0},
				"down": {"uv": [2.5, 0, 0, 0], "texture": "#3", "tintindex": 0}
			}
		},
		{
			"from": [-7, -5, 17.5],
			"to": [3, 9, 17.5],
			"rotation": {"angle": 0, "axis": "y", "origin": [-2, 2, 12]},
			"faces": {
				"north": {"uv": [0, 0, 2.5, 3.5], "texture": "#3", "tintindex": 0},
				"east": {"uv": [0, 0, 0, 3.5], "texture": "#3", "tintindex": 0},
				"south": {"uv": [2.5, 0, 5, 3.5], "texture": "#3", "tintindex": 0},
				"west": {"uv": [0, 0, 0, 3.5], "texture": "#3", "tintindex": 0},
				"up": {"uv": [2.5, 0, 0, 0], "texture": "#3", "tintindex": 0},
				"down": {"uv": [2.5, 0, 0, 0], "texture": "#3", "tintindex": 0}
			}
		},
		{
			"from": [-8.69448, 3.53596, 14.5],
			"to": [5.30552, 13.53596, 14.5],
			"rotation": {"angle": 22.5, "axis": "z", "origin": [-2.07926, 3.11522, 14.5]},
			"faces": {
				"north": {"uv": [0, 0, 2.5, 3.5], "rotation": 270, "texture": "#3", "tintindex": 0},
				"east": {"uv": [2.5, 0, 0, 0], "rotation": 90, "texture": "#3", "tintindex": 0},
				"south": {"uv": [2.5, 0, 5, 3.5], "rotation": 90, "texture": "#3", "tintindex": 0},
				"west": {"uv": [2.5, 0, 0, 0], "rotation": 90, "texture": "#3", "tintindex": 0},
				"up": {"uv": [0, 0, 0, 3.5], "rotation": 90, "texture": "#3", "tintindex": 0},
				"down": {"uv": [0, 0, 0, 3.5], "rotation": 90, "texture": "#3", "tintindex": 0}
			}
		},
		{
			"from": [10.69448, 3.53596, 14.5],
			"to": [24.69448, 13.53596, 14.5],
			"rotation": {"angle": -22.5, "axis": "z", "origin": [18.07926, 3.11522, 14.5]},
			"faces": {
				"north": {"uv": [0, 3.5, 2.5, 0], "rotation": 270, "texture": "#3", "tintindex": 0},
				"east": {"uv": [2.5, 0, 0, 0], "rotation": 90, "texture": "#3", "tintindex": 0},
				"south": {"uv": [2.5, 3.5, 5, 0], "rotation": 90, "texture": "#3", "tintindex": 0},
				"west": {"uv": [2.5, 0, 0, 0], "rotation": 90, "texture": "#3", "tintindex": 0},
				"up": {"uv": [0, 3.5, 0, 0], "rotation": 90, "texture": "#3", "tintindex": 0},
				"down": {"uv": [0, 3.5, 0, 0], "rotation": 90, "texture": "#3", "tintindex": 0}
			}
		}
	],
	"display": {
		"thirdperson_righthand": {
			"rotation": [68.75, 0, 0],
			"translation": [0, 4.25, 0],
			"scale": [0.6, 0.6, 0.6]
		},
		"thirdperson_lefthand": {
			"rotation": [68.75, 0, 0],
			"translation": [0, 4.25, 0],
			"scale": [0.6, 0.6, 0.6]
		},
		"gui": {
			"rotation": [14.3, 18.14, 1.27],
			"translation": [-1, 2.25, 0],
			"scale": [0.4, 0.4, 0.4]
		}
	},
	"__credit": "Generated using Animated Java (https://animated-java.dev/)"
}