{
	"credit": "Made by Ziqqy using Blockbench",
	"parent": "hideaway:display_parents/back",
	"texture_size": [32, 32],
	"textures": {
		"1": "hideaway:back/spiked_tail",
		"particle": "hideaway:back/spiked_tail"
	},
	"elements": [
		{
			"from": [7, 3.5, 9.5],
			"to": [9, 7.5, 11.5],
			"rotation": {"angle": -45, "axis": "x", "origin": [8, 5.19134, 11.03806]},
			"faces": {
				"north": {"uv": [0.016, 0.016, 0.984, 1.984], "texture": "#1", "tintindex": 0},
				"east": {"uv": [1.016, 0.016, 1.984, 1.984], "texture": "#1", "tintindex": 0},
				"south": {"uv": [0.016, 2.016, 0.984, 3.984], "texture": "#1", "tintindex": 0},
				"west": {"uv": [2.016, 0.016, 2.984, 1.984], "texture": "#1", "tintindex": 0},
				"up": {"uv": [0.984, 6.484, 0.016, 5.516], "texture": "#1", "tintindex": 0},
				"down": {"uv": [6.984, 0.016, 6.016, 0.984], "texture": "#1", "tintindex": 0}
			}
		},
		{
			"from": [7, -1.44962, 11.70871],
			"to": [9, 1.55038, 13.70871],
			"rotation": {"angle": 0, "axis": "y", "origin": [8, -0.94962, 12.70871]},
			"faces": {
				"north": {"uv": [1.016, 2.016, 1.984, 3.484], "texture": "#1", "tintindex": 0},
				"east": {"uv": [2.016, 2.016, 2.984, 3.484], "texture": "#1", "tintindex": 0},
				"south": {"uv": [3.016, 0.016, 3.984, 1.484], "texture": "#1", "tintindex": 0},
				"west": {"uv": [3.016, 1.516, 3.984, 2.984], "texture": "#1", "tintindex": 0},
				"up": {"uv": [6.984, 1.984, 6.016, 1.016], "texture": "#1", "tintindex": 0},
				"down": {"uv": [6.984, 2.016, 6.016, 2.984], "texture": "#1", "tintindex": 0}
			}
		},
		{
			"from": [7, -3.95275, 12.20662],
			"to": [9, -0.95275, 14.20662],
			"rotation": {"angle": -22.5, "axis": "x", "origin": [8, -2.45275, 13.20662]},
			"faces": {
				"north": {"uv": [4.016, 0.016, 4.984, 1.484], "texture": "#1", "tintindex": 0},
				"east": {"uv": [4.016, 1.516, 4.984, 2.984], "texture": "#1", "tintindex": 0},
				"south": {"uv": [4.016, 3.016, 4.984, 4.484], "texture": "#1", "tintindex": 0},
				"west": {"uv": [3.016, 4.516, 3.984, 5.984], "texture": "#1", "tintindex": 0},
				"up": {"uv": [6.984, 5.984, 6.016, 5.016], "texture": "#1", "tintindex": 0},
				"down": {"uv": [6.984, 6.016, 6.016, 6.984], "texture": "#1", "tintindex": 0}
			}
		},
		{
			"from": [7.248, -6.07681, 13.62253],
			"to": [8.752, -3.07281, 15.12653],
			"rotation": {"angle": -45, "axis": "x", "origin": [8.25, -4.57481, 14.62453]},
			"faces": {
				"north": {"uv": [4.016, 4.516, 4.984, 5.984], "texture": "#1", "tintindex": 0},
				"east": {"uv": [5.016, 0.016, 5.984, 1.484], "texture": "#1", "tintindex": 0},
				"south": {"uv": [1.016, 5.016, 1.984, 6.484], "texture": "#1", "tintindex": 0},
				"west": {"uv": [5.016, 1.516, 5.984, 2.984], "texture": "#1", "tintindex": 0},
				"up": {"uv": [0.984, 7.484, 0.016, 6.516], "texture": "#1", "tintindex": 0},
				"down": {"uv": [1.984, 6.516, 1.016, 7.484], "texture": "#1", "tintindex": 0}
			}
		},
		{
			"from": [7.25, -6.99272, 15.24658],
			"to": [8.75, -5.49272, 18.24658],
			"rotation": {"angle": 22.5, "axis": "x", "origin": [8.25, -5.99272, 16.74658]},
			"faces": {
				"north": {"uv": [2.016, 6.516, 2.984, 7.484], "texture": "#1", "tintindex": 0},
				"east": {"uv": [5.016, 3.016, 6.484, 3.984], "texture": "#1", "tintindex": 0},
				"south": {"uv": [6.516, 3.016, 7.484, 3.984], "texture": "#1", "tintindex": 0},
				"west": {"uv": [5.016, 4.016, 6.484, 4.984], "texture": "#1", "tintindex": 0},
				"up": {"uv": [2.984, 6.484, 2.016, 5.016], "texture": "#1", "tintindex": 0},
				"down": {"uv": [5.984, 5.016, 5.016, 6.484], "texture": "#1", "tintindex": 0}
			}
		},
		{
			"from": [7.5, -7.49062, 17.74972],
			"to": [8.5, -6.49062, 20.74972],
			"rotation": {"angle": 0, "axis": "y", "origin": [8.5, -6.49062, 16.24972]},
			"faces": {
				"north": {"uv": [1.016, 8.016, 1.484, 8.484], "texture": "#1", "tintindex": 0},
				"east": {"uv": [7.016, 7.016, 8.484, 7.484], "texture": "#1", "tintindex": 0},
				"south": {"uv": [8.016, 1.016, 8.484, 1.484], "texture": "#1", "tintindex": 0},
				"west": {"uv": [0.016, 7.516, 1.484, 7.984], "texture": "#1", "tintindex": 0},
				"up": {"uv": [4.984, 8.484, 4.516, 7.016], "texture": "#1", "tintindex": 0},
				"down": {"uv": [7.984, 1.016, 7.516, 2.484], "texture": "#1", "tintindex": 0}
			}
		},
		{
			"from": [6.88591, -7.49262, 17.17056],
			"to": [7.88991, -6.48862, 20.67456],
			"rotation": {"angle": 22.5, "axis": "y", "origin": [7.38791, -6.99062, 19.17256]},
			"faces": {
				"north": {"uv": [1.516, 8.016, 1.984, 8.484], "texture": "#1", "tintindex": 0},
				"east": {"uv": [6.516, 4.016, 8.484, 4.484], "texture": "#1", "tintindex": 0},
				"south": {"uv": [8.016, 1.516, 8.484, 1.984], "texture": "#1", "tintindex": 0},
				"west": {"uv": [6.516, 4.516, 8.484, 4.984], "texture": "#1", "tintindex": 0},
				"up": {"uv": [5.484, 8.484, 5.016, 6.516], "texture": "#1", "tintindex": 0},
				"down": {"uv": [5.984, 6.516, 5.516, 8.484], "texture": "#1", "tintindex": 0}
			}
		},
		{
			"from": [8.11009, -7.49262, 17.17056],
			"to": [9.11409, -6.48862, 20.67456],
			"rotation": {"angle": -22.5, "axis": "y", "origin": [8.61209, -6.99062, 19.17256]},
			"faces": {
				"north": {"uv": [2.016, 8.016, 2.484, 8.484], "texture": "#1", "tintindex": 0},
				"east": {"uv": [7.016, 0.016, 8.984, 0.484], "texture": "#1", "tintindex": 0},
				"south": {"uv": [8.016, 2.016, 8.484, 2.484], "texture": "#1", "tintindex": 0},
				"west": {"uv": [7.016, 0.516, 8.984, 0.984], "texture": "#1", "tintindex": 0},
				"up": {"uv": [7.484, 2.984, 7.016, 1.016], "texture": "#1", "tintindex": 0},
				"down": {"uv": [3.484, 7.016, 3.016, 8.984], "texture": "#1", "tintindex": 0}
			}
		},
		{
			"from": [6.998, 1.08958, 11.40015],
			"to": [9.002, 4.09358, 13.40415],
			"rotation": {"angle": -22.5, "axis": "x", "origin": [8, 2.09158, 12.40215]},
			"faces": {
				"north": {"uv": [3.016, 3.016, 3.984, 4.484], "texture": "#1", "tintindex": 0},
				"east": {"uv": [1.016, 3.516, 1.984, 4.984], "texture": "#1", "tintindex": 0},
				"south": {"uv": [2.016, 3.516, 2.984, 4.984], "texture": "#1", "tintindex": 0},
				"west": {"uv": [0.016, 4.016, 0.984, 5.484], "texture": "#1", "tintindex": 0},
				"up": {"uv": [3.984, 6.984, 3.016, 6.016], "texture": "#1", "tintindex": 0},
				"down": {"uv": [4.984, 6.016, 4.016, 6.984], "texture": "#1", "tintindex": 0}
			}
		},
		{
			"from": [6.952, 1.31689, 11.69681],
			"to": [9.052, 2.41689, 13.79681],
			"rotation": {"angle": -22.5, "axis": "x", "origin": [8.002, 0.86689, 10.74681]},
			"faces": {
				"north": {"uv": [1.516, 7.516, 2.484, 7.984], "texture": "#1"},
				"east": {"uv": [7.516, 2.516, 8.484, 2.984], "texture": "#1"},
				"south": {"uv": [7.516, 3.016, 8.484, 3.484], "texture": "#1"},
				"west": {"uv": [7.516, 3.516, 8.484, 3.984], "texture": "#1"},
				"up": {"uv": [4.484, 7.984, 3.516, 7.016], "texture": "#1"},
				"down": {"uv": [7.984, 5.016, 7.016, 5.984], "texture": "#1"}
			}
		},
		{
			"from": [6.95, 4.82012, 10.35901],
			"to": [9.05, 6.92012, 11.45901],
			"rotation": {"angle": 45, "axis": "x", "origin": [8, 6.62012, 9.90901]},
			"faces": {
				"north": {"uv": [6.016, 7.016, 6.984, 7.984], "texture": "#1"},
				"east": {"uv": [2.516, 7.516, 2.984, 8.484], "texture": "#1"},
				"south": {"uv": [7.016, 6.016, 7.984, 6.984], "texture": "#1"},
				"west": {"uv": [7.016, 7.516, 7.484, 8.484], "texture": "#1"},
				"up": {"uv": [8.484, 7.984, 7.516, 7.516], "texture": "#1"},
				"down": {"uv": [0.984, 8.016, 0.016, 8.484], "texture": "#1"}
			}
		}
	],
	"display": {
		"gui": {
			"rotation": [30, 45, 0],
			"translation": [-3.25, 8.5, 0],
			"scale": [0.9, 0.9, 0.9]
		}
	}
}