{
	"credit": "Made with Blockbench",
	"parent": "hideaway:display_parents/back",
	"texture_size": [32, 32],
	"textures": {
		"0": "hideaway:back/splattered_apron",
		"particle": "hideaway:back/splattered_apron"
	},
	"elements": [
		{
			"from": [4, 8.25, 5.25],
			"to": [12, 14.25, 10.25],
			"faces": {
				"north": {"uv": [0.016, 10.516, 3.984, 13.484], "texture": "#0", "tintindex": 0},
				"down": {"uv": [3.984, 15.984, 0.016, 13.516], "texture": "#0", "tintindex": 0}
			}
		},
		{
			"from": [4, -2.25, 5.75],
			"to": [12, 5.75, 5.75],
			"rotation": {"angle": 22.5, "axis": "x", "origin": [8, 5.75, 6]},
			"faces": {
				"north": {"uv": [4.016, 11.016, 7.984, 14.984], "texture": "#0", "tintindex": 0},
				"south": {"uv": [7.984, 11.016, 4.016, 14.984], "texture": "#0", "tintindex": 0}
			}
		},
		{
			"from": [3.75, 5.75, 5.75],
			"to": [12.25, 8.25, 10.25],
			"faces": {
				"north": {"uv": [4.016, 8.016, 7.984, 8.984], "texture": "#0", "tintindex": 0},
				"east": {"uv": [6.016, 9.016, 7.984, 9.984], "texture": "#0", "tintindex": 0}
			}
		},
		{
			"name": "cube inverted",
			"from": [12, 14.25, 10.25],
			"to": [4, 8.25, 5.25],
			"faces": {
				"south": {"uv": [0.016, 13.484, 3.984, 10.516], "texture": "#0", "tintindex": 0},
				"up": {"uv": [0.016, 15.984, 3.984, 13.516], "texture": "#0", "tintindex": 0},
				"down": {"uv": [0.016, 10.484, 3.984, 8.016], "texture": "#0", "tintindex": 0}
			}
		},
		{
			"name": "cube inverted",
			"from": [12.25, 8.25, 10.25],
			"to": [3.75, 5.75, 5.75],
			"faces": {
				"south": {"uv": [4.016, 8.984, 7.984, 8.016], "texture": "#0", "tintindex": 0},
				"west": {"uv": [6.016, 9.984, 7.984, 9.016], "texture": "#0", "tintindex": 0}
			}
		},
		{
			"from": [4, 8.25, 5.25],
			"to": [12, 14.25, 10.25],
			"faces": {
				"north": {"uv": [0.016, 2.516, 3.984, 5.484], "texture": "#0"},
				"up": {"uv": [3.984, 2.484, 0.016, 0.016], "texture": "#0"},
				"down": {"uv": [3.984, 7.984, 0.016, 5.516], "texture": "#0"}
			}
		},
		{
			"from": [4, -2.25, 5.75],
			"to": [12, 5.75, 5.75],
			"rotation": {"angle": 22.5, "axis": "x", "origin": [8, 5.75, 6]},
			"faces": {
				"north": {"uv": [4.016, 3.016, 7.984, 6.984], "texture": "#0"},
				"south": {"uv": [7.984, 3.016, 4.016, 6.984], "texture": "#0"}
			}
		},
		{
			"from": [3.75, 5.75, 5.75],
			"to": [12.25, 8.25, 10.25],
			"faces": {
				"north": {"uv": [4.016, 0.016, 7.984, 0.984], "texture": "#0"},
				"east": {"uv": [6.016, 1.016, 7.984, 1.984], "texture": "#0"},
				"south": {"uv": [4.016, 2.016, 7.984, 2.984], "texture": "#0"},
				"west": {"uv": [4.016, 1.016, 5.984, 1.984], "texture": "#0"}
			}
		},
		{
			"name": "cube inverted",
			"from": [12, 14.25, 10.25],
			"to": [4, 8.25, 5.25],
			"faces": {
				"south": {"uv": [0.016, 5.484, 3.984, 2.516], "texture": "#0"},
				"up": {"uv": [0.016, 7.984, 3.984, 5.516], "texture": "#0", "tintindex": 0},
				"down": {"uv": [0.016, 2.484, 3.984, 0.016], "texture": "#0"}
			}
		},
		{
			"name": "cube inverted",
			"from": [12.25, 8.25, 10.25],
			"to": [3.75, 5.75, 5.75],
			"faces": {
				"north": {"uv": [4.016, 2.984, 7.984, 2.016], "texture": "#0"},
				"east": {"uv": [4.016, 1.984, 5.984, 1.016], "texture": "#0"},
				"south": {"uv": [4.016, 0.984, 7.984, 0.016], "texture": "#0"},
				"west": {"uv": [6.016, 1.984, 7.984, 1.016], "texture": "#0"}
			}
		}
	],
	"display": {
		"gui": {
			"rotation": [30, -135, 0],
			"translation": [0, 1.25, 0],
			"scale": [0.76, 0.76, 0.76]
		}
	},
	"groups": [
		{
			"name": "group",
			"origin": [8, 8, 8],
			"color": 0,
			"nbt": "{}",
			"children": [
				{
					"name": "group",
					"origin": [0, 0, 0],
					"color": 0,
					"nbt": "{}",
					"children": [0, 1, 2, 3, 4]
				},
				{
					"name": "group",
					"origin": [0, 0, 0],
					"color": 0,
					"nbt": "{}",
					"children": [5, 6, 7, 8, 9]
				}
			]
		}
	],
	"__credit": "Generated using Animated Java (https://animated-java.dev/)"
}