{
	"credit": "Made by Ziqqy using Blockbench",
	"parent": "hideaway:display_parents/back",
	"texture_size": [32, 32],
	"textures": {
		"1": "hideaway:back/stitched_pumpkin_back",
		"particle": "hideaway:back/stitched_pumpkin_back"
	},
	"elements": [
		{
			"from": [3, 1, 4],
			"to": [13, 10, 12],
			"faces": {
				"north": {"uv": [0.016, 0.016, 4.984, 4.484], "texture": "#1"},
				"east": {"uv": [5.016, 8.016, 8.984, 12.484], "texture": "#1"},
				"south": {"uv": [0.016, 4.516, 4.984, 8.984], "texture": "#1"},
				"west": {"uv": [0.016, 9.016, 3.984, 13.484], "texture": "#1"},
				"up": {"uv": [9.984, 3.984, 5.016, 0.016], "texture": "#1"},
				"down": {"uv": [9.984, 4.016, 5.016, 7.984], "texture": "#1"}
			}
		},
		{
			"from": [7.5, 1, 3.9],
			"to": [8.5, 10, 3.9],
			"faces": {
				"north": {"uv": [4.016, 9.016, 4.484, 13.484], "texture": "#1"},
				"east": {"uv": [0.016, 0.016, 0.016, 4.484], "texture": "#1"},
				"south": {"uv": [4.516, 9.016, 4.984, 13.484], "texture": "#1"},
				"west": {"uv": [0.016, 0.016, 0.016, 4.484], "texture": "#1"},
				"up": {"uv": [0.484, 0.016, 0.016, 0.016], "texture": "#1"},
				"down": {"uv": [0.484, 0.016, 0.016, 0.016], "texture": "#1"}
			}
		},
		{
			"from": [7.5, 1, 12.1],
			"to": [8.5, 10, 12.1],
			"faces": {
				"north": {"uv": [9.016, 8.016, 9.484, 12.484], "texture": "#1"},
				"east": {"uv": [0.016, 0.016, 0.016, 4.484], "texture": "#1"},
				"south": {"uv": [9.516, 8.016, 9.984, 12.484], "texture": "#1"},
				"west": {"uv": [0.016, 0.016, 0.016, 4.484], "texture": "#1"},
				"up": {"uv": [0.484, 0.016, 0.016, 0.016], "texture": "#1"},
				"down": {"uv": [0.484, 0.016, 0.016, 0.016], "texture": "#1"}
			}
		}
	],
	"display": {
		"gui": {
			"rotation": [30, -135, 0],
			"translation": [0, 2.25, 0]
		}
	},
	"groups": [
		{
			"name": "group",
			"origin": [8, 8, 8],
			"color": 0,
			"nbt": "{}",
			"children": [0, 1, 2]
		}
	],
	"__credit": "Generated using Animated Java (https://animated-java.dev/)"
}