{
	"credit": "Made with Blockbench",
	"parent": "hideaway:display_parents/back",
	"texture_size": [64, 64],
	"textures": {
		"0": "hideaway:back/stork_wings",
		"particle": "hideaway:back/stork_wings"
	},
	"elements": [
		{
			"from": [-12, 4, 9],
			"to": [6, 21, 9],
			"rotation": {"angle": 45, "axis": "y", "origin": [7, 10, 9]},
			"faces": {
				"north": {"uv": [4.5, 0, 9, 4.25], "texture": "#0", "tintindex": 0},
				"east": {"uv": [4.5, 0, 4.5, 4.25], "texture": "#0", "tintindex": 0},
				"south": {"uv": [4.5, 4.25, 9, 8.5], "texture": "#0", "tintindex": 0},
				"west": {"uv": [4.5, 0, 4.5, 4.25], "texture": "#0", "tintindex": 0},
				"up": {"uv": [9, 0, 4.5, 0], "texture": "#0", "tintindex": 0},
				"down": {"uv": [9, 0, 4.5, 0], "texture": "#0", "tintindex": 0}
			}
		},
		{
			"from": [10, 4, 9],
			"to": [28, 21, 9],
			"rotation": {"angle": -45, "axis": "y", "origin": [9, 10, 9]},
			"faces": {
				"north": {"uv": [9, 0, 4.5, 4.25], "texture": "#0", "tintindex": 0},
				"east": {"uv": [4.5, 0, 4.5, 4.25], "texture": "#0", "tintindex": 0},
				"south": {"uv": [9, 4.25, 4.5, 8.5], "texture": "#0", "tintindex": 0},
				"west": {"uv": [4.5, 0, 4.5, 4.25], "texture": "#0", "tintindex": 0},
				"up": {"uv": [4.5, 0, 9, 0], "texture": "#0", "tintindex": 0},
				"down": {"uv": [4.5, 0, 9, 0], "texture": "#0", "tintindex": 0}
			}
		},
		{
			"from": [-12, 4, 9],
			"to": [6, 21, 9],
			"rotation": {"angle": 45, "axis": "y", "origin": [7, 10, 9]},
			"faces": {
				"north": {"uv": [0, 0, 4.5, 4.25], "texture": "#0"},
				"east": {"uv": [0, 0, 0, 4.25], "texture": "#0"},
				"south": {"uv": [0, 4.25, 4.5, 8.5], "texture": "#0"},
				"west": {"uv": [0, 0, 0, 4.25], "texture": "#0"},
				"up": {"uv": [4.5, 0, 0, 0], "texture": "#0"},
				"down": {"uv": [4.5, 0, 0, 0], "texture": "#0"}
			}
		},
		{
			"from": [10, 4, 9],
			"to": [28, 21, 9],
			"rotation": {"angle": -45, "axis": "y", "origin": [9, 10, 9]},
			"faces": {
				"north": {"uv": [4.5, 0, 0, 4.25], "texture": "#0"},
				"east": {"uv": [0, 0, 0, 4.25], "texture": "#0"},
				"south": {"uv": [4.5, 4.25, 0, 8.5], "texture": "#0"},
				"west": {"uv": [0, 0, 0, 4.25], "texture": "#0"},
				"up": {"uv": [0, 0, 4.5, 0], "texture": "#0"},
				"down": {"uv": [0, 0, 4.5, 0], "texture": "#0"}
			}
		}
	],
	"display": {
		"thirdperson_righthand": {
			"rotation": [90, 90, 0],
			"translation": [-3, -2, 0]
		},
		"thirdperson_lefthand": {
			"rotation": [90, 90, 0],
			"translation": [-3, -2, 0]
		},
		"firstperson_righthand": {
			"rotation": [0, 82, 0],
			"translation": [-0.25, 0, 2.5]
		},
		"firstperson_lefthand": {
			"rotation": [0, 82, 0],
			"translation": [-0.25, 0, 2.5]
		},
		"gui": {
			"rotation": [30, 45, 0],
			"translation": [-0.75, -0.75, 0],
			"scale": [0.5, 0.5, 0.5]
		}
	},
	"groups": [
		{
			"name": "group",
			"origin": [4, 2, 6],
			"color": 0,
			"children": [0, 1, 2, 3]
		}
	],
	"__credit": "Generated using Animated Java (https://animated-java.dev/)"
}