{
	"credit": "Made by CookiesNom with Blockbench",
	"parent": "hideaway:display_parents/back",
	"texture_size": [64, 64],
	"textures": {
		"0": "hideaway:hat/sun_hat",
		"particle": "hideaway:hat/sun_hat"
	},
	"elements": [
		{
			"from": [-6, -8, 15],
			"to": [22, 20, 15],
			"faces": {
				"north": {"uv": [0.008, 0.008, 6.992, 6.992], "texture": "#0"},
				"east": {"uv": [0.008, 0.008, 0.008, 6.992], "texture": "#0"},
				"south": {"uv": [0.008, 7.008, 6.992, 13.992], "texture": "#0"},
				"west": {"uv": [0.008, 0.008, 0.008, 6.992], "texture": "#0"},
				"up": {"uv": [6.992, 0.008, 0.008, 0.008], "texture": "#0"},
				"down": {"uv": [6.992, 0.008, 0.008, 0.008], "texture": "#0"}
			}
		},
		{
			"from": [-10, -12, 15],
			"to": [26, 24, 15],
			"faces": {
				"north": {"uv": [7.008, 0.008, 15.992, 8.992], "texture": "#0"},
				"east": {"uv": [0.008, 0.008, 0.008, 6.992], "texture": "#0"},
				"south": {"uv": [7.008, 0.008, 15.992, 8.992], "texture": "#0"},
				"west": {"uv": [0.008, 0.008, 0.008, 6.992], "texture": "#0"},
				"up": {"uv": [6.992, 0.008, 0.008, 0.008], "texture": "#0"},
				"down": {"uv": [6.992, 0.008, 0.008, 0.008], "texture": "#0"}
			}
		}
	],
	"display": {
		"gui": {
			"rotation": [30, -135, 0],
			"translation": [2.5, 0, 0],
			"scale": [0.45, 0.45, 0.45]
		}
	},
	"groups": [
		{
			"name": "group",
			"origin": [8, 8, 8],
			"color": 0,
			"nbt": "{}",
			"armAnimationEnabled": false,
			"children": [0, 1]
		}
	]
}