{
	"credit": "Made with Blockbench",
	"parent": "hideaway:display_parents/back",
	"texture_size": [64, 64],
	"textures": {
		"1": "hideaway:back/tamagatchiscreen",
		"2": "hideaway:back/tamagatchi_back",
		"particle": "hideaway:back/tamagatchi_back"
	},
	"elements": [
		{
			"from": [3, 3, 11],
			"to": [13, 13, 14],
			"rotation": {"angle": 0, "axis": "y", "origin": [7, 3, 11]},
			"faces": {
				"north": {"uv": [2.5, 0, 5, 2.5], "texture": "#2", "tintindex": 0},
				"east": {"uv": [6.5, 3.5, 7.25, 6], "texture": "#2", "tintindex": 0},
				"south": {"uv": [2.5, 2.5, 5, 5], "texture": "#2", "tintindex": 0},
				"west": {"uv": [2.5, 6.75, 3.25, 9.25], "texture": "#2", "tintindex": 0},
				"up": {"uv": [5.75, 7.5, 3.25, 6.75], "texture": "#2", "tintindex": 0},
				"down": {"uv": [8.25, 6.75, 5.75, 7.5], "texture": "#2", "tintindex": 0}
			}
		},
		{
			"from": [3, 3, 10],
			"to": [13, 13, 11],
			"rotation": {"angle": 0, "axis": "y", "origin": [7, 3, 10]},
			"faces": {
				"north": {"uv": [2.5, 0, 5, 2.5], "texture": "#2", "tintindex": 0},
				"east": {"uv": [7, 3.5, 7.25, 6], "texture": "#2", "tintindex": 0},
				"south": {"uv": [2.5, 2.5, 5, 5], "texture": "#2", "tintindex": 0},
				"west": {"uv": [7, 3.5, 7.25, 6], "texture": "#2", "tintindex": 0},
				"up": {"uv": [5.75, 7, 3.25, 6.75], "texture": "#2", "tintindex": 0},
				"down": {"uv": [8.25, 6.75, 5.75, 7], "texture": "#2", "tintindex": 0}
			}
		},
		{
			"from": [3, 3, 14.25],
			"to": [13, 13, 14.25],
			"rotation": {"angle": 0, "axis": "y", "origin": [7, 3, 11.25]},
			"faces": {
				"north": {"uv": [0, 5, 2.5, 7.5], "texture": "#2", "tintindex": 0},
				"east": {"uv": [0, 0, 0, 2.5], "texture": "#2", "tintindex": 0},
				"south": {"uv": [5, 0, 7.5, 2.5], "texture": "#2"},
				"west": {"uv": [0, 0, 0, 2.5], "texture": "#2", "tintindex": 0},
				"up": {"uv": [2.5, 0, 0, 0], "texture": "#2", "tintindex": 0},
				"down": {"uv": [2.5, 0, 0, 0], "texture": "#2", "tintindex": 0}
			}
		},
		{
			"from": [3, 13, 12.5],
			"to": [13, 17, 12.5],
			"rotation": {"angle": 0, "axis": "y", "origin": [10, 3, 11]},
			"faces": {
				"north": {"uv": [5, 2.5, 7.5, 3.5], "texture": "#2", "tintindex": 0},
				"east": {"uv": [0, 0, 0, 1], "texture": "#2", "tintindex": 0},
				"south": {"uv": [5, 2.5, 7.5, 3.5], "texture": "#2", "tintindex": 0},
				"west": {"uv": [0, 0, 0, 1], "texture": "#2", "tintindex": 0},
				"up": {"uv": [2.5, 0, 0, 0], "texture": "#2", "tintindex": 0},
				"down": {"uv": [2.5, 0, 0, 0], "texture": "#2", "tintindex": 0}
			}
		},
		{
			"from": [1.5, 1, 10.25],
			"to": [3.5, 5, 13.25],
			"rotation": {"angle": -45, "axis": "y", "origin": [1.875, 3.25, 11.75]},
			"faces": {
				"north": {"uv": [0.75, 7.5, 1.25, 8.5], "texture": "#2", "tintindex": 0},
				"east": {"uv": [0, 7.5, 0.75, 8.5], "texture": "#2", "tintindex": 0},
				"south": {"uv": [7.5, 1, 8, 2], "texture": "#2", "tintindex": 0},
				"west": {"uv": [7.5, 0, 8.25, 1], "texture": "#2", "tintindex": 0},
				"up": {"uv": [1.75, 8.25, 1.25, 7.5], "texture": "#2", "tintindex": 0},
				"down": {"uv": [2.25, 7.5, 1.75, 8.25], "texture": "#2", "tintindex": 0}
			}
		},
		{
			"from": [1.25, 2.5, 10.75],
			"to": [1.25, 4.5, 12.75],
			"rotation": {"angle": -45, "axis": "y", "origin": [1.875, 3.25, 11.75]},
			"faces": {
				"north": {"uv": [0, 0, 0, 0.5], "texture": "#2"},
				"east": {"uv": [3.25, 7.5, 3.75, 8], "texture": "#2"},
				"south": {"uv": [0, 0, 0, 0.5], "texture": "#2"},
				"west": {"uv": [3.75, 7.5, 4.25, 8], "texture": "#2"},
				"up": {"uv": [0, 0.5, 0, 0], "texture": "#2"},
				"down": {"uv": [0, 0, 0, 0.5], "texture": "#2"}
			}
		},
		{
			"from": [11.875, 2.5, 14.625],
			"to": [13.875, 4.5, 14.625],
			"rotation": {"angle": 45, "axis": "y", "origin": [12.875, 11.25, 14]},
			"faces": {
				"north": {"uv": [3.25, 7.5, 3.75, 8], "texture": "#2"},
				"east": {"uv": [0, 0, 0, 0.5], "texture": "#2"},
				"south": {"uv": [3.75, 7.5, 4.25, 8], "texture": "#2"},
				"west": {"uv": [0, 0, 0, 0.5], "texture": "#2"},
				"up": {"uv": [0, 0.5, 0, 0], "rotation": 270, "texture": "#2"},
				"down": {"uv": [0, 0, 0, 0.5], "rotation": 90, "texture": "#2"}
			}
		},
		{
			"from": [0, 5, 12.5],
			"to": [3, 10, 12.5],
			"rotation": {"angle": 0, "axis": "y", "origin": [1.5, 4.5, 12.5]},
			"faces": {
				"north": {"uv": [7.25, 3.5, 8, 4.75], "texture": "#2"},
				"east": {"uv": [0, 0, 0, 1.25], "texture": "#2"},
				"south": {"uv": [8, 3.5, 7.25, 4.75], "texture": "#2"},
				"west": {"uv": [0, 0, 0, 1.25], "texture": "#2"},
				"up": {"uv": [0.75, 0, 0, 0], "texture": "#2"},
				"down": {"uv": [0.75, 0, 0, 0], "texture": "#2"}
			}
		},
		{
			"from": [12.5, 2, 13.75],
			"to": [14.5, 5, 14.75],
			"rotation": {"angle": 45, "axis": "y", "origin": [13, 9.5, 14.75]},
			"faces": {
				"north": {"uv": [7.5, 2, 8, 2.75], "texture": "#2", "tintindex": 0},
				"east": {"uv": [2.25, 7.5, 2.5, 8.25], "texture": "#2", "tintindex": 0},
				"south": {"uv": [7.5, 2.75, 8, 3.5], "texture": "#2", "tintindex": 0},
				"west": {"uv": [4.25, 7.5, 4.5, 8.25], "texture": "#2", "tintindex": 0},
				"up": {"uv": [5, 7.75, 4.5, 7.5], "texture": "#2", "tintindex": 0},
				"down": {"uv": [5.5, 7.5, 5, 7.75], "texture": "#2", "tintindex": 0}
			}
		},
		{
			"from": [5, 5, 14.25],
			"to": [11, 10, 14.25],
			"rotation": {"angle": 0, "axis": "y", "origin": [7, 3, 14.25]},
			"faces": {
				"north": {"uv": [0, 4, 6, 9], "texture": "#1"},
				"east": {"uv": [0, 0, 0, 4], "texture": "#1"},
				"south": {"uv": [0, 5, 6, 10], "texture": "#1"},
				"west": {"uv": [0, 0, 0, 4], "texture": "#1"},
				"up": {"uv": [4, 0, 0, 0], "texture": "#1"},
				"down": {"uv": [4, 0, 0, 0], "texture": "#1"}
			}
		}
	],
	"display": {
		"thirdperson_righthand": {
			"rotation": [68, 180, 0],
			"translation": [0, -4.5, 0]
		},
		"thirdperson_lefthand": {
			"rotation": [45, 64, 21],
			"translation": [-1.5, -5, 9]
		},
		"gui": {
			"rotation": [30, 45, 0],
			"translation": [-2.5, 1.25, 0],
			"scale": [0.9, 0.9, 0.9]
		}
	},
	"groups": [
		{
			"name": "group",
			"origin": [4, 0, 6],
			"color": 0,
			"nbt": "{}",
			"children": [
				{
					"name": "group",
					"origin": [4, 0, 6],
					"color": 0,
					"nbt": "{}",
					"children": [
						{
							"name": "group",
							"origin": [4, 0, 6],
							"color": 0,
							"nbt": "{}",
							"children": [0, 1, 2, 3]
						},
						{
							"name": "group",
							"origin": [4, 3, 10],
							"color": 0,
							"nbt": "{}",
							"children": [
								{
									"name": "group",
									"origin": [0.75, -1, 11],
									"color": 0,
									"nbt": "{}",
									"children": [4, 5, 6]
								},
								7,
								8
							]
						}
					]
				},
				{
					"name": "group",
					"origin": [7, 2, 13.5],
					"color": 0,
					"nbt": "{}",
					"children": [9]
				}
			]
		}
	],
	"__credit": "Generated using Animated Java (https://animated-java.dev/)"
}