{
	"credit": "Made with Blockbench",
	"parent": "hideaway:display_parents/back",
	"texture_size": [32, 32],
	"textures": {
		"2": "hideaway:back/tool_belt"
	},
	"elements": [
		{
			"from": [3, 1.5, 5],
			"to": [13, 4.5, 11],
			"rotation": {"angle": 0, "axis": "y", "origin": [4, 6.5, 5.5]},
			"faces": {
				"north": {"uv": [5, 0, 10, 1.5], "texture": "#2"},
				"east": {"uv": [5, 3, 8, 4.5], "texture": "#2"},
				"south": {"uv": [5, 1.5, 10, 3], "texture": "#2"},
				"west": {"uv": [5, 4.5, 8, 6], "texture": "#2"},
				"up": {"uv": [5, 3, 0, 0], "texture": "#2"},
				"down": {"uv": [5, 3, 0, 6], "texture": "#2"}
			}
		},
		{
			"from": [13, 1.5, 7],
			"to": [14, 4.5, 9],
			"rotation": {"angle": 0, "axis": "y", "origin": [6.5, 7, 0]},
			"faces": {
				"north": {"uv": [8, 8, 8.5, 9.5], "texture": "#2"},
				"east": {"uv": [2, 6, 3, 7.5], "texture": "#2"},
				"south": {"uv": [4, 8.5, 4.5, 10], "texture": "#2"},
				"up": {"uv": [8, 9.5, 7.5, 8.5], "texture": "#2"},
				"down": {"uv": [0.5, 9, 0, 10], "texture": "#2"}
			}
		},
		{
			"from": [2, 1.5, 7],
			"to": [3, 4.5, 9],
			"rotation": {"angle": 0, "axis": "y", "origin": [6.5, 7, 0]},
			"faces": {
				"north": {"uv": [4.5, 8.5, 5, 10], "texture": "#2"},
				"south": {"uv": [5, 8.5, 5.5, 10], "texture": "#2"},
				"west": {"uv": [5, 6, 6, 7.5], "texture": "#2"},
				"up": {"uv": [1, 10, 0.5, 9], "texture": "#2"},
				"down": {"uv": [1.5, 9, 1, 10], "texture": "#2"}
			}
		},
		{
			"from": [10, 1.5, 11],
			"to": [12, 4.5, 12],
			"rotation": {"angle": 0, "axis": "y", "origin": [6.5, 7, 0]},
			"faces": {
				"east": {"uv": [8, 5, 8.5, 6.5], "texture": "#2"},
				"south": {"uv": [1, 6, 2, 7.5], "texture": "#2"},
				"west": {"uv": [8, 6.5, 8.5, 8], "texture": "#2"},
				"up": {"uv": [9.5, 8.5, 8.5, 8], "texture": "#2"},
				"down": {"uv": [9.5, 8.5, 8.5, 9], "texture": "#2"}
			}
		},
		{
			"from": [4, 1.5, 11],
			"to": [6, 4.5, 12],
			"rotation": {"angle": 0, "axis": "y", "origin": [6.5, 7, 0]},
			"faces": {
				"east": {"uv": [8.5, 5, 9, 6.5], "texture": "#2"},
				"south": {"uv": [7, 6, 8, 7.5], "texture": "#2"},
				"west": {"uv": [5.5, 8.5, 6, 10], "texture": "#2"},
				"up": {"uv": [2.5, 9.5, 1.5, 9], "texture": "#2"},
				"down": {"uv": [3.5, 9, 2.5, 9.5], "texture": "#2"}
			}
		},
		{
			"from": [4, 1.5, 4],
			"to": [6, 4.5, 5],
			"rotation": {"angle": 0, "axis": "y", "origin": [6.5, 7, 0]},
			"faces": {
				"north": {"uv": [2, 7.5, 3, 9], "texture": "#2"},
				"east": {"uv": [8.5, 6.5, 9, 8], "texture": "#2"},
				"west": {"uv": [7, 8.5, 7.5, 10], "texture": "#2"},
				"up": {"uv": [10, 4.5, 9, 4], "texture": "#2"},
				"down": {"uv": [10, 4.5, 9, 5], "texture": "#2"}
			}
		},
		{
			"from": [10, 1.5, 4],
			"to": [12, 4.5, 5],
			"rotation": {"angle": 0, "axis": "y", "origin": [6.5, 7, 0]},
			"faces": {
				"north": {"uv": [0, 7.5, 1, 9], "texture": "#2"},
				"east": {"uv": [6, 8.5, 6.5, 10], "texture": "#2"},
				"west": {"uv": [6.5, 8.5, 7, 10], "texture": "#2"},
				"up": {"uv": [10, 3.5, 9, 3], "texture": "#2"},
				"down": {"uv": [10, 3.5, 9, 4], "texture": "#2"}
			}
		},
		{
			"from": [10, 3.5, 4.5],
			"to": [12, 5.5, 4.5],
			"faces": {
				"north": {"uv": [4, 7.5, 5, 8.5], "texture": "#2"},
				"south": {"uv": [5, 7.5, 6, 8.5], "texture": "#2"}
			}
		},
		{
			"from": [2.5, 3.5, 7],
			"to": [2.5, 5.5, 9],
			"rotation": {"angle": 0, "axis": "y", "origin": [2.5, 4.5, 8]},
			"faces": {
				"east": {"uv": [8, 3, 9, 4], "texture": "#2"},
				"west": {"uv": [8, 4, 9, 5], "texture": "#2"}
			}
		},
		{
			"from": [4, 3.5, 11.5],
			"to": [6, 5.5, 11.5],
			"faces": {
				"north": {"uv": [6, 7.5, 7, 8.5], "texture": "#2"},
				"south": {"uv": [7, 7.5, 8, 8.5], "texture": "#2"}
			}
		},
		{
			"name": "cube inverted",
			"from": [12.875, 4.375, 10.875],
			"to": [3.125, 1.625, 5.125],
			"rotation": {"angle": 0, "axis": "y", "origin": [4, 6.5, 5.5]},
			"faces": {
				"north": {"uv": [5, 3, 10, 1.5], "texture": "#2"},
				"east": {"uv": [5, 6, 8, 4.5], "texture": "#2"},
				"south": {"uv": [5, 1.5, 10, 0], "texture": "#2"},
				"west": {"uv": [5, 4.5, 8, 3], "texture": "#2"},
				"up": {"uv": [0, 3, 5, 6], "texture": "#2"},
				"down": {"uv": [0, 3, 5, 0], "texture": "#2"}
			}
		}
	],
	"display": {
		"gui": {
			"rotation": [30, 225, 0],
			"translation": [0, 5, 0],
			"scale": [1.21, 1.21, 1.21]
		}
	},
	"__credit": "Generated using Animated Java (https://animated-java.dev/)"
}