{
	"credit": "Made by CookiesNom with Blockbench",
	"parent": "hideaway:display_parents/back",
	"texture_size": [64, 64],
	"textures": {
		"2": "hideaway:hat/torii",
		"particle": "hideaway:hat/torii"
	},
	"elements": [
		{
			"from": [22, 4.25, 5.5],
			"to": [32, 14.25, 5.5],
			"rotation": {"angle": -45, "axis": "z", "origin": [19.98567, 9, 8.41427]},
			"faces": {
				"north": {"uv": [0.008, 5.508, 2.492, 7.992], "texture": "#2"},
				"east": {"uv": [0.008, 0.008, 0.008, 2.492], "texture": "#2"},
				"south": {"uv": [2.508, 5.508, 4.992, 7.992], "texture": "#2"},
				"west": {"uv": [0.008, 0.008, 0.008, 2.492], "texture": "#2"},
				"up": {"uv": [2.492, 0.008, 0.008, 0.008], "texture": "#2"},
				"down": {"uv": [2.492, 0.008, 0.008, 0.008], "texture": "#2"}
			}
		},
		{
			"from": [-16, 4.25, 5.5],
			"to": [-6, 14.25, 5.5],
			"rotation": {"angle": 45, "axis": "z", "origin": [-3.98567, 9, 8.41427]},
			"faces": {
				"north": {"uv": [2.492, 5.508, 0.008, 7.992], "texture": "#2"},
				"east": {"uv": [0.008, 0.008, 0.008, 2.492], "texture": "#2"},
				"south": {"uv": [4.992, 5.508, 2.508, 7.992], "texture": "#2"},
				"west": {"uv": [0.008, 0.008, 0.008, 2.492], "texture": "#2"},
				"up": {"uv": [0.008, 0.008, 2.492, 0.008], "texture": "#2"},
				"down": {"uv": [0.008, 0.008, 2.492, 0.008], "texture": "#2"}
			}
		},
		{
			"from": [14, 3, 12],
			"to": [24, 13, 12],
			"rotation": {"angle": -45, "axis": "z", "origin": [19.98567, 9, 8.41427]},
			"faces": {
				"north": {"uv": [5.008, 5.508, 7.492, 7.992], "texture": "#2"},
				"east": {"uv": [0.008, 0.008, 0.008, 2.492], "texture": "#2"},
				"south": {"uv": [6.508, 0.008, 8.992, 2.492], "texture": "#2"},
				"west": {"uv": [0.008, 0.008, 0.008, 2.492], "texture": "#2"},
				"up": {"uv": [2.492, 0.008, 0.008, 0.008], "texture": "#2"},
				"down": {"uv": [2.492, 0.008, 0.008, 0.008], "texture": "#2"}
			}
		},
		{
			"from": [-8, 3, 12],
			"to": [2, 13, 12],
			"rotation": {"angle": 45, "axis": "z", "origin": [-3.98567, 9, 8.41427]},
			"faces": {
				"north": {"uv": [7.492, 5.508, 5.008, 7.992], "texture": "#2"},
				"east": {"uv": [0.008, 0.008, 0.008, 2.492], "texture": "#2"},
				"south": {"uv": [8.992, 0.008, 6.508, 2.492], "texture": "#2"},
				"west": {"uv": [0.008, 0.008, 0.008, 2.492], "texture": "#2"},
				"up": {"uv": [0.008, 0.008, 2.492, 0.008], "texture": "#2"},
				"down": {"uv": [0.008, 0.008, 2.492, 0.008], "texture": "#2"}
			}
		},
		{
			"from": [-2, 8.25, 10.75],
			"to": [18, 16.25, 10.75],
			"rotation": {"angle": 0, "axis": "y", "origin": [0, -8, -2]},
			"faces": {
				"north": {"uv": [0.008, 3.508, 4.992, 5.492], "texture": "#2"},
				"east": {"uv": [0.008, 0.008, 0.008, 1.992], "texture": "#2"},
				"south": {"uv": [5.008, 3.508, 9.992, 5.492], "texture": "#2"},
				"west": {"uv": [0.008, 0.008, 0.008, 1.992], "texture": "#2"},
				"up": {"uv": [4.992, 0.008, 0.008, 0.008], "texture": "#2"},
				"down": {"uv": [4.992, 0.008, 0.008, 0.008], "texture": "#2"}
			}
		},
		{
			"from": [12, 6.25, 10.5],
			"to": [15, 11.25, 10.5],
			"rotation": {"angle": 0, "axis": "y", "origin": [0, -8, -2]},
			"faces": {
				"north": {"uv": [10.008, 3.508, 10.742, 4.742], "texture": "#2"},
				"east": {"uv": [0.008, 0.008, 0.008, 1.242], "texture": "#2"},
				"south": {"uv": [8.508, 10.258, 9.242, 11.492], "texture": "#2"},
				"west": {"uv": [0.008, 0.008, 0.008, 1.242], "texture": "#2"},
				"up": {"uv": [0.742, 0.008, 0.008, 0.008], "texture": "#2"},
				"down": {"uv": [0.742, 0.008, 0.008, 0.008], "texture": "#2"}
			}
		},
		{
			"from": [6.5, 5.25, 10.5],
			"to": [9.5, 10.25, 10.5],
			"rotation": {"angle": 0, "axis": "y", "origin": [0, -8, -2]},
			"faces": {
				"north": {"uv": [9.258, 10.258, 9.992, 11.492], "texture": "#2"},
				"east": {"uv": [0.008, 0.008, 0.008, 1.242], "texture": "#2"},
				"south": {"uv": [10.008, 10.258, 10.742, 11.492], "texture": "#2"},
				"west": {"uv": [0.008, 0.008, 0.008, 1.242], "texture": "#2"},
				"up": {"uv": [0.742, 0.008, 0.008, 0.008], "texture": "#2"},
				"down": {"uv": [0.742, 0.008, 0.008, 0.008], "texture": "#2"}
			}
		},
		{
			"from": [16.7, 12.7, 10.7],
			"to": [18.3, 16.3, 13.3],
			"rotation": {"angle": 0, "axis": "y", "origin": [0, -8, -2]},
			"faces": {
				"north": {"uv": [8.258, 11.008, 8.492, 11.742], "texture": "#2"},
				"east": {"uv": [11.258, 10.758, 11.742, 11.492], "texture": "#2"},
				"south": {"uv": [7.008, 11.508, 7.242, 12.242], "texture": "#2"},
				"west": {"uv": [1.008, 11.508, 1.492, 12.242], "texture": "#2"},
				"up": {"uv": [11.742, 7.992, 11.508, 7.508], "texture": "#2"},
				"down": {"uv": [11.742, 8.008, 11.508, 8.492], "texture": "#2"}
			}
		},
		{
			"from": [15, 2.25, 10.75],
			"to": [28, 16.25, 10.75],
			"rotation": {"angle": 22.5, "axis": "y", "origin": [15, 12, 10.75]},
			"faces": {
				"north": {"uv": [0.008, 0.008, 3.242, 3.492], "texture": "#2"},
				"east": {"uv": [0.008, 0.008, 0.008, 3.492], "texture": "#2"},
				"south": {"uv": [3.258, 0.008, 6.492, 3.492], "texture": "#2"},
				"west": {"uv": [0.008, 0.008, 0.008, 3.492], "texture": "#2"},
				"up": {"uv": [3.242, 0.008, 0.008, 0.008], "texture": "#2"},
				"down": {"uv": [3.242, 0.008, 0.008, 0.008], "texture": "#2"}
			}
		},
		{
			"from": [-2.3, 12.7, 10.7],
			"to": [-0.7, 16.3, 13.3],
			"rotation": {"angle": 0, "axis": "y", "origin": [16, -8, -2]},
			"faces": {
				"north": {"uv": [8.492, 11.008, 8.258, 11.742], "texture": "#2"},
				"east": {"uv": [1.492, 11.508, 1.008, 12.242], "texture": "#2"},
				"south": {"uv": [7.242, 11.508, 7.008, 12.242], "texture": "#2"},
				"west": {"uv": [11.742, 10.758, 11.258, 11.492], "texture": "#2"},
				"up": {"uv": [11.508, 7.992, 11.742, 7.508], "texture": "#2"},
				"down": {"uv": [11.508, 8.008, 11.742, 8.492], "texture": "#2"}
			}
		},
		{
			"from": [-12, 2.25, 10.75],
			"to": [1, 16.25, 10.75],
			"rotation": {"angle": -22.5, "axis": "y", "origin": [1, 12, 10.75]},
			"faces": {
				"north": {"uv": [3.242, 0.008, 0.008, 3.492], "texture": "#2"},
				"east": {"uv": [0.008, 0.008, 0.008, 3.492], "texture": "#2"},
				"south": {"uv": [6.492, 0.008, 3.258, 3.492], "texture": "#2"},
				"west": {"uv": [0.008, 0.008, 0.008, 3.492], "texture": "#2"},
				"up": {"uv": [0.008, 0.008, 3.242, 0.008], "texture": "#2"},
				"down": {"uv": [0.008, 0.008, 3.242, 0.008], "texture": "#2"}
			}
		},
		{
			"from": [1, 6.25, 10.5],
			"to": [4, 11.25, 10.5],
			"rotation": {"angle": 0, "axis": "y", "origin": [16, -8, -2]},
			"faces": {
				"north": {"uv": [10.742, 3.508, 10.008, 4.742], "texture": "#2"},
				"east": {"uv": [0.008, 0.008, 0.008, 1.242], "texture": "#2"},
				"south": {"uv": [9.242, 10.258, 8.508, 11.492], "texture": "#2"},
				"west": {"uv": [0.008, 0.008, 0.008, 1.242], "texture": "#2"},
				"up": {"uv": [0.008, 0.008, 0.742, 0.008], "texture": "#2"},
				"down": {"uv": [0.008, 0.008, 0.742, 0.008], "texture": "#2"}
			}
		},
		{
			"from": [11, -3.25, 8],
			"to": [19, -3.25, 16],
			"rotation": {"angle": 0, "axis": "y", "origin": [0, -9, -2]},
			"faces": {
				"north": {"uv": [0.008, 0.008, 1.992, 0.008], "texture": "#2"},
				"east": {"uv": [0.008, 0.008, 1.992, 0.008], "texture": "#2"},
				"south": {"uv": [0.008, 0.008, 1.992, 0.008], "texture": "#2"},
				"west": {"uv": [0.008, 0.008, 1.992, 0.008], "texture": "#2"},
				"up": {"uv": [1.992, 9.992, 0.008, 8.008], "texture": "#2"},
				"down": {"uv": [3.992, 8.008, 2.008, 9.992], "texture": "#2"}
			}
		},
		{
			"from": [-3, -3.25, 8],
			"to": [5, -3.25, 16],
			"rotation": {"angle": 0, "axis": "y", "origin": [16, -9, -2]},
			"faces": {
				"north": {"uv": [1.992, 0.008, 0.008, 0.008], "texture": "#2"},
				"east": {"uv": [1.992, 0.008, 0.008, 0.008], "texture": "#2"},
				"south": {"uv": [1.992, 0.008, 0.008, 0.008], "texture": "#2"},
				"west": {"uv": [1.992, 0.008, 0.008, 0.008], "texture": "#2"},
				"up": {"uv": [0.008, 9.992, 1.992, 8.008], "texture": "#2"},
				"down": {"uv": [2.008, 8.008, 3.992, 9.992], "texture": "#2"}
			}
		},
		{
			"from": [13.7, -4.3, 10.7],
			"to": [16.3, 1.3, 13.3],
			"rotation": {"angle": 0, "axis": "y", "origin": [0, -9, -2]},
			"faces": {
				"north": {"uv": [3.008, 10.758, 3.492, 11.992], "texture": "#2"},
				"east": {"uv": [3.508, 10.758, 3.992, 11.992], "texture": "#2"},
				"south": {"uv": [10.758, 3.508, 11.242, 4.742], "texture": "#2"},
				"west": {"uv": [6.008, 10.758, 6.492, 11.992], "texture": "#2"},
				"up": {"uv": [11.992, 6.992, 11.508, 6.508], "texture": "#2"},
				"down": {"uv": [11.992, 7.008, 11.508, 7.492], "texture": "#2"}
			}
		},
		{
			"from": [7, 16, 11],
			"to": [9, 18, 13],
			"rotation": {"angle": 0, "axis": "y", "origin": [0, -9, -2]},
			"faces": {
				"north": {"uv": [1.508, 11.508, 1.992, 11.992], "texture": "#2", "tintindex": 0},
				"east": {"uv": [2.008, 11.508, 2.492, 11.992], "texture": "#2", "tintindex": 0},
				"south": {"uv": [2.508, 11.508, 2.992, 11.992], "texture": "#2", "tintindex": 0},
				"west": {"uv": [11.508, 4.508, 11.992, 4.992], "texture": "#2", "tintindex": 0},
				"up": {"uv": [11.992, 5.492, 11.508, 5.008], "texture": "#2", "tintindex": 0},
				"down": {"uv": [6.992, 11.508, 6.508, 11.992], "texture": "#2", "tintindex": 0}
			}
		},
		{
			"from": [6, 16, 9.75],
			"to": [10, 21, 9.75],
			"rotation": {"angle": -22.5, "axis": "x", "origin": [8, 18.5, 9.75]},
			"faces": {
				"north": {"uv": [7.508, 9.758, 8.492, 10.992], "texture": "#2"},
				"east": {"uv": [0.008, 0.008, 0.008, 1.242], "texture": "#2"},
				"south": {"uv": [0.008, 10.008, 0.992, 11.242], "texture": "#2"},
				"west": {"uv": [0.008, 0.008, 0.008, 1.242], "texture": "#2"},
				"up": {"uv": [0.992, 0.008, 0.008, 0.008], "texture": "#2"},
				"down": {"uv": [0.992, 0.008, 0.008, 0.008], "texture": "#2"}
			}
		},
		{
			"from": [2, 13, 11],
			"to": [14, 16, 13],
			"rotation": {"angle": 0, "axis": "y", "origin": [0, -9, -2]},
			"faces": {
				"north": {"uv": [9.008, 1.008, 11.992, 1.742], "texture": "#2", "tintindex": 0},
				"east": {"uv": [11.008, 4.758, 11.492, 5.492], "texture": "#2", "tintindex": 0},
				"south": {"uv": [9.008, 1.758, 11.992, 2.492], "texture": "#2", "tintindex": 0},
				"west": {"uv": [7.758, 11.008, 8.242, 11.742], "texture": "#2", "tintindex": 0},
				"up": {"uv": [6.992, 8.492, 4.008, 8.008], "texture": "#2", "tintindex": 0},
				"down": {"uv": [8.992, 9.258, 6.008, 9.742], "texture": "#2", "tintindex": 0}
			}
		},
		{
			"from": [-3, 18, 11],
			"to": [19, 22, 13],
			"rotation": {"angle": 0, "axis": "y", "origin": [0, -9, -2]},
			"faces": {
				"north": {"uv": [6.508, 2.508, 11.992, 3.492], "texture": "#2", "tintindex": 0},
				"east": {"uv": [10.758, 10.758, 11.242, 11.742], "texture": "#2", "tintindex": 0},
				"south": {"uv": [7.508, 5.508, 12.992, 6.492], "texture": "#2", "tintindex": 0},
				"west": {"uv": [7.258, 11.008, 7.742, 11.992], "texture": "#2", "tintindex": 0},
				"up": {"uv": [14.492, 0.492, 9.008, 0.008], "texture": "#2", "tintindex": 0},
				"down": {"uv": [14.492, 0.508, 9.008, 0.992], "texture": "#2", "tintindex": 0}
			}
		},
		{
			"from": [15.39687, 19.09239, 10.01],
			"to": [21.37687, 22.07239, 13.99],
			"rotation": {"angle": 22.5, "axis": "z", "origin": [13.38687, 21.08239, 12]},
			"faces": {
				"north": {"uv": [1.008, 10.008, 2.492, 10.742], "texture": "#2"},
				"east": {"uv": [10.008, 4.758, 10.992, 5.492], "texture": "#2"},
				"south": {"uv": [2.508, 10.008, 3.992, 10.742], "texture": "#2"},
				"west": {"uv": [10.508, 9.258, 11.492, 9.992], "texture": "#2"},
				"up": {"uv": [10.492, 10.242, 9.008, 9.258], "texture": "#2"},
				"down": {"uv": [7.492, 9.758, 6.008, 10.742], "texture": "#2"}
			}
		},
		{
			"from": [-5.37687, 19.09239, 10.01],
			"to": [0.60313, 22.07239, 13.99],
			"rotation": {"angle": -22.5, "axis": "z", "origin": [2.61313, 21.08239, 12]},
			"faces": {
				"north": {"uv": [2.492, 10.008, 1.008, 10.742], "texture": "#2"},
				"east": {"uv": [11.492, 9.258, 10.508, 9.992], "texture": "#2"},
				"south": {"uv": [3.992, 10.008, 2.508, 10.742], "texture": "#2"},
				"west": {"uv": [10.992, 4.758, 10.008, 5.492], "texture": "#2"},
				"up": {"uv": [9.008, 10.242, 10.492, 9.258], "texture": "#2"},
				"down": {"uv": [6.008, 9.758, 7.492, 10.742], "texture": "#2"}
			}
		},
		{
			"from": [0, 20, 10],
			"to": [16, 23, 14],
			"rotation": {"angle": 0, "axis": "y", "origin": [0, -9, -2]},
			"faces": {
				"north": {"uv": [4.008, 8.508, 7.992, 9.242], "texture": "#2"},
				"east": {"uv": [1.008, 10.758, 1.992, 11.492], "texture": "#2"},
				"south": {"uv": [8.008, 8.508, 11.992, 9.242], "texture": "#2"},
				"west": {"uv": [2.008, 10.758, 2.992, 11.492], "texture": "#2"},
				"up": {"uv": [11.492, 7.492, 7.508, 6.508], "texture": "#2"},
				"down": {"uv": [11.492, 7.508, 7.508, 8.492], "texture": "#2"}
			}
		},
		{
			"from": [16, 13, 11],
			"to": [19, 16, 13],
			"rotation": {"angle": 0, "axis": "y", "origin": [0, -9, -2]},
			"faces": {
				"north": {"uv": [6.508, 10.758, 7.242, 11.492], "texture": "#2", "tintindex": 0},
				"east": {"uv": [0.008, 11.258, 0.492, 11.992], "texture": "#2", "tintindex": 0},
				"south": {"uv": [10.758, 10.008, 11.492, 10.742], "texture": "#2", "tintindex": 0},
				"west": {"uv": [0.508, 11.258, 0.992, 11.992], "texture": "#2", "tintindex": 0},
				"up": {"uv": [11.992, 3.992, 11.258, 3.508], "texture": "#2", "tintindex": 0},
				"down": {"uv": [11.992, 4.008, 11.258, 4.492], "texture": "#2", "tintindex": 0}
			}
		},
		{
			"from": [14, -2, 11],
			"to": [16, 18, 13],
			"rotation": {"angle": 0, "axis": "y", "origin": [0, -9, -2]},
			"faces": {
				"north": {"uv": [4.008, 9.258, 4.492, 14.242], "texture": "#2", "tintindex": 0},
				"east": {"uv": [4.508, 9.258, 4.992, 14.242], "texture": "#2", "tintindex": 0},
				"south": {"uv": [5.008, 9.258, 5.492, 14.242], "texture": "#2", "tintindex": 0},
				"west": {"uv": [5.508, 9.258, 5.992, 14.242], "texture": "#2", "tintindex": 0},
				"up": {"uv": [7.492, 8.492, 7.008, 8.008], "texture": "#2", "tintindex": 0},
				"down": {"uv": [8.992, 9.758, 8.508, 10.242], "texture": "#2", "tintindex": 0}
			}
		},
		{
			"from": [-0.3, -4.3, 10.7],
			"to": [2.3, 1.3, 13.3],
			"rotation": {"angle": 0, "axis": "y", "origin": [16, -9, -2]},
			"faces": {
				"north": {"uv": [3.492, 10.758, 3.008, 11.992], "texture": "#2"},
				"east": {"uv": [6.492, 10.758, 6.008, 11.992], "texture": "#2"},
				"south": {"uv": [11.242, 3.508, 10.758, 4.742], "texture": "#2"},
				"west": {"uv": [3.992, 10.758, 3.508, 11.992], "texture": "#2"},
				"up": {"uv": [11.508, 6.992, 11.992, 6.508], "texture": "#2"},
				"down": {"uv": [11.508, 7.008, 11.992, 7.492], "texture": "#2"}
			}
		},
		{
			"from": [0, -2, 11],
			"to": [2, 18, 13],
			"rotation": {"angle": 0, "axis": "y", "origin": [16, -9, -2]},
			"faces": {
				"north": {"uv": [4.492, 9.258, 4.008, 14.242], "texture": "#2", "tintindex": 0},
				"east": {"uv": [5.992, 9.258, 5.508, 14.242], "texture": "#2", "tintindex": 0},
				"south": {"uv": [5.492, 9.258, 5.008, 14.242], "texture": "#2", "tintindex": 0},
				"west": {"uv": [4.992, 9.258, 4.508, 14.242], "texture": "#2", "tintindex": 0},
				"up": {"uv": [7.008, 8.492, 7.492, 8.008], "texture": "#2", "tintindex": 0},
				"down": {"uv": [8.508, 9.758, 8.992, 10.242], "texture": "#2", "tintindex": 0}
			}
		},
		{
			"from": [-3, 13, 11],
			"to": [0, 16, 13],
			"rotation": {"angle": 0, "axis": "y", "origin": [16, -9, -2]},
			"faces": {
				"north": {"uv": [7.242, 10.758, 6.508, 11.492], "texture": "#2", "tintindex": 0},
				"east": {"uv": [0.992, 11.258, 0.508, 11.992], "texture": "#2", "tintindex": 0},
				"south": {"uv": [11.492, 10.008, 10.758, 10.742], "texture": "#2", "tintindex": 0},
				"west": {"uv": [0.492, 11.258, 0.008, 11.992], "texture": "#2", "tintindex": 0},
				"up": {"uv": [11.258, 3.992, 11.992, 3.508], "texture": "#2", "tintindex": 0},
				"down": {"uv": [11.258, 4.008, 11.992, 4.492], "texture": "#2", "tintindex": 0}
			}
		}
	],
	"display": {
		"gui": {
			"rotation": [30, 225, 0],
			"translation": [0, -1.5, 0],
			"scale": [0.44, 0.44, 0.44]
		}
	},
	"groups": [
		{
			"name": "group",
			"origin": [0, 0, 0],
			"color": 0,
			"children": [
				{
					"name": "group",
					"origin": [15, 20, 13.75],
					"color": 0,
					"children": [0, 1]
				},
				{
					"name": "group",
					"origin": [-3.98567, 17, 11.41427],
					"color": 0,
					"children": [2, 3]
				},
				{
					"name": "group",
					"origin": [0, 0, 0],
					"color": 0,
					"children": [4, 5, 6, 7, 8, 9, 10, 11]
				},
				{
					"name": "group",
					"origin": [0, 0, 1],
					"color": 0,
					"children": [
						{
							"name": "group",
							"origin": [0, 0, 1],
							"color": 0,
							"children": []
						},
						{
							"name": "group",
							"origin": [0, 0, 1],
							"color": 0,
							"children": []
						}
					]
				},
				{
					"name": "group",
					"origin": [0, 0, 1],
					"color": 0,
					"children": [
						{
							"name": "group",
							"origin": [0, 0, 1],
							"color": 0,
							"children": []
						},
						{
							"name": "group",
							"origin": [0, 0, 1],
							"color": 0,
							"children": []
						}
					]
				},
				{
					"name": "group",
					"origin": [0, -1, 1],
					"color": 0,
					"children": [12, 13]
				},
				{
					"name": "group",
					"origin": [8, 8, 8],
					"color": 0,
					"children": [
						14,
						15,
						16,
						17,
						18,
						{
							"name": "group",
							"origin": [13.76956, 30.15851, 14],
							"color": 0,
							"children": [19, 20, 21]
						},
						22,
						23,
						24,
						25,
						26
					]
				}
			]
		},
		{
			"name": "group",
			"origin": [8, 8, 8],
			"color": 0,
			"children": []
		}
	]
}