{
	"credit": "Made by Ziqqy using Blockbench",
	"parent": "hideaway:display_parents/back",
	"texture_size": [64, 64],
	"textures": {
		"1": "hideaway:back/traffic_pole_back",
		"4": "hideaway:back/traffic_pole",
		"particle": "hideaway:back/traffic_pole"
	},
	"elements": [
		{
			"from": [5.5, 8, 8.5],
			"to": [10.5, 21, 13.5],
			"rotation": {"angle": 0, "axis": "z", "origin": [0.5, 8.25, 10]},
			"faces": {
				"north": {"uv": [2.258, 6.008, 3.492, 9.242], "texture": "#4"},
				"east": {"uv": [5.992, 6.258, 4.758, 9.492], "texture": "#4"},
				"south": {"uv": [3.508, 6.258, 4.742, 9.492], "texture": "#4"},
				"west": {"uv": [4.758, 6.258, 5.992, 9.492], "texture": "#4"},
				"down": {"uv": [9.242, 5.508, 8.008, 6.742], "texture": "#4"}
			}
		},
		{
			"from": [6.5, 13, 6.5],
			"to": [9.5, 16, 8.5],
			"rotation": {"angle": 0, "axis": "z", "origin": [0.5, 8.25, 10]},
			"faces": {
				"north": {"uv": [0.008, 3.008, 2.992, 5.992], "texture": "#1", "tintindex": 0},
				"east": {"uv": [7.742, 8.258, 7.258, 8.992], "texture": "#4"},
				"west": {"uv": [7.258, 8.258, 7.742, 8.992], "texture": "#4"},
				"up": {"uv": [9.242, 7.242, 8.508, 6.758], "texture": "#4"},
				"down": {"uv": [9.242, 7.258, 8.508, 7.742], "texture": "#4"}
			}
		},
		{
			"from": [6.5, 9, 6.5],
			"to": [9.5, 12, 8.5],
			"rotation": {"angle": 0, "axis": "z", "origin": [0.5, 8.25, 10]},
			"faces": {
				"north": {"uv": [0.008, 0.008, 2.992, 2.992], "texture": "#1", "tintindex": 0},
				"east": {"uv": [7.742, 8.258, 7.258, 8.992], "texture": "#4"},
				"west": {"uv": [7.258, 8.258, 7.742, 8.992], "texture": "#4"},
				"up": {"uv": [9.242, 7.242, 8.508, 6.758], "texture": "#4"},
				"down": {"uv": [9.242, 7.258, 8.508, 7.742], "texture": "#4"}
			}
		},
		{
			"from": [6.5, 17, 6.5],
			"to": [9.5, 20, 8.5],
			"rotation": {"angle": 0, "axis": "z", "origin": [0.5, 8.25, 10]},
			"faces": {
				"north": {"uv": [3.008, 0.008, 5.992, 2.992], "texture": "#1", "tintindex": 0},
				"east": {"uv": [7.742, 8.258, 7.258, 8.992], "texture": "#4"},
				"west": {"uv": [7.258, 8.258, 7.742, 8.992], "texture": "#4"},
				"up": {"uv": [9.242, 7.242, 8.508, 6.758], "texture": "#4"},
				"down": {"uv": [9.242, 7.258, 8.508, 7.742], "texture": "#4"}
			}
		},
		{
			"from": [3.5, 21, 6.5],
			"to": [12.5, 22, 15.5],
			"rotation": {"angle": 0, "axis": "z", "origin": [0.5, 8.25, 10]},
			"faces": {
				"north": {"uv": [4.508, 4.008, 6.742, 4.242], "texture": "#4"},
				"east": {"uv": [4.508, 4.008, 6.742, 4.242], "texture": "#4"},
				"south": {"uv": [4.508, 4.008, 6.742, 4.242], "texture": "#4"},
				"west": {"uv": [4.508, 4.008, 6.742, 4.242], "texture": "#4"},
				"up": {"uv": [6.742, 6.242, 4.508, 4.008], "texture": "#4"},
				"down": {"uv": [2.242, 5.508, 0.008, 7.742], "texture": "#4"}
			}
		},
		{
			"from": [7, 22, 10],
			"to": [9, 30, 12],
			"rotation": {"angle": 0, "axis": "z", "origin": [0.5, 8.25, 10]},
			"faces": {
				"north": {"uv": [1.508, 7.758, 1.992, 9.742], "texture": "#4"},
				"east": {"uv": [6.492, 8.258, 6.008, 10.242], "texture": "#4"},
				"south": {"uv": [8.008, 6.758, 8.492, 8.742], "texture": "#4"},
				"west": {"uv": [6.008, 8.258, 6.492, 10.242], "texture": "#4"},
				"up": {"uv": [6.992, 8.758, 6.508, 9.242], "texture": "#4"}
			}
		},
		{
			"from": [-5, 23, 9],
			"to": [20, 29, 10],
			"rotation": {"angle": 0, "axis": "z", "origin": [0.5, 8.25, 10]},
			"faces": {
				"north": {"uv": [0.008, 0.008, 6.242, 1.492], "texture": "#4"},
				"east": {"uv": [0.008, 0.008, 0.242, 1.492], "texture": "#4"},
				"south": {"uv": [0.008, 1.508, 6.242, 2.992], "texture": "#4"},
				"west": {"uv": [6.008, 0.008, 6.242, 1.492], "texture": "#4"},
				"up": {"uv": [0.008, 0.008, 6.242, 0.242], "texture": "#4"},
				"down": {"uv": [0.008, 1.258, 6.242, 1.492], "texture": "#4"}
			}
		},
		{
			"from": [7, -15, 10],
			"to": [9, 8, 12],
			"rotation": {"angle": 0, "axis": "z", "origin": [8, -3.5, 11]},
			"faces": {
				"north": {"uv": [0.008, 7.758, 0.492, 13.492], "texture": "#4"},
				"east": {"uv": [1.492, 7.758, 1.008, 13.492], "texture": "#4"},
				"south": {"uv": [0.508, 7.758, 0.992, 13.492], "texture": "#4"},
				"west": {"uv": [1.008, 7.758, 1.492, 13.492], "texture": "#4"},
				"down": {"uv": [6.992, 8.258, 6.508, 8.742], "texture": "#4"}
			}
		},
		{
			"from": [5, 12.01692, 7.1124],
			"to": [5, 20.01692, 15.1124],
			"rotation": {"angle": 0, "axis": "z", "origin": [5, 16.01692, 11.1124]},
			"faces": {
				"east": {"uv": [7.992, 6.258, 6.008, 8.242], "texture": "#4"},
				"west": {"uv": [6.008, 6.258, 7.992, 8.242], "texture": "#4"}
			}
		},
		{
			"from": [-11, 20, 9.5],
			"to": [-3, 32, 9.5],
			"rotation": {"angle": 0, "axis": "z", "origin": [-7, 26, 9.5]},
			"faces": {
				"north": {"uv": [2.508, 3.008, 4.492, 5.992], "texture": "#4"},
				"south": {"uv": [4.492, 3.008, 2.508, 5.992], "texture": "#4"}
			}
		},
		{
			"from": [3.00001, -4, 12.25],
			"to": [13.00001, 6, 12.25],
			"rotation": {"angle": -45, "axis": "z", "origin": [8.00001, 1, 12.25]},
			"faces": {
				"north": {"uv": [2.492, 3.008, 0.008, 5.492], "texture": "#4"},
				"south": {"uv": [0.008, 3.008, 2.492, 5.492], "texture": "#4"}
			}
		},
		{
			"from": [-3, 24, 8.5],
			"to": [18, 28, 8.5],
			"rotation": {"angle": 0, "axis": "z", "origin": [7.5, 26, 8.5]},
			"faces": {
				"north": {"uv": [4.508, 3.008, 9.742, 3.992], "texture": "#4"}
			}
		},
		{
			"from": [0, -12, 12],
			"to": [16, -7, 13],
			"rotation": {"angle": -22.5, "axis": "z", "origin": [8, -9.5, 12.5]},
			"faces": {
				"north": {"uv": [10.242, 0.008, 6.258, 1.242], "texture": "#4"},
				"east": {"uv": [10.008, 0.008, 10.242, 1.242], "texture": "#4"},
				"south": {"uv": [6.258, 0.008, 10.242, 1.242], "texture": "#4"},
				"west": {"uv": [6.258, 0.008, 6.492, 1.242], "texture": "#4"},
				"up": {"uv": [6.258, 0.008, 10.242, 0.242], "texture": "#4"},
				"down": {"uv": [6.258, 1.008, 10.242, 1.242], "texture": "#4"}
			}
		},
		{
			"from": [6.5, 10, 5.5],
			"to": [9.5, 12, 6.5],
			"rotation": {"angle": 0, "axis": "z", "origin": [8, 11, 6]},
			"faces": {
				"east": {"uv": [2.492, 5.508, 2.258, 5.992], "texture": "#4"},
				"west": {"uv": [2.258, 5.508, 2.492, 5.992], "texture": "#4"},
				"up": {"uv": [4.242, 6.242, 3.508, 6.008], "texture": "#4"}
			}
		},
		{
			"from": [6.5, 14, 5.5],
			"to": [9.5, 16, 6.5],
			"rotation": {"angle": 0, "axis": "z", "origin": [8, 15, 6]},
			"faces": {
				"east": {"uv": [2.492, 5.508, 2.258, 5.992], "texture": "#4"},
				"west": {"uv": [2.258, 5.508, 2.492, 5.992], "texture": "#4"},
				"up": {"uv": [4.242, 6.242, 3.508, 6.008], "texture": "#4"}
			}
		},
		{
			"from": [6.5, 18, 5.5],
			"to": [9.5, 20, 6.5],
			"rotation": {"angle": 0, "axis": "z", "origin": [8, 19, 6]},
			"faces": {
				"east": {"uv": [2.492, 5.508, 2.258, 5.992], "texture": "#4"},
				"west": {"uv": [2.258, 5.508, 2.492, 5.992], "texture": "#4"},
				"up": {"uv": [4.242, 6.242, 3.508, 6.008], "texture": "#4"}
			}
		},
		{
			"from": [6.75, -3.25, 9.75],
			"to": [9.25, -0.75, 12.25],
			"rotation": {"angle": 0, "axis": "z", "origin": [8, -2, 11]},
			"faces": {
				"north": {"uv": [6.758, 1.758, 7.242, 2.242], "texture": "#4"},
				"east": {"uv": [6.758, 1.758, 7.242, 2.242], "texture": "#4"},
				"west": {"uv": [6.758, 1.758, 7.242, 2.242], "texture": "#4"}
			}
		},
		{
			"from": [6.75, 1.75, 9.75],
			"to": [9.25, 4.25, 12.25],
			"rotation": {"angle": 0, "axis": "z", "origin": [8, 3, 11]},
			"faces": {
				"north": {"uv": [6.758, 1.758, 7.242, 2.242], "texture": "#4"},
				"east": {"uv": [6.758, 1.758, 7.242, 2.242], "texture": "#4"},
				"west": {"uv": [6.758, 1.758, 7.242, 2.242], "texture": "#4"}
			}
		},
		{
			"from": [6.75, -10.25, 9.75],
			"to": [9.25, -7.75, 12.25],
			"rotation": {"angle": 0, "axis": "z", "origin": [8, -9, 11]},
			"faces": {
				"north": {"uv": [6.758, 1.758, 7.242, 2.242], "texture": "#4"},
				"east": {"uv": [6.758, 1.758, 7.242, 2.242], "texture": "#4"},
				"west": {"uv": [6.758, 1.758, 7.242, 2.242], "texture": "#4"}
			}
		},
		{
			"name": "cube inverted",
			"from": [9.5, 12, 6.5],
			"to": [6.5, 10, 5.5],
			"rotation": {"angle": 0, "axis": "z", "origin": [8, 11, 6]},
			"faces": {
				"east": {"uv": [2.258, 5.992, 2.492, 5.508], "texture": "#4"},
				"west": {"uv": [2.492, 5.992, 2.258, 5.508], "texture": "#4"},
				"down": {"uv": [3.508, 6.242, 4.242, 6.008], "texture": "#4"}
			}
		},
		{
			"name": "cube inverted",
			"from": [9.5, 16, 6.5],
			"to": [6.5, 14, 5.5],
			"rotation": {"angle": 0, "axis": "z", "origin": [8, 15, 6]},
			"faces": {
				"east": {"uv": [2.258, 5.992, 2.492, 5.508], "texture": "#4"},
				"west": {"uv": [2.492, 5.992, 2.258, 5.508], "texture": "#4"},
				"down": {"uv": [3.508, 6.242, 4.242, 6.008], "texture": "#4"}
			}
		},
		{
			"name": "cube inverted",
			"from": [9.5, 20, 6.5],
			"to": [6.5, 18, 5.5],
			"rotation": {"angle": 0, "axis": "z", "origin": [8, 19, 6]},
			"faces": {
				"east": {"uv": [2.258, 5.992, 2.492, 5.508], "texture": "#4"},
				"west": {"uv": [2.492, 5.992, 2.258, 5.508], "texture": "#4"},
				"down": {"uv": [3.508, 6.242, 4.242, 6.008], "texture": "#4"}
			}
		},
		{
			"name": "cube inverted inverted inverted",
			"from": [9.75, 20.25, 7.75],
			"to": [6.25, 16.75, 5.25],
			"rotation": {"angle": 0, "axis": "z", "origin": [8, 18.5, 6.5]},
			"faces": {
				"north": {"uv": [13.008, 2.992, 15.992, 0.008], "texture": "#1", "tintindex": 0},
				"east": {"uv": [13.008, 2.992, 13.992, 0.008], "texture": "#1", "tintindex": 0},
				"south": {"uv": [13.008, 2.992, 15.992, 0.008], "texture": "#1", "tintindex": 0},
				"west": {"uv": [13.008, 2.992, 13.992, 0.008], "texture": "#1", "tintindex": 0},
				"up": {"uv": [15.992, 0.008, 13.008, 0.992], "texture": "#1", "tintindex": 0},
				"down": {"uv": [15.992, 0.008, 13.008, 0.992], "texture": "#1", "tintindex": 0}
			}
		},
		{
			"name": "cube inverted inverted inverted",
			"from": [9.75, 16.25, 7.75],
			"to": [6.25, 12.75, 5.25],
			"rotation": {"angle": 0, "axis": "z", "origin": [8, 14.5, 6.5]},
			"faces": {
				"north": {"uv": [13.008, 6.992, 15.992, 4.008], "texture": "#1", "tintindex": 0},
				"east": {"uv": [13.008, 6.992, 13.992, 4.008], "texture": "#1", "tintindex": 0},
				"south": {"uv": [13.008, 6.992, 15.992, 4.008], "texture": "#1", "tintindex": 0},
				"west": {"uv": [13.008, 6.992, 13.992, 4.008], "texture": "#1", "tintindex": 0},
				"up": {"uv": [15.992, 4.008, 13.008, 4.992], "texture": "#1", "tintindex": 0},
				"down": {"uv": [15.992, 4.008, 13.008, 4.992], "texture": "#1", "tintindex": 0}
			}
		},
		{
			"name": "cube inverted inverted inverted",
			"from": [9.75, 12.25, 7.75],
			"to": [6.25, 8.75, 5.25],
			"rotation": {"angle": 0, "axis": "z", "origin": [8, 10.5, 6.5]},
			"faces": {
				"north": {"uv": [13.008, 10.992, 15.992, 8.008], "texture": "#1", "tintindex": 0},
				"east": {"uv": [13.008, 10.992, 13.992, 8.008], "texture": "#1", "tintindex": 0},
				"south": {"uv": [13.008, 10.992, 15.992, 8.008], "texture": "#1", "tintindex": 0},
				"west": {"uv": [13.008, 10.992, 13.992, 8.008], "texture": "#1", "tintindex": 0},
				"up": {"uv": [15.992, 8.008, 13.008, 8.992], "texture": "#1", "tintindex": 0},
				"down": {"uv": [15.992, 8.008, 13.008, 8.992], "texture": "#1", "tintindex": 0}
			}
		}
	],
	"display": {
		"thirdperson_righthand": {
			"rotation": [62, 90, -36],
			"translation": [-2.25, 11.75, 5.75]
		},
		"thirdperson_lefthand": {
			"rotation": [62, 90, -36],
			"translation": [-2.25, 11.75, 5.75]
		},
		"gui": {
			"rotation": [30, -135, 0],
			"translation": [0.5, -0.75, 0],
			"scale": [0.31, 0.31, 0.31]
		},
		"head": {
			"rotation": [0, 0, 30],
			"translation": [-10.5, -32.66, 0],
			"scale": [1.667, 1.667, 1.667]
		}
	},
	"groups": [
		{
			"name": "group",
			"origin": [8, 17.5, 6],
			"color": 0,
			"nbt": "{}",
			"children": [0, 1, 2, 3, 4, 5, 6, 7, 8, 9, 10, 11, 12, 13, 14, 15, 16, 17, 18, 19, 20, 21, 22, 23, 24]
		}
	],
	"__credit": "Generated using Animated Java (https://animated-java.dev/)"
}