{
	"credit": "Made with Blockbench",
	"parent": "hideaway:display_parents/back",
	"texture_size": [64, 64],
	"textures": {
		"1": "hideaway:back/tree_dragon_tail"
	},
	"elements": [
		{
			"from": [5.999, 2.749, 7.51699],
			"to": [10.001, 7.751, 14.51899],
			"rotation": {"angle": 45, "axis": "x", "origin": [9, 3, 6.51799]},
			"faces": {
				"north": {"uv": [1.758, 1.758, 2.742, 2.992], "texture": "#1"},
				"east": {"uv": [0.758, 0.008, 1.992, 1.742], "rotation": 90, "texture": "#1"},
				"south": {"uv": [1.758, 1.758, 2.742, 2.992], "texture": "#1"},
				"west": {"uv": [0.758, 1.742, 1.992, 0.008], "rotation": 90, "texture": "#1"},
				"up": {"uv": [0.008, 0.008, 0.992, 1.742], "texture": "#1"},
				"down": {"uv": [2.258, 0.008, 3.242, 1.742], "texture": "#1"}
			}
		},
		{
			"from": [6, -3.38759, 13.29171],
			"to": [10, 0.61241, 20.29171],
			"rotation": {"angle": 22.5, "axis": "x", "origin": [8, 0.86241, 14.29171]},
			"faces": {
				"north": {"uv": [1.758, 1.758, 2.742, 2.742], "texture": "#1"},
				"east": {"uv": [1.008, 0.008, 1.992, 1.742], "rotation": 90, "texture": "#1"},
				"south": {"uv": [1.758, 1.758, 2.742, 2.742], "texture": "#1"},
				"west": {"uv": [1.008, 1.742, 1.992, 0.008], "rotation": 90, "texture": "#1"},
				"up": {"uv": [0.008, 0.008, 0.992, 1.742], "texture": "#1"},
				"down": {"uv": [2.258, 0.008, 3.242, 1.742], "texture": "#1"}
			}
		},
		{
			"from": [6.001, -5.339, 18.18794],
			"to": [9.999, -2.341, 25.18594],
			"rotation": {"angle": 0, "axis": "y", "origin": [8, -4.20533, 18.68694]},
			"faces": {
				"north": {"uv": [1.758, 2.008, 2.742, 2.742], "texture": "#1"},
				"east": {"uv": [1.258, 0.008, 1.992, 1.742], "rotation": 90, "texture": "#1"},
				"south": {"uv": [1.758, 2.008, 2.742, 2.742], "texture": "#1"},
				"west": {"uv": [1.258, 1.742, 1.992, 0.008], "rotation": 90, "texture": "#1"},
				"up": {"uv": [0.008, 0.008, 0.992, 1.742], "texture": "#1"},
				"down": {"uv": [2.258, 0.008, 3.242, 1.742], "texture": "#1"}
			}
		},
		{
			"from": [7, -5, 23.93694],
			"to": [9, -3, 30.93694],
			"rotation": {"angle": -45, "axis": "x", "origin": [8, -4, 24.93694]},
			"faces": {
				"north": {"uv": [2.758, 1.758, 3.242, 2.242], "texture": "#1"},
				"east": {"uv": [0.008, 2.258, 1.742, 2.742], "texture": "#1"},
				"south": {"uv": [2.758, 1.758, 3.242, 2.242], "texture": "#1"},
				"west": {"uv": [1.742, 2.258, 0.008, 2.742], "texture": "#1"},
				"up": {"uv": [0.008, 1.758, 1.742, 2.242], "rotation": 90, "texture": "#1"},
				"down": {"uv": [0.008, 2.758, 1.742, 3.242], "rotation": 270, "texture": "#1"}
			}
		},
		{
			"from": [2.5, -3.97134, 21.7377],
			"to": [6.5, -3.97134, 25.7377],
			"rotation": {"angle": -22.5, "axis": "x", "origin": [8, -4.47134, 24.2377]},
			"faces": {
				"up": {"uv": [5.758, 5.008, 6.742, 5.992], "rotation": 180, "texture": "#1", "tintindex": 0},
				"down": {"uv": [6.742, 5.008, 5.758, 5.992], "texture": "#1", "tintindex": 0}
			}
		},
		{
			"from": [2.25, -3.97134, 15.2377],
			"to": [6.25, -3.97134, 21.2377],
			"rotation": {"angle": 22.5, "axis": "x", "origin": [8, -3.72134, 17.7377]},
			"faces": {
				"up": {"uv": [4.758, 4.508, 5.742, 5.992], "rotation": 180, "texture": "#1", "tintindex": 0},
				"down": {"uv": [5.742, 4.508, 4.758, 5.992], "texture": "#1", "tintindex": 0}
			}
		},
		{
			"from": [9.75, -3.97134, 15.2377],
			"to": [13.75, -3.97134, 21.2377],
			"rotation": {"angle": 22.5, "axis": "x", "origin": [8, -3.72134, 17.7377]},
			"faces": {
				"up": {"uv": [5.742, 4.508, 4.758, 5.992], "rotation": 180, "texture": "#1", "tintindex": 0},
				"down": {"uv": [4.758, 4.508, 5.742, 5.992], "texture": "#1", "tintindex": 0}
			}
		},
		{
			"from": [9.5, -3.97134, 21.7377],
			"to": [13.5, -3.97134, 25.7377],
			"rotation": {"angle": -22.5, "axis": "x", "origin": [8, -4.47134, 24.2377]},
			"faces": {
				"up": {"uv": [6.742, 5.008, 5.758, 5.992], "rotation": 180, "texture": "#1", "tintindex": 0},
				"down": {"uv": [5.758, 5.008, 6.742, 5.992], "texture": "#1", "tintindex": 0}
			}
		},
		{
			"from": [9.75, -3.35738, 11.37373],
			"to": [15.75, 4.64262, 11.37373],
			"rotation": {"angle": -45, "axis": "x", "origin": [12.75, 2.64262, 11.37373]},
			"faces": {
				"north": {"uv": [3.258, 4.258, 4.742, 6.242], "rotation": 180, "texture": "#1", "tintindex": 0},
				"south": {"uv": [4.742, 4.258, 3.258, 6.242], "rotation": 180, "texture": "#1", "tintindex": 0}
			}
		},
		{
			"from": [0.25, -3.35738, 11.37373],
			"to": [6.25, 4.64262, 11.37373],
			"rotation": {"angle": -45, "axis": "x", "origin": [3.25, 2.64262, 11.37373]},
			"faces": {
				"north": {"uv": [4.742, 4.258, 3.258, 6.242], "rotation": 180, "texture": "#1", "tintindex": 0},
				"south": {"uv": [3.258, 4.258, 4.742, 6.242], "rotation": 180, "texture": "#1", "tintindex": 0}
			}
		},
		{
			"from": [8, -1.36091, 28.07602],
			"to": [16, 8.63909, 28.07602],
			"rotation": {"angle": 45, "axis": "x", "origin": [8, -2.11091, 28.07602]},
			"faces": {
				"north": {"uv": [7.992, 1.508, 6.008, 3.992], "texture": "#1", "tintindex": 0},
				"south": {"uv": [6.008, 1.508, 7.992, 3.992], "texture": "#1", "tintindex": 0}
			}
		},
		{
			"from": [0, -1.36091, 28.07602],
			"to": [8, 8.63909, 28.07602],
			"rotation": {"angle": 45, "axis": "x", "origin": [8, -2.11091, 28.07602]},
			"faces": {
				"north": {"uv": [6.008, 1.508, 7.992, 3.992], "texture": "#1", "tintindex": 0},
				"south": {"uv": [7.992, 1.508, 6.008, 3.992], "texture": "#1", "tintindex": 0}
			}
		},
		{
			"from": [8, 1.74037, 7.3823],
			"to": [8, 13.74037, 15.3823],
			"rotation": {"angle": -22.5, "axis": "x", "origin": [8, 9.74037, 12.8823]},
			"faces": {
				"east": {"uv": [0.008, 8.492, 2.992, 6.508], "rotation": 90, "texture": "#1"},
				"west": {"uv": [0.008, 6.508, 2.992, 8.492], "rotation": 90, "texture": "#1"}
			}
		},
		{
			"from": [8, -1.11091, 20.82602],
			"to": [8, 14.88909, 31.82602],
			"rotation": {"angle": 22.5, "axis": "x", "origin": [8, -0.11091, 28.82602]},
			"faces": {
				"east": {"uv": [3.258, 0.008, 5.992, 3.992], "texture": "#1", "tintindex": 0},
				"west": {"uv": [5.992, 0.008, 3.258, 3.992], "texture": "#1", "tintindex": 0}
			}
		},
		{
			"from": [8, -1.11091, 20.82602],
			"to": [8, 14.88909, 31.82602],
			"rotation": {"angle": 22.5, "axis": "x", "origin": [8, -0.11091, 28.82602]},
			"faces": {
				"east": {"uv": [8.008, 0.008, 10.742, 3.992], "texture": "#1"},
				"west": {"uv": [10.742, 0.008, 8.008, 3.992], "texture": "#1"}
			}
		},
		{
			"from": [5.999, 2.749, 7.51699],
			"to": [10.001, 7.751, 14.51899],
			"rotation": {"angle": 45, "axis": "x", "origin": [9, 3, 6.51799]},
			"faces": {
				"north": {"uv": [1.758, 5.008, 2.742, 6.242], "texture": "#1", "tintindex": 0},
				"east": {"uv": [0.758, 3.258, 1.992, 4.992], "rotation": 90, "texture": "#1", "tintindex": 0},
				"south": {"uv": [1.758, 5.008, 2.742, 6.242], "texture": "#1", "tintindex": 0},
				"west": {"uv": [0.758, 4.992, 1.992, 3.258], "rotation": 90, "texture": "#1", "tintindex": 0},
				"up": {"uv": [0.008, 3.258, 0.992, 4.992], "texture": "#1", "tintindex": 0},
				"down": {"uv": [2.258, 3.258, 3.242, 4.992], "texture": "#1", "tintindex": 0}
			}
		},
		{
			"from": [6, -3.38759, 13.29171],
			"to": [10, 0.61241, 20.29171],
			"rotation": {"angle": 22.5, "axis": "x", "origin": [8, 0.86241, 14.29171]},
			"faces": {
				"north": {"uv": [1.758, 5.008, 2.742, 5.992], "texture": "#1", "tintindex": 0},
				"east": {"uv": [1.008, 3.258, 1.992, 4.992], "rotation": 90, "texture": "#1", "tintindex": 0},
				"south": {"uv": [1.758, 5.008, 2.742, 5.992], "texture": "#1", "tintindex": 0},
				"west": {"uv": [1.008, 4.992, 1.992, 3.258], "rotation": 90, "texture": "#1", "tintindex": 0},
				"up": {"uv": [0.008, 3.258, 0.992, 4.992], "texture": "#1", "tintindex": 0},
				"down": {"uv": [2.258, 3.258, 3.242, 4.992], "texture": "#1", "tintindex": 0}
			}
		},
		{
			"from": [6.001, -5.339, 18.18794],
			"to": [9.999, -2.341, 25.18594],
			"rotation": {"angle": 0, "axis": "y", "origin": [8, -4.20533, 18.68694]},
			"faces": {
				"north": {"uv": [1.758, 5.258, 2.742, 5.992], "texture": "#1", "tintindex": 0},
				"east": {"uv": [1.258, 3.258, 1.992, 4.992], "rotation": 90, "texture": "#1", "tintindex": 0},
				"south": {"uv": [1.758, 5.258, 2.742, 5.992], "texture": "#1", "tintindex": 0},
				"west": {"uv": [1.258, 3.258, 1.992, 4.992], "rotation": 90, "texture": "#1", "tintindex": 0},
				"up": {"uv": [0.008, 3.258, 0.992, 4.992], "texture": "#1", "tintindex": 0},
				"down": {"uv": [2.258, 3.258, 3.242, 4.992], "texture": "#1", "tintindex": 0}
			}
		},
		{
			"from": [7, -5, 23.93694],
			"to": [9, -3, 30.93694],
			"rotation": {"angle": -45, "axis": "x", "origin": [8, -4, 24.93694]},
			"faces": {
				"north": {"uv": [2.758, 5.008, 3.242, 5.492], "texture": "#1", "tintindex": 0},
				"east": {"uv": [0.008, 5.508, 1.742, 5.992], "texture": "#1", "tintindex": 0},
				"south": {"uv": [2.758, 5.008, 3.242, 5.492], "texture": "#1", "tintindex": 0},
				"west": {"uv": [1.742, 5.508, 0.008, 5.992], "texture": "#1", "tintindex": 0},
				"up": {"uv": [0.008, 5.008, 1.742, 5.492], "rotation": 90, "texture": "#1", "tintindex": 0},
				"down": {"uv": [0.008, 6.008, 1.742, 6.492], "rotation": 270, "texture": "#1", "tintindex": 0}
			}
		},
		{
			"from": [9.75, 5, 14.75],
			"to": [21.75, 13, 14.75],
			"rotation": {"angle": -45, "axis": "y", "origin": [14.5, 5.5, 10.5]},
			"faces": {
				"north": {"uv": [2.992, 8.508, 0.008, 10.492], "texture": "#1"},
				"south": {"uv": [0.008, 8.508, 2.992, 10.492], "texture": "#1"}
			}
		},
		{
			"from": [-5.75, 5, 14.75],
			"to": [6.25, 13, 14.75],
			"rotation": {"angle": 45, "axis": "y", "origin": [1.5, 5.5, 10.5]},
			"faces": {
				"north": {"uv": [0.008, 8.508, 2.992, 10.492], "texture": "#1"},
				"south": {"uv": [2.992, 8.508, 0.008, 10.492], "texture": "#1"}
			}
		},
		{
			"from": [-5.75, 5, 14.75],
			"to": [6.25, 13, 14.75],
			"rotation": {"angle": 45, "axis": "y", "origin": [1.5, 5.5, 10.5]},
			"faces": {
				"north": {"uv": [3.008, 8.508, 5.992, 10.492], "texture": "#1", "tintindex": 0},
				"south": {"uv": [5.992, 8.508, 3.008, 10.492], "texture": "#1", "tintindex": 0}
			}
		},
		{
			"from": [9.75, 5, 14.75],
			"to": [21.75, 13, 14.75],
			"rotation": {"angle": -45, "axis": "y", "origin": [14.5, 5.5, 10.5]},
			"faces": {
				"north": {"uv": [5.992, 8.508, 3.008, 10.492], "texture": "#1", "tintindex": 0},
				"south": {"uv": [3.008, 8.508, 5.992, 10.492], "texture": "#1", "tintindex": 0}
			}
		}
	],
	"display": {
		"gui": {
			"rotation": [30, 225, 0],
			"translation": [6.25, -0.75, 0],
			"scale": [0.56, 0.56, 0.56]
		}
	},
	"groups": [
		{
			"name": "group",
			"origin": [10, 8, 8],
			"color": 0,
			"nbt": "{}",
			"children": [
				0,
				1,
				2,
				3,
				{
					"name": "group",
					"origin": [8, -0.11091, 28.82602],
					"color": 0,
					"nbt": "{}",
					"children": [
						4,
						5,
						6,
						7,
						8,
						9,
						10,
						11,
						12,
						13,
						14,
						{
							"name": "group",
							"origin": [8, -4, 24.93694],
							"color": 0,
							"nbt": "{}",
							"children": [15, 16, 17, 18]
						},
						{
							"name": "group",
							"origin": [8, 8, 8],
							"color": 0,
							"nbt": "{}",
							"children": [19, 20, 21, 22]
						}
					]
				}
			]
		}
	]
}