{
	"credit": "Made with Blockbench",
	"parent": "hideaway:display_parents/back",
	"texture_size": [128, 128],
	"textures": {
		"5": "hideaway:back/tree_backpack"
	},
	"elements": [
		{
			"from": [4, 19, 12],
			"to": [12, 21, 20],
			"rotation": {"angle": 0, "axis": "y", "origin": [4, 3, 12]},
			"faces": {
				"north": {"uv": [1.625, 8.625, 2.625, 8.875], "texture": "#5", "tintindex": 0},
				"east": {"uv": [1.625, 8.625, 2.625, 8.875], "texture": "#5", "tintindex": 0},
				"south": {"uv": [1.625, 8.625, 2.625, 8.875], "texture": "#5", "tintindex": 0},
				"west": {"uv": [1.625, 8.625, 2.625, 8.875], "texture": "#5", "tintindex": 0},
				"up": {"uv": [7, 3.25, 6, 2.25], "texture": "#5", "tintindex": 0},
				"down": {"uv": [7, 3.25, 6, 4.25], "texture": "#5", "tintindex": 0}
			}
		},
		{
			"from": [12, 19, 12],
			"to": [4, 21, 20],
			"rotation": {"angle": 0, "axis": "y", "origin": [4, 3, 12]},
			"faces": {
				"north": {"uv": [1.625, 8.625, 2.625, 8.875], "texture": "#5", "tintindex": 0},
				"east": {"uv": [1.625, 8.625, 2.625, 8.875], "texture": "#5", "tintindex": 0},
				"south": {"uv": [1.625, 8.625, 2.625, 8.875], "texture": "#5", "tintindex": 0},
				"west": {"uv": [1.625, 8.625, 2.625, 8.875], "texture": "#5", "tintindex": 0},
				"up": {"uv": [7, 3.25, 6, 2.25], "texture": "#5", "tintindex": 0},
				"down": {"uv": [7, 3.25, 6, 4.25], "texture": "#5", "tintindex": 0}
			}
		},
		{
			"from": [12, 19, 12],
			"to": [4, 21, 20],
			"rotation": {"angle": 0, "axis": "y", "origin": [4, 3, 12]},
			"faces": {
				"north": {"uv": [8.75, 1, 9.75, 1.25], "texture": "#5", "tintindex": 0},
				"east": {"uv": [8.75, 1.25, 9.75, 1.5], "texture": "#5", "tintindex": 0},
				"south": {"uv": [8.75, 1.5, 9.75, 1.75], "texture": "#5", "tintindex": 0},
				"west": {"uv": [8.75, 1.75, 9.75, 2], "texture": "#5", "tintindex": 0},
				"up": {"uv": [5.5, 7, 4.5, 6], "texture": "#5", "tintindex": 0},
				"down": {"uv": [6.5, 6, 5.5, 7], "texture": "#5", "tintindex": 0}
			}
		},
		{
			"from": [2, 12, 10],
			"to": [14, 14, 22],
			"rotation": {"angle": 0, "axis": "y", "origin": [4, 3, 12]},
			"faces": {
				"north": {"uv": [0, 8.625, 1.5, 8.875], "texture": "#5"},
				"east": {"uv": [0, 8.625, 1.5, 8.875], "texture": "#5"},
				"south": {"uv": [0, 8.625, 1.5, 8.875], "texture": "#5"},
				"west": {"uv": [0, 8.625, 1.5, 8.875], "texture": "#5"},
				"up": {"uv": [1.5, 1.5, 0, 0], "texture": "#5"},
				"down": {"uv": [1.5, 1.5, 0, 3], "texture": "#5"}
			}
		},
		{
			"from": [14, 12, 10],
			"to": [2, 14, 22],
			"rotation": {"angle": 0, "axis": "y", "origin": [4, 3, 12]},
			"faces": {
				"north": {"uv": [8.5, 7.75, 10, 8], "texture": "#5"},
				"east": {"uv": [8.5, 8, 10, 8.25], "texture": "#5"},
				"south": {"uv": [0, 8.625, 1.5, 8.875], "texture": "#5"},
				"west": {"uv": [0, 8.625, 1.5, 8.875], "texture": "#5"},
				"up": {"uv": [3, 1.5, 1.5, 0], "texture": "#5"},
				"down": {"uv": [3, 1.5, 1.5, 3], "texture": "#5"}
			}
		},
		{
			"from": [6, 15, 14],
			"to": [10, 21, 18],
			"rotation": {"angle": 0, "axis": "y", "origin": [4, 3, 12]},
			"faces": {
				"north": {"uv": [0.75, 7.75, 1.25, 8.5], "texture": "#5"},
				"east": {"uv": [0.75, 7.75, 1.25, 8.5], "texture": "#5"},
				"south": {"uv": [0.75, 7.75, 1.25, 8.5], "texture": "#5"},
				"west": {"uv": [0.75, 7.75, 1.25, 8.5], "texture": "#5"},
				"up": {"uv": [4.375, 6.625, 3.875, 6.125], "texture": "#5"},
				"down": {"uv": [0.625, 7.5, 0.125, 8], "texture": "#5"}
			}
		},
		{
			"from": [5, 6, 13],
			"to": [11, 15, 19],
			"rotation": {"angle": 0, "axis": "y", "origin": [4, 3, 12]},
			"faces": {
				"north": {"uv": [0, 7.5, 0.75, 8.625], "texture": "#5"},
				"east": {"uv": [0, 7.5, 0.75, 8.625], "texture": "#5"},
				"south": {"uv": [0, 7.5, 0.75, 8.625], "texture": "#5"},
				"west": {"uv": [0, 7.5, 0.75, 8.625], "texture": "#5"},
				"up": {"uv": [2, 8.5, 1.25, 7.75], "texture": "#5"},
				"down": {"uv": [2.75, 7.75, 2, 8.5], "texture": "#5"}
			}
		},
		{
			"from": [3.5, -2, 10],
			"to": [12.5, 7, 19],
			"rotation": {"angle": 22.5, "axis": "x", "origin": [8, 4, 15.5]},
			"faces": {
				"north": {"uv": [0, 3, 1.125, 4.125], "texture": "#5", "tintindex": 0},
				"east": {"uv": [3, 0, 4.125, 1.125], "texture": "#5", "tintindex": 0},
				"south": {"uv": [1.125, 3, 2.25, 4.125], "texture": "#5", "tintindex": 0},
				"west": {"uv": [3, 1.125, 4.125, 2.25], "texture": "#5", "tintindex": 0},
				"up": {"uv": [3.375, 4.125, 2.25, 3], "texture": "#5", "tintindex": 0},
				"down": {"uv": [4.5, 2.25, 3.375, 3.375], "texture": "#5", "tintindex": 0}
			}
		},
		{
			"from": [3.3, -2.2, 9.8],
			"to": [12.7, 7.2, 19.2],
			"rotation": {"angle": 22.5, "axis": "x", "origin": [8, 4, 15.5]},
			"faces": {
				"north": {"uv": [3.375, 3.375, 4.5, 4.5], "texture": "#5"},
				"east": {"uv": [0, 4.125, 1.125, 5.25], "texture": "#5"},
				"south": {"uv": [4.125, 0, 5.25, 1.125], "texture": "#5"},
				"west": {"uv": [1.125, 4.125, 2.25, 5.25], "texture": "#5"},
				"up": {"uv": [5.25, 2.25, 4.125, 1.125], "texture": "#5"},
				"down": {"uv": [3.375, 4.125, 2.25, 5.25], "texture": "#5"}
			}
		},
		{
			"from": [7, 20, 15],
			"to": [9, 26, 17],
			"rotation": {"angle": 0, "axis": "y", "origin": [4, 3, 12]},
			"faces": {
				"north": {"uv": [1.25, 6.75, 1.5, 7.5], "texture": "#5"},
				"east": {"uv": [2.875, 7.75, 3.125, 8.5], "texture": "#5"},
				"south": {"uv": [1.25, 6.75, 1.5, 7.5], "texture": "#5"},
				"west": {"uv": [2.875, 7.75, 3.125, 8.5], "texture": "#5"},
				"up": {"uv": [3.5, 8, 3.25, 7.75], "texture": "#5"},
				"down": {"uv": [3.5, 8.125, 3.25, 8.375], "texture": "#5"}
			}
		},
		{
			"from": [4, 25, 16],
			"to": [12, 32, 16],
			"rotation": {"angle": -45, "axis": "y", "origin": [8, 27.5, 16]},
			"faces": {
				"north": {"uv": [3.5, 6.75, 4.5, 7.625], "texture": "#5"},
				"east": {"uv": [0, 0, 0, 0.875], "texture": "#5"},
				"south": {"uv": [3.5, 6.75, 4.5, 7.625], "texture": "#5"},
				"west": {"uv": [0, 0, 0, 0.875], "texture": "#5"},
				"up": {"uv": [1, 0, 0, 0], "texture": "#5"},
				"down": {"uv": [1, 0, 0, 0], "texture": "#5"}
			}
		},
		{
			"from": [4, 25, 16],
			"to": [12, 32, 16],
			"rotation": {"angle": 45, "axis": "y", "origin": [8, 27.5, 16]},
			"faces": {
				"north": {"uv": [3.5, 6.75, 4.5, 7.625], "texture": "#5"},
				"east": {"uv": [0, 0, 0, 0.875], "texture": "#5"},
				"south": {"uv": [3.5, 6.75, 4.5, 7.625], "texture": "#5"},
				"west": {"uv": [0, 0, 0, 0.875], "texture": "#5"},
				"up": {"uv": [1, 0, 0, 0], "texture": "#5"},
				"down": {"uv": [1, 0, 0, 0], "texture": "#5"}
			}
		},
		{
			"from": [5, 21.44002, 6.73321],
			"to": [11, 27.44002, 6.73321],
			"rotation": {"angle": 22.5, "axis": "x", "origin": [4, 5.44002, 4.73321]},
			"faces": {
				"north": {"uv": [0, 6, 0.75, 6.75], "texture": "#5"},
				"east": {"uv": [0, 0, 0, 0.75], "texture": "#5"},
				"south": {"uv": [0, 6, 0.75, 6.75], "texture": "#5"},
				"west": {"uv": [0, 0, 0, 0.75], "texture": "#5"},
				"up": {"uv": [0.75, 0, 0, 0], "texture": "#5"},
				"down": {"uv": [0.75, 0, 0, 0], "texture": "#5"}
			}
		},
		{
			"from": [4, 16.73654, -0.19239],
			"to": [12, 22.73654, -0.19239],
			"rotation": {"angle": 45, "axis": "x", "origin": [5, 4.73654, 4.80761]},
			"faces": {
				"north": {"uv": [2.25, 6.75, 3.25, 7.5], "texture": "#5"},
				"east": {"uv": [0, 0, 0, 0.75], "texture": "#5"},
				"south": {"uv": [2.25, 6.75, 3.25, 7.5], "texture": "#5"},
				"west": {"uv": [0, 0, 0, 0.75], "texture": "#5"},
				"up": {"uv": [1, 0, 0, 0], "texture": "#5"},
				"down": {"uv": [1, 0, 0, 0], "texture": "#5"}
			}
		},
		{
			"from": [4, 15.43934, 21.18198],
			"to": [12, 21.43934, 21.18198],
			"rotation": {"angle": -45, "axis": "x", "origin": [8, 17.37868, 20.12132]},
			"faces": {
				"north": {"uv": [2.25, 6.75, 3.25, 7.5], "texture": "#5"},
				"east": {"uv": [0, 0, 0, 0.75], "texture": "#5"},
				"south": {"uv": [2.25, 6.75, 3.25, 7.5], "texture": "#5"},
				"west": {"uv": [0, 0, 0, 0.75], "texture": "#5"},
				"up": {"uv": [1, 0, 0, 0], "texture": "#5"},
				"down": {"uv": [1, 0, 0, 0], "texture": "#5"}
			}
		},
		{
			"from": [5, 21.44002, 25.26679],
			"to": [11, 27.44002, 25.26679],
			"rotation": {"angle": -22.5, "axis": "x", "origin": [4, 5.44002, 27.26679]},
			"faces": {
				"north": {"uv": [0, 6, 0.75, 6.75], "texture": "#5"},
				"east": {"uv": [0, 0, 0, 0.75], "texture": "#5"},
				"south": {"uv": [0, 6, 0.75, 6.75], "texture": "#5"},
				"west": {"uv": [0, 0, 0, 0.75], "texture": "#5"},
				"up": {"uv": [0.75, 0, 0, 0], "texture": "#5"},
				"down": {"uv": [0.75, 0, 0, 0], "texture": "#5"}
			}
		},
		{
			"from": [16.95306, 15.01222, 13],
			"to": [16.95306, 21.01222, 19],
			"rotation": {"angle": 22.5, "axis": "z", "origin": [2.95306, 3.01222, 13]},
			"faces": {
				"north": {"uv": [0, 0, 0, 0.75], "texture": "#5"},
				"east": {"uv": [0, 6, 0.75, 6.75], "texture": "#5"},
				"south": {"uv": [0, 0, 0, 0.75], "texture": "#5"},
				"west": {"uv": [0, 6, 0.75, 6.75], "texture": "#5"},
				"up": {"uv": [0, 0.75, 0, 0], "texture": "#5"},
				"down": {"uv": [0, 0, 0, 0.75], "texture": "#5"}
			}
		},
		{
			"from": [12.12061, 15.87797, 12],
			"to": [12.12061, 21.87797, 20],
			"rotation": {"angle": 45, "axis": "z", "origin": [12.12061, 18.87797, 16]},
			"faces": {
				"north": {"uv": [0, 0, 0, 0.75], "texture": "#5"},
				"east": {"uv": [2.25, 6.75, 3.25, 7.5], "texture": "#5"},
				"south": {"uv": [0, 0, 0, 0.75], "texture": "#5"},
				"west": {"uv": [2.25, 6.75, 3.25, 7.5], "texture": "#5"},
				"up": {"uv": [0, 1, 0, 0], "texture": "#5"},
				"down": {"uv": [0, 0, 0, 1], "texture": "#5"}
			}
		},
		{
			"from": [3.87868, 15.87868, 12],
			"to": [3.87868, 21.87868, 20],
			"rotation": {"angle": -45, "axis": "z", "origin": [3.87868, 18.87868, 16]},
			"faces": {
				"north": {"uv": [0, 0, 0, 0.75], "texture": "#5"},
				"east": {"uv": [2.25, 6.75, 3.25, 7.5], "texture": "#5"},
				"south": {"uv": [0, 0, 0, 0.75], "texture": "#5"},
				"west": {"uv": [2.25, 6.75, 3.25, 7.5], "texture": "#5"},
				"up": {"uv": [0, 1, 0, 0], "texture": "#5"},
				"down": {"uv": [0, 0, 0, 1], "texture": "#5"}
			}
		},
		{
			"from": [3, 12.87868, 20.12132],
			"to": [13, 18.87868, 20.12132],
			"rotation": {"angle": -45, "axis": "x", "origin": [8, 15.87868, 20.12132]},
			"faces": {
				"north": {"uv": [0, 6.75, 1.25, 7.5], "texture": "#5"},
				"east": {"uv": [0, 0, 0, 0.75], "texture": "#5"},
				"south": {"uv": [0, 6.75, 1.25, 7.5], "texture": "#5"},
				"west": {"uv": [0, 0, 0, 0.75], "texture": "#5"},
				"up": {"uv": [1.25, 0, 0, 0], "texture": "#5"},
				"down": {"uv": [1.25, 0, 0, 0], "texture": "#5"}
			}
		},
		{
			"from": [3.87868, 12.87868, 11],
			"to": [3.87868, 18.87868, 21],
			"rotation": {"angle": -45, "axis": "z", "origin": [3.87868, 15.87868, 16]},
			"faces": {
				"north": {"uv": [0, 0, 0, 0.75], "texture": "#5"},
				"east": {"uv": [0, 6.75, 1.25, 7.5], "texture": "#5"},
				"south": {"uv": [0, 0, 0, 0.75], "texture": "#5"},
				"west": {"uv": [0, 6.75, 1.25, 7.5], "texture": "#5"},
				"up": {"uv": [0, 1.25, 0, 0], "texture": "#5"},
				"down": {"uv": [0, 0, 0, 1.25], "texture": "#5"}
			}
		},
		{
			"from": [3, 13.73654, -0.19239],
			"to": [13, 19.73654, -0.19239],
			"rotation": {"angle": 45, "axis": "x", "origin": [5, 1.73654, 4.80761]},
			"faces": {
				"north": {"uv": [0, 6.75, 1.25, 7.5], "texture": "#5"},
				"east": {"uv": [0, 0, 0, 0.75], "texture": "#5"},
				"south": {"uv": [0, 6.75, 1.25, 7.5], "texture": "#5"},
				"west": {"uv": [0, 0, 0, 0.75], "texture": "#5"},
				"up": {"uv": [1.25, 0, 0, 0], "texture": "#5"},
				"down": {"uv": [1.25, 0, 0, 0], "texture": "#5"}
			}
		},
		{
			"from": [2, 9.97918, 2.22183],
			"to": [14, 15.97918, 2.22183],
			"rotation": {"angle": 45, "axis": "x", "origin": [5, 1.97918, 5.22183]},
			"faces": {
				"north": {"uv": [1.5, 5.25, 3, 6], "texture": "#5"},
				"east": {"uv": [0, 0, 0, 0.75], "texture": "#5"},
				"south": {"uv": [1.5, 5.25, 3, 6], "texture": "#5"},
				"west": {"uv": [0, 0, 0, 0.75], "texture": "#5"},
				"up": {"uv": [1.5, 0, 0, 0], "texture": "#5"},
				"down": {"uv": [1.5, 0, 0, 0], "texture": "#5"}
			}
		},
		{
			"from": [2, 9.97918, 29.77817],
			"to": [14, 15.97918, 29.77817],
			"rotation": {"angle": -45, "axis": "x", "origin": [5, 1.97918, 26.77817]},
			"faces": {
				"north": {"uv": [1.5, 5.25, 3, 6], "texture": "#5"},
				"east": {"uv": [0, 0, 0, 0.75], "texture": "#5"},
				"south": {"uv": [1.5, 5.25, 3, 6], "texture": "#5"},
				"west": {"uv": [0, 0, 0, 0.75], "texture": "#5"},
				"up": {"uv": [1.5, 0, 0, 0], "texture": "#5"},
				"down": {"uv": [1.5, 0, 0, 0], "texture": "#5"}
			}
		},
		{
			"from": [9.02011, 3.22112, 10],
			"to": [15.02011, 3.22112, 22],
			"rotation": {"angle": -45, "axis": "z", "origin": [23.02011, 6.22112, 14]},
			"faces": {
				"north": {"uv": [0, 0, 0.75, 0], "texture": "#5"},
				"east": {"uv": [0, 0, 1.5, 0], "texture": "#5"},
				"south": {"uv": [0, 0, 0.75, 0], "texture": "#5"},
				"west": {"uv": [0, 0, 1.5, 0], "texture": "#5"},
				"up": {"uv": [3.75, 6.75, 3, 5.25], "texture": "#5"},
				"down": {"uv": [3.75, 5.25, 3, 6.75], "texture": "#5"}
			}
		},
		{
			"from": [0.97989, 3.22112, 10],
			"to": [6.97989, 3.22112, 22],
			"rotation": {"angle": 45, "axis": "z", "origin": [-7.02011, 6.22112, 14]},
			"faces": {
				"north": {"uv": [0, 0, 0.75, 0], "texture": "#5"},
				"east": {"uv": [0, 0, 1.5, 0], "texture": "#5"},
				"south": {"uv": [0, 0, 0.75, 0], "texture": "#5"},
				"west": {"uv": [0, 0, 1.5, 0], "texture": "#5"},
				"up": {"uv": [1.5, 6.75, 0.75, 5.25], "texture": "#5"},
				"down": {"uv": [1.5, 5.25, 0.75, 6.75], "texture": "#5"}
			}
		},
		{
			"from": [0.97989, -0.27888, 10],
			"to": [6.97989, -0.27888, 22],
			"rotation": {"angle": 45, "axis": "z", "origin": [-7.02011, 2.72112, 14]},
			"faces": {
				"north": {"uv": [0, 0, 0.75, 0], "texture": "#5"},
				"east": {"uv": [0, 0, 1.5, 0], "texture": "#5"},
				"south": {"uv": [0, 0, 0.75, 0], "texture": "#5"},
				"west": {"uv": [0, 0, 1.5, 0], "texture": "#5"},
				"up": {"uv": [2.25, 7.5, 1.5, 6], "texture": "#5"},
				"down": {"uv": [2.25, 6, 1.5, 7.5], "texture": "#5"}
			}
		},
		{
			"from": [2, 6.47918, 29.77817],
			"to": [14, 12.47918, 29.77817],
			"rotation": {"angle": -45, "axis": "x", "origin": [5, -1.52082, 26.77817]},
			"faces": {
				"north": {"uv": [1.5, 5.25, 3, 6], "texture": "#5"},
				"east": {"uv": [0, 0, 0, 0.75], "texture": "#5"},
				"south": {"uv": [1.5, 5.25, 3, 6], "texture": "#5"},
				"west": {"uv": [0, 0, 0, 0.75], "texture": "#5"},
				"up": {"uv": [1.5, 0, 0, 0], "texture": "#5"},
				"down": {"uv": [1.5, 0, 0, 0], "texture": "#5"}
			}
		},
		{
			"from": [9.02011, -0.27888, 10],
			"to": [15.02011, -0.27888, 22],
			"rotation": {"angle": -45, "axis": "z", "origin": [23.02011, 2.72112, 14]},
			"faces": {
				"north": {"uv": [0, 0, 0.75, 0], "texture": "#5"},
				"east": {"uv": [0, 0, 1.5, 0], "texture": "#5"},
				"south": {"uv": [0, 0, 0.75, 0], "texture": "#5"},
				"west": {"uv": [0, 0, 1.5, 0], "texture": "#5"},
				"up": {"uv": [3.75, 6.75, 3, 5.25], "texture": "#5"},
				"down": {"uv": [3.75, 5.25, 3, 6.75], "texture": "#5"}
			}
		},
		{
			"from": [2, 6.47918, 2.22183],
			"to": [14, 12.47918, 2.22183],
			"rotation": {"angle": 45, "axis": "x", "origin": [5, -1.52082, 5.22183]},
			"faces": {
				"north": {"uv": [1.5, 5.25, 3, 6], "texture": "#5"},
				"east": {"uv": [0, 0, 0, 0.75], "texture": "#5"},
				"south": {"uv": [1.5, 5.25, 3, 6], "texture": "#5"},
				"west": {"uv": [0, 0, 0, 0.75], "texture": "#5"},
				"up": {"uv": [1.5, 0, 0, 0], "texture": "#5"},
				"down": {"uv": [1.5, 0, 0, 0], "texture": "#5"}
			}
		},
		{
			"from": [12.12061, 12.87797, 11],
			"to": [12.12061, 18.87797, 21],
			"rotation": {"angle": 45, "axis": "z", "origin": [12.12061, 15.87797, 16]},
			"faces": {
				"north": {"uv": [0, 0, 0, 0.75], "texture": "#5"},
				"east": {"uv": [0, 6.75, 1.25, 7.5], "texture": "#5"},
				"south": {"uv": [0, 0, 0, 0.75], "texture": "#5"},
				"west": {"uv": [0, 6.75, 1.25, 7.5], "texture": "#5"},
				"up": {"uv": [0, 1.25, 0, 0], "texture": "#5"},
				"down": {"uv": [0, 0, 0, 1.25], "texture": "#5"}
			}
		},
		{
			"from": [-0.95306, 15.01222, 13],
			"to": [-0.95306, 21.01222, 19],
			"rotation": {"angle": -22.5, "axis": "z", "origin": [13.04694, 3.01222, 13]},
			"faces": {
				"north": {"uv": [0, 0, 0, 0.75], "texture": "#5"},
				"east": {"uv": [0, 6, 0.75, 6.75], "texture": "#5"},
				"south": {"uv": [0, 0, 0, 0.75], "texture": "#5"},
				"west": {"uv": [0, 6, 0.75, 6.75], "texture": "#5"},
				"up": {"uv": [0, 0.75, 0, 0], "texture": "#5"},
				"down": {"uv": [0, 0, 0, 0.75], "texture": "#5"}
			}
		},
		{
			"from": [4, -2, 19],
			"to": [12, 3, 19],
			"rotation": {"angle": 0, "axis": "y", "origin": [0, -2, 0]},
			"faces": {
				"north": {"uv": [3.5, 7.75, 4.5, 8.375], "texture": "#5"},
				"east": {"uv": [0, 0, 0, 0.625], "texture": "#5"},
				"south": {"uv": [3.5, 7.75, 4.5, 8.375], "texture": "#5"},
				"west": {"uv": [0, 0, 0, 0.625], "texture": "#5"},
				"up": {"uv": [1, 0, 0, 0], "texture": "#5"},
				"down": {"uv": [1, 0, 0, 0], "texture": "#5"}
			}
		}
	],
	"display": {
		"gui": {
			"rotation": [14.25, -44.25, 0],
			"translation": [2.25, -3, 0],
			"scale": [0.4, 0.4, 0.4]
		}
	}
}