{
	"credit": "Made with Blockbench",
	"parent": "hideaway:display_parents/back",
	"texture_size": [64, 64],
	"textures": {
		"1": "hideaway:back/tropical_wings",
		"particle": "hideaway:back/tropical_wings"
	},
	"elements": [
		{
			"from": [8, 4, 10.1],
			"to": [21, 16, 10.1],
			"rotation": {"angle": 0, "axis": "y", "origin": [8, 9, 10]},
			"faces": {
				"north": {"uv": [4.758, 8.008, 7.992, 10.992], "texture": "#1"},
				"east": {"uv": [0.008, 0.008, 0.008, 2.992], "texture": "#1"},
				"south": {"uv": [8.008, 8.008, 11.242, 10.992], "texture": "#1"},
				"west": {"uv": [0.008, 0.008, 0.008, 2.992], "texture": "#1"},
				"up": {"uv": [3.242, 0.008, 0.008, 0.008], "texture": "#1"},
				"down": {"uv": [3.242, 0.008, 0.008, 0.008], "texture": "#1"}
			}
		},
		{
			"from": [8, 3, 10.2],
			"to": [25, 12, 10.2],
			"rotation": {"angle": -22.5, "axis": "z", "origin": [7, 11, 10]},
			"faces": {
				"north": {"uv": [8.258, 0.008, 12.492, 2.242], "texture": "#1"},
				"east": {"uv": [0.008, 0.008, 0.008, 2.242], "texture": "#1"},
				"south": {"uv": [8.258, 2.258, 12.492, 4.492], "texture": "#1"},
				"west": {"uv": [0.008, 0.008, 0.008, 2.242], "texture": "#1"},
				"up": {"uv": [4.242, 0.008, 0.008, 0.008], "texture": "#1"},
				"down": {"uv": [4.242, 0.008, 0.008, 0.008], "texture": "#1"}
			}
		},
		{
			"from": [8, 4, 10],
			"to": [22, 20, 10],
			"rotation": {"angle": -22.5, "axis": "y", "origin": [8, 9, 10]},
			"faces": {
				"north": {"uv": [4.758, 0.008, 8.242, 3.992], "texture": "#1"},
				"east": {"uv": [0.008, 0.008, 0.008, 3.992], "texture": "#1"},
				"south": {"uv": [4.758, 4.008, 8.242, 7.992], "texture": "#1"},
				"west": {"uv": [0.008, 0.008, 0.008, 3.992], "texture": "#1"},
				"up": {"uv": [3.492, 0.008, 0.008, 0.008], "texture": "#1"},
				"down": {"uv": [3.492, 0.008, 0.008, 0.008], "texture": "#1"}
			}
		},
		{
			"from": [8, 4, 10],
			"to": [27, 22, 10],
			"rotation": {"angle": -45, "axis": "y", "origin": [8, 9, 10]},
			"faces": {
				"north": {"uv": [0.008, 0.008, 4.742, 4.492], "texture": "#1"},
				"east": {"uv": [0.008, 0.008, 0.008, 4.492], "texture": "#1"},
				"south": {"uv": [0.008, 4.508, 4.742, 8.992], "texture": "#1"},
				"west": {"uv": [0.008, 0.008, 0.008, 4.492], "texture": "#1"},
				"up": {"uv": [4.742, 0.008, 0.008, 0.008], "texture": "#1"},
				"down": {"uv": [4.742, 0.008, 0.008, 0.008], "texture": "#1"}
			}
		},
		{
			"from": [-5, 4, 10.1],
			"to": [8, 16, 10.1],
			"rotation": {"angle": 0, "axis": "y", "origin": [8, 9, 10]},
			"faces": {
				"north": {"uv": [7.992, 8.008, 4.758, 10.992], "texture": "#1"},
				"east": {"uv": [0.008, 0.008, 0.008, 2.992], "texture": "#1"},
				"south": {"uv": [11.242, 8.008, 8.008, 10.992], "texture": "#1"},
				"west": {"uv": [0.008, 0.008, 0.008, 2.992], "texture": "#1"},
				"up": {"uv": [0.008, 0.008, 3.242, 0.008], "texture": "#1"},
				"down": {"uv": [0.008, 0.008, 3.242, 0.008], "texture": "#1"}
			}
		},
		{
			"from": [-9, 3, 10.2],
			"to": [8, 12, 10.2],
			"rotation": {"angle": 22.5, "axis": "z", "origin": [9, 11, 10]},
			"faces": {
				"north": {"uv": [12.492, 0.008, 8.258, 2.242], "texture": "#1"},
				"east": {"uv": [0.008, 0.008, 0.008, 2.242], "texture": "#1"},
				"south": {"uv": [12.492, 2.258, 8.258, 4.492], "texture": "#1"},
				"west": {"uv": [0.008, 0.008, 0.008, 2.242], "texture": "#1"},
				"up": {"uv": [0.008, 0.008, 4.242, 0.008], "texture": "#1"},
				"down": {"uv": [0.008, 0.008, 4.242, 0.008], "texture": "#1"}
			}
		},
		{
			"from": [-6, 4, 10],
			"to": [8, 20, 10],
			"rotation": {"angle": 22.5, "axis": "y", "origin": [8, 9, 10]},
			"faces": {
				"north": {"uv": [8.242, 0.008, 4.758, 3.992], "texture": "#1"},
				"east": {"uv": [0.008, 0.008, 0.008, 3.992], "texture": "#1"},
				"south": {"uv": [8.242, 4.008, 4.758, 7.992], "texture": "#1"},
				"west": {"uv": [0.008, 0.008, 0.008, 3.992], "texture": "#1"},
				"up": {"uv": [0.008, 0.008, 3.492, 0.008], "texture": "#1"},
				"down": {"uv": [0.008, 0.008, 3.492, 0.008], "texture": "#1"}
			}
		},
		{
			"from": [-11, 4, 10],
			"to": [8, 22, 10],
			"rotation": {"angle": 45, "axis": "y", "origin": [8, 9, 10]},
			"faces": {
				"north": {"uv": [4.742, 0.008, 0.008, 4.492], "texture": "#1"},
				"east": {"uv": [0.008, 0.008, 0.008, 4.492], "texture": "#1"},
				"south": {"uv": [4.742, 4.508, 0.008, 8.992], "texture": "#1"},
				"west": {"uv": [0.008, 0.008, 0.008, 4.492], "texture": "#1"},
				"up": {"uv": [0.008, 0.008, 4.742, 0.008], "texture": "#1"},
				"down": {"uv": [0.008, 0.008, 4.742, 0.008], "texture": "#1"}
			}
		},
		{
			"name": "template",
			"from": [-4.25, 13.25, 12.45],
			"to": [-1.25, 18.25, 15.45],
			"rotation": {"angle": -22.5, "axis": "z", "origin": [-2.75, 15.75, 14]},
			"faces": {
				"north": {"uv": [8.25, 4.5, 9, 5.75], "texture": "#1"},
				"east": {"uv": [8.25, 5.75, 9, 7], "texture": "#1"},
				"south": {"uv": [0, 9, 0.75, 10.25], "texture": "#1"},
				"west": {"uv": [0.75, 9, 1.5, 10.25], "texture": "#1"},
				"up": {"uv": [9, 7.75, 8.25, 7], "texture": "#1"},
				"down": {"uv": [3.75, 9, 3, 9.75], "texture": "#1"}
			}
		},
		{
			"name": "template",
			"from": [-3.25, 18.25, 12.5],
			"to": [-0.25, 21.25, 15.5],
			"rotation": {"angle": 0, "axis": "y", "origin": [-2.75, 15.75, 14]},
			"faces": {
				"north": {"uv": [3.75, 9, 4.5, 9.75], "texture": "#1"},
				"east": {"uv": [9, 4.5, 9.75, 5.25], "texture": "#1"},
				"south": {"uv": [9, 5.25, 9.75, 6], "texture": "#1"},
				"west": {"uv": [9, 6, 9.75, 6.75], "texture": "#1"},
				"up": {"uv": [9.75, 7.5, 9, 6.75], "texture": "#1"},
				"down": {"uv": [3.75, 9.75, 3, 10.5], "texture": "#1"}
			}
		},
		{
			"name": "template",
			"from": [-4.25, 19.25, 14],
			"to": [-1.25, 22.25, 14],
			"rotation": {"angle": 0, "axis": "y", "origin": [-2.75, 15.75, 14]},
			"faces": {
				"north": {"uv": [3.75, 9.75, 4.5, 10.5], "texture": "#1"},
				"east": {"uv": [0, 0, 0, 0.75], "texture": "#1"},
				"south": {"uv": [9.75, 4.5, 10.5, 5.25], "texture": "#1"},
				"west": {"uv": [0, 0, 0, 0.75], "texture": "#1"},
				"up": {"uv": [0.75, 0, 0, 0], "texture": "#1"},
				"down": {"uv": [0.75, 0, 0, 0], "texture": "#1"}
			}
		},
		{
			"name": "template",
			"from": [-0.25, 18, 13.5],
			"to": [0.75, 20, 14.5],
			"rotation": {"angle": 0, "axis": "y", "origin": [-2.75, 15.75, 14]},
			"faces": {
				"north": {"uv": [4.5, 9, 4.75, 9.5], "texture": "#1"},
				"east": {"uv": [9, 7.5, 9.25, 8], "texture": "#1"},
				"south": {"uv": [9.25, 7.5, 9.5, 8], "texture": "#1"},
				"west": {"uv": [4.5, 9.5, 4.75, 10], "texture": "#1"},
				"up": {"uv": [8.5, 8, 8.25, 7.75], "texture": "#1"},
				"down": {"uv": [8.75, 7.75, 8.5, 8], "texture": "#1"}
			}
		},
		{
			"name": "template",
			"from": [-4.25, 8.25, 13.95],
			"to": [-1.25, 13.25, 13.95],
			"rotation": {"angle": -22.5, "axis": "z", "origin": [-2.75, 15.75, 14]},
			"faces": {
				"north": {"uv": [1.5, 9, 2.25, 10.25], "texture": "#1"},
				"east": {"uv": [0, 0, 0, 1.25], "texture": "#1"},
				"south": {"uv": [2.25, 9, 3, 10.25], "texture": "#1"},
				"west": {"uv": [0, 0, 0, 1.25], "texture": "#1"},
				"up": {"uv": [0.75, 0, 0, 0], "texture": "#1"},
				"down": {"uv": [0.75, 0, 0, 0], "texture": "#1"}
			}
		}
	],
	"display": {
		"gui": {
			"rotation": [30, 45, 0],
			"translation": [-3, -0.25, 0],
			"scale": [0.5, 0.5, 0.5]
		}
	},
	"groups": [
		{
			"name": "Wing",
			"origin": [8, 9, 10],
			"color": 0,
			"children": [0, 1, 2, 3, 4, 5, 6, 7]
		},
		{
			"name": "Birb",
			"origin": [-2.75, 15.75, 14],
			"color": 0,
			"children": [8, 9, 10, 11, 12]
		}
	],
	"__credit": "Generated using Animated Java (https://animated-java.dev/)"
}