{
	"credit": "Made by CookiesNom with Blockbench",
	"parent": "hideaway:display_parents/back",
	"texture_size": [64, 64],
	"textures": {
		"2": "hideaway:back/turtle_shell",
		"particle": "hideaway:back/turtle_shell"
	},
	"elements": [
		{
			"from": [3, 2, 10],
			"to": [13, 14, 11],
			"faces": {
				"north": {"uv": [0.008, 0.008, 2.492, 2.992], "texture": "#2"},
				"east": {"uv": [0.008, 5.508, 0.242, 8.492], "texture": "#2"},
				"south": {"uv": [2.508, 0.008, 4.992, 2.992], "texture": "#2"},
				"west": {"uv": [0.258, 5.508, 0.492, 8.492], "texture": "#2"},
				"up": {"uv": [7.492, 1.742, 5.008, 1.508], "texture": "#2"},
				"down": {"uv": [7.492, 1.758, 5.008, 1.992], "texture": "#2"}
			}
		},
		{
			"from": [4, 3, 11],
			"to": [12, 13, 14],
			"faces": {
				"north": {"uv": [0.008, 3.008, 1.992, 5.492], "texture": "#2", "tintindex": 0},
				"east": {"uv": [4.008, 3.008, 4.742, 5.492], "texture": "#2", "tintindex": 0},
				"south": {"uv": [2.008, 3.008, 3.992, 5.492], "texture": "#2", "tintindex": 0},
				"west": {"uv": [4.758, 3.008, 5.492, 5.492], "texture": "#2", "tintindex": 0},
				"up": {"uv": [6.992, 0.742, 5.008, 0.008], "texture": "#2", "tintindex": 0},
				"down": {"uv": [6.992, 0.758, 5.008, 1.492], "texture": "#2", "tintindex": 0}
			}
		}
	],
	"display": {
		"thirdperson_righthand": {
			"rotation": [0, 90, 0],
			"translation": [-3, -3.5, -2.5]
		},
		"thirdperson_lefthand": {
			"rotation": [0, 90, 0],
			"translation": [-3, -3.5, -2.5]
		},
		"firstperson_righthand": {
			"rotation": [0, 82, 0],
			"translation": [-1, -1.25, 0.5]
		},
		"firstperson_lefthand": {
			"rotation": [0, 82, 0],
			"translation": [-1, -1.25, 0.5]
		},
		"gui": {
			"rotation": [30, 45, 0],
			"translation": [-2.5, -0.75, 0]
		}
	}
}