{
	"credit": "Made with Blockbench",
	"parent": "hideaway:display_parents/back",
	"textures": {
		"0": "hideaway:back/twin_dragon_wings",
		"particle": "hideaway:back/twin_dragon_wings"
	},
	"elements": [
		{
			"from": [5.64367, 7, 10.23826],
			"to": [5.64367, 18, 19.23826],
			"rotation": {"angle": -45, "axis": "y", "origin": [3.28891, 8.5, 8.90692]},
			"faces": {
				"east": {"uv": [0.032, 0.032, 4.5, 5.5], "texture": "#0"},
				"west": {"uv": [4.5, 0.032, 0.032, 5.5], "texture": "#0"}
			}
		},
		{
			"from": [-5.17981, 8, 17.70578],
			"to": [-5.17981, 15, 23.70578],
			"rotation": {"angle": -45, "axis": "y", "origin": [-5.17981, 9.5, 20.70578]},
			"faces": {
				"east": {"uv": [7.5, 0.032, 4.5, 3.5], "texture": "#0", "tintindex": 0},
				"west": {"uv": [4.5, 0.032, 7.5, 3.5], "texture": "#0", "tintindex": 0}
			}
		},
		{
			"from": [21.17981, 8, 17.70578],
			"to": [21.17981, 15, 23.70578],
			"rotation": {"angle": 45, "axis": "y", "origin": [21.17981, 9.5, 20.70578]},
			"faces": {
				"east": {"uv": [7.5, 0.032, 4.5, 3.5], "texture": "#0", "tintindex": 0},
				"west": {"uv": [4.5, 0.032, 7.5, 3.5], "texture": "#0", "tintindex": 0}
			}
		},
		{
			"from": [-5.17981, 8.5, 17.70578],
			"to": [-5.17981, 15.5, 23.70578],
			"rotation": {"angle": -45, "axis": "y", "origin": [-5.17981, 10, 20.70578]},
			"faces": {
				"east": {"uv": [10.5, 0.032, 7.5, 3.5], "texture": "#0", "tintindex": 0},
				"west": {"uv": [7.5, 0.032, 10.5, 3.5], "texture": "#0", "tintindex": 0}
			}
		},
		{
			"from": [21.17981, 8.5, 17.70578],
			"to": [21.17981, 15.5, 23.70578],
			"rotation": {"angle": 45, "axis": "y", "origin": [21.17981, 10, 20.70578]},
			"faces": {
				"east": {"uv": [10.5, 0.032, 7.5, 3.5], "texture": "#0", "tintindex": 0},
				"west": {"uv": [7.5, 0.032, 10.5, 3.5], "texture": "#0", "tintindex": 0}
			}
		},
		{
			"from": [-5.17981, 9.5, 17.70578],
			"to": [-5.17981, 16.5, 23.70578],
			"rotation": {"angle": -45, "axis": "y", "origin": [-5.17981, 11, 20.70578]},
			"faces": {
				"east": {"uv": [7.5, 3.5, 4.5, 6.968], "texture": "#0", "tintindex": 0},
				"west": {"uv": [4.5, 3.5, 7.5, 6.968], "texture": "#0", "tintindex": 0}
			}
		},
		{
			"from": [21.17981, 9.5, 17.70578],
			"to": [21.17981, 16.5, 23.70578],
			"rotation": {"angle": 45, "axis": "y", "origin": [21.17981, 11, 20.70578]},
			"faces": {
				"east": {"uv": [7.5, 3.5, 4.5, 6.968], "texture": "#0", "tintindex": 0},
				"west": {"uv": [4.5, 3.5, 7.5, 6.968], "texture": "#0", "tintindex": 0}
			}
		},
		{
			"from": [-5.17981, 10.25, 17.70578],
			"to": [-5.17981, 17.25, 23.70578],
			"rotation": {"angle": -45, "axis": "y", "origin": [-5.17981, 11.75, 20.70578]},
			"faces": {
				"east": {"uv": [10.5, 3.5, 7.5, 6.968], "texture": "#0", "tintindex": 0},
				"west": {"uv": [7.5, 3.5, 10.5, 6.968], "texture": "#0", "tintindex": 0}
			}
		},
		{
			"from": [21.17981, 10.25, 17.70578],
			"to": [21.17981, 17.25, 23.70578],
			"rotation": {"angle": 45, "axis": "y", "origin": [21.17981, 11.75, 20.70578]},
			"faces": {
				"east": {"uv": [10.5, 3.5, 7.5, 6.968], "texture": "#0", "tintindex": 0},
				"west": {"uv": [7.5, 3.5, 10.5, 6.968], "texture": "#0", "tintindex": 0}
			}
		},
		{
			"from": [5.64367, -3, 4.23826],
			"to": [5.64367, 12, 22.23826],
			"rotation": {"angle": -45, "axis": "y", "origin": [3.28891, 8.5, 8.90692]},
			"faces": {
				"east": {"uv": [8.968, 14.5, 0.032, 7.032], "texture": "#0"},
				"west": {"uv": [0.032, 14.5, 8.968, 7.032], "texture": "#0"}
			}
		},
		{
			"from": [10.35633, -3, 4.23826],
			"to": [10.35633, 12, 22.23826],
			"rotation": {"angle": 45, "axis": "y", "origin": [12.71109, 8.5, 8.90692]},
			"faces": {
				"east": {"uv": [8.968, 14.5, 0.032, 7.032], "texture": "#0"},
				"west": {"uv": [0.032, 14.5, 8.968, 7.032], "texture": "#0"}
			}
		},
		{
			"from": [10.35633, 7, 10.23826],
			"to": [10.35633, 18, 19.23826],
			"rotation": {"angle": 45, "axis": "y", "origin": [12.71109, 8.5, 8.90692]},
			"faces": {
				"east": {"uv": [0.032, 0.032, 4.5, 5.5], "texture": "#0"},
				"west": {"uv": [4.5, 0.032, 0.032, 5.5], "texture": "#0"}
			}
		},
		{
			"from": [5.5, 8, 10],
			"to": [10.5, 13, 15],
			"rotation": {"angle": 0, "axis": "y", "origin": [8, 10.5, 12.5]},
			"faces": {
				"north": {"uv": [10.5, 2.5, 12.968, 4.968], "texture": "#0"},
				"east": {"uv": [10.5, 2.5, 12.968, 0.032], "rotation": 270, "texture": "#0"},
				"south": {"uv": [10.5, 5.032, 12.968, 7.5], "texture": "#0"},
				"west": {"uv": [12.968, 0.032, 10.5, 2.5], "rotation": 270, "texture": "#0"},
				"up": {"uv": [10.5, 0.032, 12.968, 2.5], "texture": "#0"},
				"down": {"uv": [12.968, 2.5, 10.5, 0.032], "texture": "#0"}
			}
		}
	],
	"display": {
		"gui": {
			"rotation": [30, 19, 0],
			"translation": [-2.25, 1.75, 0],
			"scale": [0.53, 0.53, 0.53]
		}
	},
	"groups": [
		{
			"name": "group",
			"origin": [8, 8, 8],
			"color": 0,
			"nbt": "{}",
			"children": [
				0,
				{
					"name": "group",
					"origin": [21.17981, 9.5, 20.70578],
					"color": 0,
					"nbt": "{}",
					"children": [1, 2]
				},
				{
					"name": "group",
					"origin": [21.17981, 9.5, 20.70578],
					"color": 0,
					"nbt": "{}",
					"children": [3, 4]
				},
				{
					"name": "group",
					"origin": [21.17981, 9.5, 20.70578],
					"color": 0,
					"nbt": "{}",
					"children": [5, 6]
				},
				{
					"name": "group",
					"origin": [21.17981, 9.5, 20.70578],
					"color": 0,
					"nbt": "{}",
					"children": [7, 8]
				},
				9,
				10,
				11,
				12
			]
		}
	]
}