{
	"credit": "Made by Ziqqy using Blockbench",
	"parent": "hideaway:display_parents/back",
	"texture_size": [64, 64],
	"textures": {
		"0": "hideaway:back/waffle_backpack",
		"particle": "hideaway:back/waffle_backpack"
	},
	"elements": [
		{
			"from": [1.5, 2, 10],
			"to": [14.5, 15, 13],
			"rotation": {"angle": 0, "axis": "y", "origin": [-0.5, 2, 0]},
			"faces": {
				"north": {"uv": [0.008, 0.008, 3.242, 3.242], "texture": "#0"},
				"east": {"uv": [0.008, 6.508, 0.742, 9.742], "texture": "#0"},
				"south": {"uv": [0.008, 3.258, 3.242, 6.492], "texture": "#0"},
				"west": {"uv": [6.508, 0.008, 7.242, 3.242], "texture": "#0"},
				"up": {"uv": [3.992, 7.242, 0.758, 6.508], "texture": "#0"},
				"down": {"uv": [9.742, 3.258, 6.508, 3.992], "texture": "#0"}
			}
		},
		{
			"from": [6, 6.5, 13],
			"to": [10, 10.5, 15],
			"rotation": {"angle": -22.5, "axis": "z", "origin": [7.5, 8, 13]},
			"faces": {
				"north": {"uv": [4.758, 6.508, 5.742, 7.492], "texture": "#0"},
				"east": {"uv": [5.758, 6.508, 6.242, 7.492], "texture": "#0"},
				"south": {"uv": [7.258, 0.758, 8.242, 1.742], "texture": "#0"},
				"west": {"uv": [7.258, 1.758, 7.742, 2.742], "texture": "#0"},
				"up": {"uv": [8.242, 3.242, 7.258, 2.758], "texture": "#0"},
				"down": {"uv": [8.242, 4.008, 7.258, 4.492], "texture": "#0"}
			}
		},
		{
			"from": [1.5, 4, 11],
			"to": [1.5, 7, 12],
			"rotation": {"angle": -22.5, "axis": "z", "origin": [7.5, 8, 13]},
			"faces": {
				"north": {"uv": [0.008, 0.008, 0.008, 0.742], "texture": "#0"},
				"east": {"uv": [5.758, 7.508, 5.992, 8.242], "texture": "#0"},
				"south": {"uv": [0.008, 0.008, 0.008, 0.742], "texture": "#0"},
				"west": {"uv": [6.008, 7.508, 6.242, 8.242], "texture": "#0"},
				"up": {"uv": [0.008, 0.242, 0.008, 0.008], "texture": "#0"},
				"down": {"uv": [0.008, 0.008, 0.008, 0.242], "texture": "#0"}
			}
		},
		{
			"from": [1.2, 1.7, 9.7],
			"to": [14.8, 15.3, 13.3],
			"rotation": {"angle": 0, "axis": "y", "origin": [-0.5, 2, 0]},
			"faces": {
				"north": {"uv": [3.258, 0.008, 6.492, 3.242], "texture": "#0"},
				"east": {"uv": [4.008, 6.508, 4.742, 9.742], "texture": "#0"},
				"south": {"uv": [3.258, 3.258, 6.492, 6.492], "texture": "#0"},
				"west": {"uv": [6.508, 4.008, 7.242, 7.242], "texture": "#0"},
				"up": {"uv": [10.492, 0.742, 7.258, 0.008], "texture": "#0"},
				"down": {"uv": [3.992, 7.258, 0.758, 7.992], "texture": "#0"}
			}
		},
		{
			"from": [4, 14, 5.75],
			"to": [5, 14, 9.75],
			"rotation": {"angle": 0, "axis": "y", "origin": [0, 2, 0]},
			"faces": {
				"north": {"uv": [0.008, 0.008, 0.242, 0.008], "texture": "#0"},
				"east": {"uv": [0.008, 0.008, 0.992, 0.008], "texture": "#0"},
				"south": {"uv": [0.008, 0.008, 0.242, 0.008], "texture": "#0"},
				"west": {"uv": [0.008, 0.008, 0.992, 0.008], "texture": "#0"},
				"up": {"uv": [6.992, 8.242, 6.758, 7.258], "texture": "#0"},
				"down": {"uv": [7.242, 7.258, 7.008, 8.242], "texture": "#0"}
			}
		},
		{
			"from": [4, 5.14541, 7.01525],
			"to": [5, 11.14541, 7.01525],
			"rotation": {"angle": -45, "axis": "x", "origin": [4.5, 9.04541, 7.76525]},
			"faces": {
				"north": {"uv": [6.258, 6.508, 6.492, 7.992], "texture": "#0"},
				"east": {"uv": [0.008, 0.008, 0.008, 1.492], "texture": "#0"},
				"south": {"uv": [7.258, 4.508, 7.492, 5.992], "texture": "#0"},
				"west": {"uv": [0.008, 0.008, 0.008, 1.492], "texture": "#0"},
				"up": {"uv": [0.242, 0.008, 0.008, 0.008], "texture": "#0"},
				"down": {"uv": [0.242, 0.008, 0.008, 0.008], "texture": "#0"}
			}
		},
		{
			"from": [4, 10, 5.75],
			"to": [5, 14, 5.75],
			"rotation": {"angle": 0, "axis": "y", "origin": [0, 2, 0]},
			"faces": {
				"north": {"uv": [7.508, 4.508, 7.742, 5.492], "texture": "#0"},
				"east": {"uv": [0.008, 0.008, 0.008, 0.992], "texture": "#0"},
				"south": {"uv": [4.758, 7.508, 4.992, 8.492], "texture": "#0"},
				"west": {"uv": [0.008, 0.008, 0.008, 0.992], "texture": "#0"},
				"up": {"uv": [0.242, 0.008, 0.008, 0.008], "texture": "#0"},
				"down": {"uv": [0.242, 0.008, 0.008, 0.008], "texture": "#0"}
			}
		},
		{
			"from": [11, 14, 5.75],
			"to": [12, 14, 9.75],
			"rotation": {"angle": 0, "axis": "y", "origin": [16, 2, 0]},
			"faces": {
				"north": {"uv": [0.008, 0.008, 0.242, 0.008], "texture": "#0"},
				"east": {"uv": [0.008, 0.008, 0.992, 0.008], "texture": "#0"},
				"south": {"uv": [0.008, 0.008, 0.242, 0.008], "texture": "#0"},
				"west": {"uv": [0.008, 0.008, 0.992, 0.008], "texture": "#0"},
				"up": {"uv": [5.242, 8.492, 5.008, 7.508], "texture": "#0"},
				"down": {"uv": [5.492, 7.508, 5.258, 8.492], "texture": "#0"}
			}
		},
		{
			"from": [11, 5.14541, 7.01525],
			"to": [12, 11.14541, 7.01525],
			"rotation": {"angle": -45, "axis": "x", "origin": [11.5, 9.04541, 7.76525]},
			"faces": {
				"north": {"uv": [7.258, 6.008, 7.492, 7.492], "texture": "#0"},
				"east": {"uv": [0.008, 0.008, 0.008, 1.492], "texture": "#0"},
				"south": {"uv": [6.508, 7.258, 6.742, 8.742], "texture": "#0"},
				"west": {"uv": [0.008, 0.008, 0.008, 1.492], "texture": "#0"},
				"up": {"uv": [0.242, 0.008, 0.008, 0.008], "texture": "#0"},
				"down": {"uv": [0.242, 0.008, 0.008, 0.008], "texture": "#0"}
			}
		},
		{
			"from": [11, 10, 5.75],
			"to": [12, 14, 5.75],
			"rotation": {"angle": 0, "axis": "y", "origin": [16, 2, 0]},
			"faces": {
				"north": {"uv": [5.508, 7.508, 5.742, 8.492], "texture": "#0"},
				"east": {"uv": [0.008, 0.008, 0.008, 0.992], "texture": "#0"},
				"south": {"uv": [7.508, 5.508, 7.742, 6.492], "texture": "#0"},
				"west": {"uv": [0.008, 0.008, 0.008, 0.992], "texture": "#0"},
				"up": {"uv": [0.242, 0.008, 0.008, 0.008], "texture": "#0"},
				"down": {"uv": [0.242, 0.008, 0.008, 0.008], "texture": "#0"}
			}
		}
	],
	"display": {
		"gui": {
			"rotation": [30, 45, 0],
			"translation": [-2, 0.75, 0],
			"scale": [0.9, 0.9, 0.9]
		}
	},
	"groups": [
		{
			"name": "group",
			"origin": [8, 8, 8],
			"color": 0,
			"children": [
				{
					"name": "group",
					"origin": [8, 8, 8],
					"color": 0,
					"children": [0, 1, 2, 3]
				},
				{
					"name": "group",
					"origin": [0, 0, 0],
					"color": 0,
					"children": [4, 5, 6]
				},
				{
					"name": "group",
					"origin": [0, 0, 0],
					"color": 0,
					"children": [7, 8, 9]
				}
			]
		}
	]
}