{
	"credit": "Made with Blockbench",
	"parent": "hideaway:display_parents/back",
	"texture_size": [32, 32],
	"textures": {
		"0": "hideaway:back/warrior_shawl",
		"particle": "hideaway:back/warrior_shawl"
	},
	"elements": [
		{
			"from": [3, 4, 4.5],
			"to": [13, 14, 11.5],
			"faces": {
				"north": {"uv": [0, 0, 5, 5], "texture": "#0", "tintindex": 0},
				"south": {"uv": [0, 5, 5, 10], "texture": "#0", "tintindex": 0},
				"up": {"uv": [10, 3.5, 5, 0], "texture": "#0", "tintindex": 0}
			}
		},
		{
			"from": [13, 14, 11.5],
			"to": [3, 4, 4.5],
			"rotation": {"angle": 0, "axis": "y", "origin": [6, 0, 15]},
			"faces": {
				"north": {"uv": [0, 10, 5, 5], "texture": "#0", "tintindex": 0},
				"south": {"uv": [0, 5, 5, 0], "texture": "#0", "tintindex": 0},
				"down": {"uv": [5, 3.5, 10, 0], "texture": "#0", "tintindex": 0}
			}
		},
		{
			"from": [13, 14, 11.5],
			"to": [3, 4, 4.5],
			"faces": {
				"north": {"uv": [10, 8.5, 15, 3.5], "texture": "#0"},
				"south": {"uv": [5, 8.5, 10, 3.5], "texture": "#0"}
			}
		},
		{
			"from": [3, 4, 4.5],
			"to": [13, 14, 11.5],
			"faces": {
				"north": {"uv": [5, 3.5, 10, 8.5], "texture": "#0"},
				"south": {"uv": [10, 3.5, 15, 8.5], "texture": "#0"}
			}
		}
	],
	"display": {}
}