{
	"credit": "Made with Blockbench",
	"parent": "hideaway:display_parents/back",
	"texture_size": [128, 128],
	"textures": {
		"0": "hideaway:back/whale_plush_back",
		"particle": "hideaway:back/whale_plush_back"
	},
	"elements": [
		{
			"from": [1, 24, 18],
			"to": [2, 27, 21],
			"rotation": {"angle": 22.5, "axis": "x", "origin": [7, 16, 8]},
			"faces": {
				"north": {"uv": [5.875, 7.375, 6, 7.75], "texture": "#0"},
				"east": {"uv": [7.875, 6, 8.25, 6.375], "texture": "#0"},
				"south": {"uv": [5.875, 7.375, 6, 7.75], "texture": "#0"},
				"west": {"uv": [7.5, 6.375, 7.875, 6.75], "texture": "#0"},
				"up": {"uv": [7.375, 7.875, 7.25, 7.5], "texture": "#0"},
				"down": {"uv": [6, 7.375, 5.875, 7.75], "texture": "#0"}
			}
		},
		{
			"from": [14, 9, 20],
			"to": [15, 12, 23],
			"rotation": {"angle": 22.5, "axis": "x", "origin": [9, 16, 8]},
			"faces": {
				"north": {"uv": [6, 7.375, 5.875, 7.75], "texture": "#0"},
				"east": {"uv": [7.875, 6.375, 7.5, 6.75], "texture": "#0"},
				"south": {"uv": [6, 7.375, 5.875, 7.75], "texture": "#0"},
				"west": {"uv": [8.25, 6, 7.875, 6.375], "texture": "#0"},
				"up": {"uv": [7.25, 7.875, 7.375, 7.5], "texture": "#0"},
				"down": {"uv": [5.875, 7.375, 6, 7.75], "texture": "#0"}
			}
		},
		{
			"name": "head_base",
			"from": [2, 16, 8],
			"to": [14, 27, 24],
			"rotation": {"angle": 22.5, "axis": "x", "origin": [7, 16, 8]},
			"faces": {
				"north": {"uv": [2, 4.125, 3.5, 5.5], "texture": "#0", "tintindex": 0},
				"east": {"uv": [3, 0, 5, 1.375], "texture": "#0", "tintindex": 0},
				"south": {"uv": [3.5, 4.125, 5, 5.5], "texture": "#0", "tintindex": 0},
				"west": {"uv": [3, 1.375, 5, 2.75], "texture": "#0", "tintindex": 0},
				"up": {"uv": [1.5, 2, 0, 0], "texture": "#0", "tintindex": 0},
				"down": {"uv": [3, 0, 1.5, 2], "texture": "#0", "tintindex": 0}
			}
		},
		{
			"name": "body_base",
			"from": [2, 9, 14],
			"to": [14, 16, 24],
			"rotation": {"angle": 22.5, "axis": "x", "origin": [7, 16, 8]},
			"faces": {
				"north": {"uv": [6, 5.5, 7.5, 6.375], "texture": "#0", "tintindex": 0},
				"east": {"uv": [6.5, 1.75, 7.75, 2.625], "texture": "#0", "tintindex": 0},
				"south": {"uv": [6, 6.375, 7.5, 7.25], "texture": "#0", "tintindex": 0},
				"west": {"uv": [6.5, 2.625, 7.75, 3.5], "texture": "#0", "tintindex": 0},
				"up": {"uv": [1.5, 6.625, 0, 5.375], "texture": "#0", "tintindex": 0},
				"down": {"uv": [3, 5.5, 1.5, 6.75], "texture": "#0", "tintindex": 0}
			}
		},
		{
			"name": "head_skin",
			"from": [1.9, 15.9, 7.9],
			"to": [14.1, 27.1, 24.1],
			"rotation": {"angle": 22.5, "axis": "x", "origin": [7, 16, 8]},
			"faces": {
				"north": {"uv": [5, 0, 6.5, 1.375], "texture": "#0"},
				"east": {"uv": [5, 2.75, 3, 4.125], "texture": "#0"},
				"south": {"uv": [5, 1.375, 6.5, 2.75], "texture": "#0"},
				"west": {"uv": [0, 4, 2, 5.375], "texture": "#0"},
				"up": {"uv": [1.5, 4, 0, 2], "texture": "#0"},
				"down": {"uv": [3, 2, 1.5, 4], "texture": "#0"}
			}
		},
		{
			"name": "body_skin",
			"from": [1.9, 8.9, 13.9],
			"to": [14.1, 16.1, 24.1],
			"rotation": {"angle": 22.5, "axis": "x", "origin": [7, 16, 8]},
			"faces": {
				"north": {"uv": [6.5, 0, 8, 0.875], "texture": "#0"},
				"east": {"uv": [6.5, 3.5, 7.75, 4.375], "texture": "#0"},
				"south": {"uv": [6.5, 0.875, 8, 1.75], "texture": "#0"},
				"west": {"uv": [6.5, 4.375, 7.75, 5.25], "texture": "#0"},
				"up": {"uv": [4.5, 6.75, 3, 5.5], "texture": "#0"},
				"down": {"uv": [6, 5.5, 4.5, 6.75], "texture": "#0"}
			}
		},
		{
			"from": [-2, 12, 8],
			"to": [3, 14, 15],
			"rotation": {"angle": 22.5, "axis": "x", "origin": [0.5, 13, 11]},
			"faces": {
				"north": {"uv": [5.25, 7.375, 5.875, 7.625], "texture": "#0", "tintindex": 0},
				"east": {"uv": [6.5, 5.25, 7.375, 5.5], "texture": "#0", "tintindex": 0},
				"south": {"uv": [0.875, 7.5, 1.5, 7.75], "texture": "#0", "tintindex": 0},
				"west": {"uv": [6.75, 7.25, 7.625, 7.5], "texture": "#0", "tintindex": 0},
				"up": {"uv": [2.125, 7.625, 1.5, 6.75], "texture": "#0", "tintindex": 0},
				"down": {"uv": [2.75, 6.75, 2.125, 7.625], "texture": "#0", "tintindex": 0}
			}
		},
		{
			"from": [13, 12, 8],
			"to": [18, 14, 15],
			"rotation": {"angle": 22.5, "axis": "x", "origin": [15.5, 13, 11]},
			"faces": {
				"north": {"uv": [7.5, 5.5, 8.125, 5.75], "texture": "#0", "tintindex": 0},
				"east": {"uv": [7.375, 5.25, 8.25, 5.5], "texture": "#0", "tintindex": 0},
				"south": {"uv": [7.5, 5.75, 8.125, 6], "texture": "#0", "tintindex": 0},
				"west": {"uv": [0, 7.5, 0.875, 7.75], "texture": "#0", "tintindex": 0},
				"up": {"uv": [3.375, 7.625, 2.75, 6.75], "texture": "#0", "tintindex": 0},
				"down": {"uv": [4, 6.75, 3.375, 7.625], "texture": "#0", "tintindex": 0}
			}
		},
		{
			"from": [2, -9.5, 19],
			"to": [14, 1.5, 19],
			"rotation": {"angle": -22.5, "axis": "x", "origin": [7, -3.5, 17]},
			"faces": {
				"north": {"uv": [5, 2.75, 6.5, 4.125], "texture": "#0", "tintindex": 0},
				"east": {"uv": [0, 0, 0, 1.375], "texture": "#0", "tintindex": 0},
				"south": {"uv": [5, 2.75, 6.5, 4.125], "texture": "#0", "tintindex": 0},
				"west": {"uv": [0, 0, 0, 1.375], "texture": "#0", "tintindex": 0},
				"up": {"uv": [1.5, 0, 0, 0], "texture": "#0", "tintindex": 0},
				"down": {"uv": [1.5, 0, 0, 0], "texture": "#0", "tintindex": 0}
			}
		},
		{
			"from": [5, -1.5, 15],
			"to": [11, 5.5, 20],
			"rotation": {"angle": 0, "axis": "y", "origin": [7, 3.5, 20]},
			"faces": {
				"north": {"uv": [0, 6.625, 0.75, 7.5], "texture": "#0", "tintindex": 0},
				"east": {"uv": [4, 6.75, 4.625, 7.625], "texture": "#0", "tintindex": 0},
				"south": {"uv": [0.75, 6.625, 1.5, 7.5], "texture": "#0", "tintindex": 0},
				"west": {"uv": [4.625, 6.75, 5.25, 7.625], "texture": "#0", "tintindex": 0},
				"up": {"uv": [6, 7.375, 5.25, 6.75], "texture": "#0", "tintindex": 0},
				"down": {"uv": [6.75, 7.25, 6, 7.875], "texture": "#0", "tintindex": 0}
			}
		}
	],
	"display": {
		"gui": {
			"rotation": [30, 225, 0],
			"translation": [2.75, -2.25, 0],
			"scale": [0.5, 0.5, 0.5]
		}
	},
	"groups": [
		{
			"name": "group",
			"origin": [8, 8, 8],
			"color": 0,
			"nbt": "{}",
			"children": [
				0,
				1,
				{
					"name": "group",
					"origin": [8, 8, 8],
					"color": 0,
					"nbt": "{}",
					"children": [
						2,
						3,
						{
							"name": "group",
							"origin": [7, 16, 8],
							"color": 0,
							"nbt": "{}",
							"children": [4, 5]
						}
					]
				},
				{
					"name": "group",
					"origin": [8, 8, 8],
					"color": 0,
					"nbt": "{}",
					"children": [6, 7]
				},
				8,
				9
			]
		}
	],
	"__credit": "Generated using Animated Java (https://animated-java.dev/)"
}