{
	"credit": "Made with Blockbench",
	"parent": "hideaway:display_parents/back",
	"texture_size": [64, 64],
	"textures": {
		"2": "hideaway:back/winter_cape"
	},
	"elements": [
		{
			"from": [0, 15, 6],
			"to": [16, 15, 10],
			"rotation": {"angle": 0, "axis": "y", "origin": [4, 2.5, 6]},
			"faces": {
				"north": {"uv": [0.008, 0.008, 3.992, 0.008], "texture": "#2", "tintindex": 0},
				"east": {"uv": [0.008, 0.008, 0.992, 0.008], "texture": "#2", "tintindex": 0},
				"south": {"uv": [0.008, 0.008, 3.992, 0.008], "texture": "#2", "tintindex": 0},
				"west": {"uv": [0.008, 0.008, 0.992, 0.008], "texture": "#2", "tintindex": 0},
				"up": {"uv": [11.992, 4.992, 8.008, 4.008], "texture": "#2", "tintindex": 0},
				"down": {"uv": [11.992, 5.008, 8.008, 5.992], "texture": "#2", "tintindex": 0}
			}
		},
		{
			"from": [0, 6.77056, 5.15851],
			"to": [16, 14.77056, 5.15851],
			"rotation": {"angle": 22.5, "axis": "x", "origin": [8, 12.77056, 6.15851]},
			"faces": {
				"north": {"uv": [0.008, 8.008, 3.992, 9.992], "texture": "#2", "tintindex": 0},
				"east": {"uv": [0.008, 0.008, 0.008, 1.992], "texture": "#2", "tintindex": 0},
				"south": {"uv": [8.008, 0.008, 11.992, 1.992], "texture": "#2", "tintindex": 0},
				"west": {"uv": [0.008, 0.008, 0.008, 1.992], "texture": "#2", "tintindex": 0},
				"up": {"uv": [3.992, 0.008, 0.008, 0.008], "texture": "#2", "tintindex": 0},
				"down": {"uv": [3.992, 0.008, 0.008, 0.008], "texture": "#2", "tintindex": 0}
			}
		},
		{
			"from": [0, 6.77056, 4.90851],
			"to": [16, 14.77056, 4.90851],
			"rotation": {"angle": 22.5, "axis": "x", "origin": [8, 12.77056, 6.15851]},
			"faces": {
				"north": {"uv": [8.008, 2.008, 11.992, 3.992], "texture": "#2"},
				"east": {"uv": [0.008, 0.008, 0.008, 1.992], "texture": "#2"},
				"south": {"uv": [4.008, 8.008, 7.992, 9.992], "texture": "#2"},
				"west": {"uv": [0.008, 0.008, 0.008, 1.992], "texture": "#2"},
				"up": {"uv": [3.992, 0.008, 0.008, 0.008], "texture": "#2"},
				"down": {"uv": [3.992, 0.008, 0.008, 0.008], "texture": "#2"}
			}
		},
		{
			"from": [0, -7.22982, 10.84056],
			"to": [16, 14.77018, 10.84056],
			"rotation": {"angle": -22.5, "axis": "x", "origin": [8, 12.77018, 9.84056]},
			"faces": {
				"north": {"uv": [0.008, 0.008, 3.992, 5.492], "texture": "#2", "tintindex": 0},
				"east": {"uv": [0.008, 0.008, 0.008, 5.492], "texture": "#2", "tintindex": 0},
				"south": {"uv": [4.008, 0.008, 7.992, 5.492], "texture": "#2", "tintindex": 0},
				"west": {"uv": [0.008, 0.008, 0.008, 5.492], "texture": "#2", "tintindex": 0},
				"up": {"uv": [3.992, 0.008, 0.008, 0.008], "texture": "#2", "tintindex": 0},
				"down": {"uv": [3.992, 0.008, 0.008, 0.008], "texture": "#2", "tintindex": 0}
			}
		},
		{
			"from": [0, -7.22982, 11.09056],
			"to": [16, 2.77018, 11.09056],
			"rotation": {"angle": -22.5, "axis": "x", "origin": [8, 12.77018, 9.84056]},
			"faces": {
				"north": {"uv": [0.008, 5.508, 3.992, 7.992], "texture": "#2"},
				"east": {"uv": [0.008, 0.008, 0.008, 2.492], "texture": "#2"},
				"south": {"uv": [4.008, 5.508, 7.992, 7.992], "texture": "#2"},
				"west": {"uv": [0.008, 0.008, 0.008, 2.492], "texture": "#2"},
				"up": {"uv": [3.992, 0.008, 0.008, 0.008], "texture": "#2"},
				"down": {"uv": [3.992, 0.008, 0.008, 0.008], "texture": "#2"}
			}
		}
	],
	"display": {
		"thirdperson_righthand": {
			"rotation": [72.75, 0, 0]
		},
		"thirdperson_lefthand": {
			"rotation": [72.75, 0, 0]
		},
		"gui": {
			"rotation": [-163, 40, 180],
			"translation": [-1, 1.5, 0],
			"scale": [0.6, 0.6, 0.6]
		}
	}
}