{
	"credit": "Made with Blockbench",
	"parent": "hideaway:display_parents/back",
	"texture_size": [64, 64],
	"textures": {
		"1": "hideaway:back/winter_cape_long",
		"particle": "hideaway:back/winter_cape_long"
	},
	"elements": [
		{
			"from": [0, 15, 6],
			"to": [16, 15, 10],
			"rotation": {"angle": 0, "axis": "y", "origin": [4, 2.5, 6]},
			"faces": {
				"north": {"uv": [0, 0, 4, 0], "texture": "#1", "tintindex": 0},
				"east": {"uv": [0, 0, 1, 0], "texture": "#1", "tintindex": 0},
				"south": {"uv": [0, 0, 4, 0], "texture": "#1", "tintindex": 0},
				"west": {"uv": [0, 0, 1, 0], "texture": "#1", "tintindex": 0},
				"up": {"uv": [12, 9.25, 8, 8.25], "texture": "#1", "tintindex": 0},
				"down": {"uv": [12, 9.25, 8, 10.25], "texture": "#1", "tintindex": 0}
			}
		},
		{
			"from": [7, 6.77056, 5.15851],
			"to": [16, 14.77056, 5.15851],
			"rotation": {"angle": 22.5, "axis": "x", "origin": [8, 12.77056, 6.15851]},
			"faces": {
				"north": {"uv": [5.75, 8, 8, 10], "texture": "#1", "tintindex": 0},
				"east": {"uv": [0, 0, 0, 2], "texture": "#1", "tintindex": 0},
				"south": {"uv": [8, 6.25, 10.25, 8.25], "texture": "#1", "tintindex": 0},
				"west": {"uv": [0, 0, 0, 2], "texture": "#1", "tintindex": 0},
				"up": {"uv": [2.25, 0, 0, 0], "texture": "#1", "tintindex": 0},
				"down": {"uv": [2.25, 0, 0, 0], "texture": "#1", "tintindex": 0}
			}
		},
		{
			"from": [0, -2.22944, 5.15851],
			"to": [7, 14.77056, 5.15851],
			"rotation": {"angle": 22.5, "axis": "x", "origin": [8, 12.77056, 6.15851]},
			"faces": {
				"north": {"uv": [8, 2, 9.75, 6.25], "texture": "#1", "tintindex": 0},
				"east": {"uv": [0, 0, 0, 4.25], "texture": "#1", "tintindex": 0},
				"south": {"uv": [4, 8, 5.75, 12.25], "texture": "#1", "tintindex": 0},
				"west": {"uv": [0, 0, 0, 4.25], "texture": "#1", "tintindex": 0},
				"up": {"uv": [1.75, 0, 0, 0], "texture": "#1", "tintindex": 0},
				"down": {"uv": [1.75, 0, 0, 0], "texture": "#1", "tintindex": 0}
			}
		},
		{
			"from": [0, 6.77056, 4.90851],
			"to": [16, 14.77056, 4.90851],
			"rotation": {"angle": 22.5, "axis": "x", "origin": [8, 12.77056, 6.15851]},
			"faces": {
				"north": {"uv": [0, 8, 4, 10], "texture": "#1"},
				"east": {"uv": [0, 0, 0, 2], "texture": "#1"},
				"south": {"uv": [8, 0, 12, 2], "texture": "#1"},
				"west": {"uv": [0, 0, 0, 2], "texture": "#1"},
				"up": {"uv": [4, 0, 0, 0], "texture": "#1"},
				"down": {"uv": [4, 0, 0, 0], "texture": "#1"}
			}
		},
		{
			"from": [1, -3.22944, 4.90851],
			"to": [7, 4.77056, 4.90851],
			"rotation": {"angle": 22.5, "axis": "x", "origin": [8, 12.77056, 6.15851]},
			"faces": {
				"north": {"uv": [9.75, 2, 11.25, 4], "texture": "#1"},
				"east": {"uv": [0, 0, 0, 2], "texture": "#1"},
				"south": {"uv": [9.75, 4, 11.25, 6], "texture": "#1"},
				"west": {"uv": [0, 0, 0, 2], "texture": "#1"},
				"up": {"uv": [1.5, 0, 0, 0], "texture": "#1"},
				"down": {"uv": [1.5, 0, 0, 0], "texture": "#1"}
			}
		},
		{
			"from": [0, -7.22982, 10.84056],
			"to": [16, 14.77018, 10.84056],
			"rotation": {"angle": -22.5, "axis": "x", "origin": [8, 12.77018, 9.84056]},
			"faces": {
				"north": {"uv": [0, 0, 4, 5.5], "texture": "#1", "tintindex": 0},
				"east": {"uv": [0, 0, 0, 5.5], "texture": "#1", "tintindex": 0},
				"south": {"uv": [4, 0, 8, 5.5], "texture": "#1", "tintindex": 0},
				"west": {"uv": [0, 0, 0, 5.5], "texture": "#1", "tintindex": 0},
				"up": {"uv": [4, 0, 0, 0], "texture": "#1", "tintindex": 0},
				"down": {"uv": [4, 0, 0, 0], "texture": "#1", "tintindex": 0}
			}
		},
		{
			"from": [0, -7.22982, 11.09056],
			"to": [16, 2.77018, 11.09056],
			"rotation": {"angle": -22.5, "axis": "x", "origin": [8, 12.77018, 9.84056]},
			"faces": {
				"north": {"uv": [0, 5.5, 4, 8], "texture": "#1"},
				"east": {"uv": [0, 0, 0, 2.5], "texture": "#1"},
				"south": {"uv": [4, 5.5, 8, 8], "texture": "#1"},
				"west": {"uv": [0, 0, 0, 2.5], "texture": "#1"},
				"up": {"uv": [4, 0, 0, 0], "texture": "#1"},
				"down": {"uv": [4, 0, 0, 0], "texture": "#1"}
			}
		}
	],
	"display": {
		"thirdperson_righthand": {
			"rotation": [72.75, 0, 0]
		},
		"thirdperson_lefthand": {
			"rotation": [72.75, 0, 0]
		},
		"gui": {
			"rotation": [-163, 40, 180],
			"translation": [-0.75, 1.25, 0],
			"scale": [0.6, 0.6, 0.6]
		}
	}
}