{
	"credit": "Made with Blockbench",
	"parent": "hideaway:display_parents/back",
	"texture_size": [32, 32],
	"textures": {
		"2": "hideaway:back/winter_scarf"
	},
	"elements": [
		{
			"from": [3.9, 11.9, 3.9],
			"to": [12.1, 15.1, 12.1],
			"rotation": {"angle": 0, "axis": "y", "origin": [4.2, -1.3, 4.2]},
			"faces": {
				"north": {"uv": [4, 8.5, 8, 10], "texture": "#2", "tintindex": 0},
				"east": {"uv": [4, 10, 8, 11.5], "texture": "#2", "tintindex": 0},
				"south": {"uv": [4, 11.5, 8, 13], "texture": "#2", "tintindex": 0},
				"west": {"uv": [12, 0, 16, 1.5], "texture": "#2", "tintindex": 0},
				"up": {"uv": [4, 8.5, 0, 4.5], "texture": "#2", "tintindex": 0},
				"down": {"uv": [8, 4.5, 4, 8.5], "texture": "#2", "tintindex": 0}
			}
		},
		{
			"from": [3.8, 11.8, 3.8],
			"to": [12.2, 15.2, 12.2],
			"rotation": {"angle": 0, "axis": "y", "origin": [4.4, 4, 4.4]},
			"faces": {
				"north": {"uv": [12, 1.5, 16, 3], "texture": "#2", "tintindex": 0},
				"east": {"uv": [12, 3, 16, 4.5], "texture": "#2", "tintindex": 0},
				"south": {"uv": [12, 4.5, 16, 6], "texture": "#2", "tintindex": 0},
				"west": {"uv": [12, 6, 16, 7.5], "texture": "#2", "tintindex": 0},
				"up": {"uv": [12, 4, 8, 0], "texture": "#2", "tintindex": 0},
				"down": {"uv": [12, 4, 8, 8], "texture": "#2", "tintindex": 0}
			}
		},
		{
			"from": [4, 3, 5.5],
			"to": [12, 12, 5.5],
			"rotation": {"angle": 0, "axis": "y", "origin": [4, 4, 4]},
			"faces": {
				"north": {"uv": [0, 0, 4, 4.5], "texture": "#2", "tintindex": 0},
				"east": {"uv": [0, 0, 0, 4.5], "texture": "#2", "tintindex": 0},
				"south": {"uv": [4, 0, 8, 4.5], "texture": "#2", "tintindex": 0},
				"west": {"uv": [0, 0, 0, 4.5], "texture": "#2", "tintindex": 0},
				"up": {"uv": [4, 0, 0, 0], "texture": "#2", "tintindex": 0},
				"down": {"uv": [4, 0, 0, 0], "texture": "#2", "tintindex": 0}
			}
		},
		{
			"from": [4, 12, 4],
			"to": [12, 15, 12],
			"rotation": {"angle": 0, "axis": "y", "origin": [7, 7, 7]},
			"faces": {
				"north": {"uv": [12, 7.5, 16, 9], "texture": "#2", "tintindex": 0},
				"east": {"uv": [8, 12, 12, 13.5], "texture": "#2", "tintindex": 0},
				"south": {"uv": [12, 9, 16, 10.5], "texture": "#2", "tintindex": 0},
				"west": {"uv": [12, 10.5, 16, 12], "texture": "#2", "tintindex": 0},
				"up": {"uv": [12, 12, 8, 8], "texture": "#2", "tintindex": 0},
				"down": {"uv": [4, 8.5, 0, 12.5], "texture": "#2", "tintindex": 0}
			}
		}
	],
	"display": {
		"gui": {
			"rotation": [22.5, -26.25, 0],
			"translation": [0, -2.5, 0]
		}
	}
}