{
	"credit": "Made with Blockbench",
	"parent": "hideaway:display_parents/back",
	"texture_size": [64, 64],
	"textures": {
		"3": "hideaway:back/wirt_cape"
	},
	"elements": [
		{
			"from": [-1, -7.25, 9.5],
			"to": [17, 13.75, 10.5],
			"rotation": {"angle": -22.5, "axis": "x", "origin": [8, 14.75, 9.75]},
			"faces": {
				"east": {"uv": [0, 5.25, 0.25, 10.5], "texture": "#3"},
				"south": {"uv": [0, 0, 4.5, 5.25], "texture": "#3"},
				"west": {"uv": [0.25, 5.25, 0.5, 10.5], "texture": "#3"},
				"up": {"uv": [5.5, 5.5, 1, 5.25], "texture": "#3"}
			}
		},
		{
			"name": "cube inverted",
			"from": [17, 13.75, 10.5],
			"to": [-1, -7.25, 9.5],
			"rotation": {"angle": -22.5, "axis": "x", "origin": [8, 14.75, 9.75]},
			"faces": {
				"north": {"uv": [4.5, 0, 9, 5.25], "texture": "#3"},
				"east": {"uv": [0.5, 5.25, 0.75, 10.5], "texture": "#3"},
				"west": {"uv": [0.75, 5.25, 1, 10.5], "texture": "#3"},
				"down": {"uv": [5.5, 5.5, 1, 5.75], "texture": "#3"}
			}
		}
	],
	"display": {
		"thirdperson_righthand": {
			"rotation": [62, 180, 0],
			"translation": [0, -0.75, -0.5],
			"scale": [0.2, 0.2, 0.2]
		},
		"thirdperson_lefthand": {
			"rotation": [62, 180, 0],
			"translation": [0, -0.75, -0.5],
			"scale": [0.2, 0.2, 0.2]
		},
		"firstperson_righthand": {
			"rotation": [0, -72, 0],
			"translation": [16.75, -6, -12.25]
		},
		"firstperson_lefthand": {
			"rotation": [0, -72, 0],
			"translation": [16.75, -6, -12.25]
		},
		"gui": {
			"rotation": [30, 45, 0],
			"translation": [-2, 0.5, 0],
			"scale": [0.44, 0.44, 0.44]
		}
	},
	"groups": [
		{
			"name": "group",
			"origin": [8, 8, 8],
			"color": 0,
			"nbt": "{}",
			"armAnimationEnabled": false,
			"children": [0, 1]
		}
	],
	"__credit": "Generated using Animated Java (https://animated-java.dev/)"
}