{
	"credit": "by w11shes",
	"parent": "hideaway:display_parents/back",
	"textures": {
		"0": "hideaway:back/wolf_tail",
		"particle": "hideaway:back/wolf_tail"
	},
	"elements": [
		{
			"from": [7, 1, 10],
			"to": [10, 9, 13],
			"rotation": {"angle": 0, "axis": "y", "origin": [0, -8, 4]},
			"faces": {
				"north": {"uv": [5, 5, 8, 13], "texture": "#0", "tintindex": 0},
				"east": {"uv": [8, 5, 11, 13], "texture": "#0", "tintindex": 0},
				"south": {"uv": [11, 0, 14, 8], "texture": "#0", "tintindex": 0},
				"west": {"uv": [11, 8, 14, 16], "texture": "#0", "tintindex": 0},
				"up": {"uv": [3, 15, 0, 12], "texture": "#0", "tintindex": 0},
				"down": {"uv": [6, 13, 3, 16], "texture": "#0", "tintindex": 0}
			}
		},
		{
			"from": [6, -9, 9],
			"to": [11, 3, 14],
			"rotation": {"angle": -45, "axis": "x", "origin": [0, 3, 11.5]},
			"faces": {
				"north": {"uv": [0.06, 0.06, 4.94, 11.94], "texture": "#0", "tintindex": 0},
				"east": {"uv": [0.06, 0.06, 4.94, 11.94], "texture": "#0", "tintindex": 0},
				"south": {"uv": [0.06, 0.06, 4.94, 11.94], "texture": "#0", "tintindex": 0},
				"west": {"uv": [0.06, 0.06, 4.94, 11.94], "texture": "#0", "tintindex": 0},
				"up": {"uv": [9.94, 4.94, 5.06, 0.06], "texture": "#0", "tintindex": 0}
			}
		},
		{
			"from": [11, 3, 14],
			"to": [6, -9, 9],
			"rotation": {"angle": -45, "axis": "x", "origin": [1.5, 3, 11.5]},
			"faces": {
				"north": {"uv": [0.06, 11.94, 4.94, 0.06], "texture": "#0", "tintindex": 0},
				"east": {"uv": [0.06, 11.94, 4.94, 0.06], "texture": "#0", "tintindex": 0},
				"south": {"uv": [0.06, 11.94, 4.94, 0.06], "texture": "#0", "tintindex": 0},
				"west": {"uv": [0.06, 11.94, 4.94, 0.06], "texture": "#0", "tintindex": 0},
				"down": {"uv": [9.94, 4.94, 5.06, 0.06], "texture": "#0"}
			}
		}
	],
	"display": {
		"gui": {
			"rotation": [30, 45, 0],
			"translation": [-3.5, 6.75, 0],
			"scale": [0.8, 0.8, 0.8]
		}
	},
	"__credit": "Generated using Animated Java (https://animated-java.dev/)"
}