{
	"credit": "Made by CookiesNom with Blockbench",
	"parent": "hideaway:display_parents/back",
	"texture_size": [64, 64],
	"textures": {
		"0": "hideaway:back/world_explorer_bag",
		"particle": "hideaway:back/world_explorer_bag"
	},
	"elements": [
		{
			"from": [11.31703, 7.53912, 12],
			"to": [13.31703, 10.53912, 14],
			"rotation": {"angle": -22.5, "axis": "z", "origin": [13.31703, 6.53912, 11]},
			"faces": {
				"north": {"uv": [5.258, 7.508, 5.742, 8.242], "texture": "#0"},
				"east": {"uv": [10.258, 5.758, 10.742, 6.492], "texture": "#0"},
				"south": {"uv": [6.508, 10.258, 6.992, 10.992], "texture": "#0"},
				"west": {"uv": [10.258, 6.508, 10.742, 7.242], "texture": "#0"},
				"up": {"uv": [10.992, 2.992, 10.508, 2.508], "texture": "#0"},
				"down": {"uv": [10.992, 7.758, 10.508, 8.242], "texture": "#0"}
			}
		},
		{
			"from": [11.46703, 7.68912, 12.15],
			"to": [13.16703, 15.38912, 13.85],
			"rotation": {"angle": -22.5, "axis": "z", "origin": [13.31703, 6.53912, 11]},
			"faces": {
				"north": {"uv": [6.508, 8.258, 6.992, 10.242], "texture": "#0"},
				"east": {"uv": [4.508, 8.508, 4.992, 10.492], "texture": "#0"},
				"south": {"uv": [7.008, 9.008, 7.492, 10.992], "texture": "#0"},
				"west": {"uv": [7.508, 9.008, 7.992, 10.992], "texture": "#0"},
				"up": {"uv": [10.992, 9.742, 10.508, 9.258], "texture": "#0"},
				"down": {"uv": [10.992, 9.758, 10.508, 10.242], "texture": "#0"}
			}
		},
		{
			"from": [11.31703, 12.53912, 12],
			"to": [13.31703, 13.53912, 14],
			"rotation": {"angle": -22.5, "axis": "z", "origin": [13.31703, 6.53912, 11]},
			"faces": {
				"north": {"uv": [5.758, 6.508, 6.242, 6.742], "texture": "#0"},
				"east": {"uv": [7.508, 5.008, 7.992, 5.242], "texture": "#0"},
				"south": {"uv": [10.758, 9.008, 11.242, 9.242], "texture": "#0"},
				"west": {"uv": [10.508, 10.758, 10.992, 10.992], "texture": "#0"},
				"up": {"uv": [11.242, 1.242, 10.758, 0.758], "texture": "#0"},
				"down": {"uv": [11.242, 1.258, 10.758, 1.742], "texture": "#0"}
			}
		},
		{
			"from": [18.67367, 10.53873, 12],
			"to": [18.67367, 13.53873, 14],
			"rotation": {"angle": 22.5, "axis": "z", "origin": [18.67367, 6.53873, 11]},
			"faces": {
				"north": {"uv": [0.008, 0.008, 0.008, 0.742], "texture": "#0"},
				"east": {"uv": [10.508, 3.508, 10.992, 4.242], "texture": "#0"},
				"south": {"uv": [0.008, 0.008, 0.008, 0.742], "texture": "#0"},
				"west": {"uv": [10.508, 4.258, 10.992, 4.992], "texture": "#0"},
				"up": {"uv": [0.008, 0.492, 0.008, 0.008], "texture": "#0"},
				"down": {"uv": [0.008, 0.008, 0.008, 0.492], "texture": "#0"}
			}
		},
		{
			"from": [4, 2, 14],
			"to": [12, 8, 18],
			"rotation": {"angle": 0, "axis": "y", "origin": [4, 3, 15]},
			"faces": {
				"north": {"uv": [6.258, 5.258, 8.242, 6.742], "texture": "#0"},
				"east": {"uv": [2.508, 8.508, 3.492, 9.992], "texture": "#0"},
				"south": {"uv": [1.258, 6.508, 3.242, 7.992], "texture": "#0"},
				"west": {"uv": [3.508, 8.508, 4.492, 9.992], "texture": "#0"},
				"up": {"uv": [9.242, 7.742, 7.258, 6.758], "texture": "#0"},
				"down": {"uv": [5.242, 7.508, 3.258, 8.492], "texture": "#0"}
			}
		},
		{
			"from": [13, 4, 10.5],
			"to": [15, 7, 14.5],
			"rotation": {"angle": 0, "axis": "y", "origin": [4, 3, 15]},
			"faces": {
				"north": {"uv": [4.508, 10.508, 4.992, 11.242], "texture": "#0"},
				"east": {"uv": [1.008, 9.258, 1.992, 9.992], "texture": "#0"},
				"south": {"uv": [10.508, 5.008, 10.992, 5.742], "texture": "#0"},
				"west": {"uv": [9.258, 3.008, 10.242, 3.742], "texture": "#0"},
				"up": {"uv": [10.492, 5.742, 10.008, 4.758], "texture": "#0"},
				"down": {"uv": [10.492, 9.508, 10.008, 10.492], "texture": "#0"}
			}
		},
		{
			"from": [15.5, 5.5, 11.5],
			"to": [15.5, 6.5, 13.5],
			"rotation": {"angle": 0, "axis": "y", "origin": [4, 3, 15]},
			"faces": {
				"north": {"uv": [0.008, 0.008, 0.008, 0.242], "texture": "#0"},
				"east": {"uv": [3.508, 11.008, 3.992, 11.242], "texture": "#0"},
				"south": {"uv": [0.008, 0.008, 0.008, 0.242], "texture": "#0"},
				"west": {"uv": [11.008, 3.508, 11.492, 3.742], "texture": "#0"},
				"up": {"uv": [0.008, 0.492, 0.008, 0.008], "texture": "#0"},
				"down": {"uv": [0.008, 0.008, 0.008, 0.492], "texture": "#0"}
			}
		},
		{
			"from": [0.5, 9.5, 11.5],
			"to": [0.5, 10.5, 13.5],
			"rotation": {"angle": 0, "axis": "y", "origin": [12, 7, 15]},
			"faces": {
				"north": {"uv": [0.008, 0.008, 0.008, 0.242], "texture": "#0"},
				"east": {"uv": [11.492, 3.508, 11.008, 3.742], "texture": "#0"},
				"south": {"uv": [0.008, 0.008, 0.008, 0.242], "texture": "#0"},
				"west": {"uv": [3.992, 11.008, 3.508, 11.242], "texture": "#0"},
				"up": {"uv": [0.008, 0.492, 0.008, 0.008], "texture": "#0"},
				"down": {"uv": [0.008, 0.008, 0.008, 0.492], "texture": "#0"}
			}
		},
		{
			"from": [12.85, 5.85, 10.35],
			"to": [15.15, 7.15, 14.65],
			"rotation": {"angle": 0, "axis": "y", "origin": [4, 3, 15]},
			"faces": {
				"north": {"uv": [11.008, 3.008, 11.492, 3.242], "texture": "#0"},
				"east": {"uv": [10.758, 1.758, 11.742, 1.992], "texture": "#0"},
				"south": {"uv": [11.008, 3.258, 11.492, 3.492], "texture": "#0"},
				"west": {"uv": [8.508, 10.758, 9.492, 10.992], "texture": "#0"},
				"up": {"uv": [0.492, 11.242, 0.008, 10.258], "texture": "#0"},
				"down": {"uv": [0.992, 10.258, 0.508, 11.242], "texture": "#0"}
			}
		},
		{
			"from": [0.85, 9.85, 10.35],
			"to": [3.15, 11.15, 14.65],
			"rotation": {"angle": 0, "axis": "y", "origin": [12, 7, 15]},
			"faces": {
				"north": {"uv": [11.492, 3.008, 11.008, 3.242], "texture": "#0"},
				"east": {"uv": [9.492, 10.758, 8.508, 10.992], "texture": "#0"},
				"south": {"uv": [11.492, 3.258, 11.008, 3.492], "texture": "#0"},
				"west": {"uv": [11.742, 1.758, 10.758, 1.992], "texture": "#0"},
				"up": {"uv": [0.008, 11.242, 0.492, 10.258], "texture": "#0"},
				"down": {"uv": [0.508, 10.258, 0.992, 11.242], "texture": "#0"}
			}
		},
		{
			"from": [1, 8, 10.5],
			"to": [3, 11, 14.5],
			"rotation": {"angle": 0, "axis": "y", "origin": [12, 7, 15]},
			"faces": {
				"north": {"uv": [4.992, 10.508, 4.508, 11.242], "texture": "#0"},
				"east": {"uv": [10.242, 3.008, 9.258, 3.742], "texture": "#0"},
				"south": {"uv": [10.992, 5.008, 10.508, 5.742], "texture": "#0"},
				"west": {"uv": [1.992, 9.258, 1.008, 9.992], "texture": "#0"},
				"up": {"uv": [10.008, 5.742, 10.492, 4.758], "texture": "#0"},
				"down": {"uv": [10.008, 9.508, 10.492, 10.492], "texture": "#0"}
			}
		},
		{
			"from": [3.85, 5.85, 14.85],
			"to": [12.15, 8.15, 18.15],
			"rotation": {"angle": 0, "axis": "y", "origin": [4, 3, 15]},
			"faces": {
				"north": {"uv": [8.758, 1.008, 10.742, 1.492], "texture": "#0"},
				"east": {"uv": [2.508, 8.008, 3.242, 8.492], "texture": "#0"},
				"south": {"uv": [8.758, 1.508, 10.742, 1.992], "texture": "#0"},
				"west": {"uv": [10.258, 3.008, 10.992, 3.492], "texture": "#0"},
				"up": {"uv": [10.242, 6.742, 8.258, 6.008], "texture": "#0"},
				"down": {"uv": [10.492, 7.758, 8.508, 8.492], "texture": "#0"}
			}
		},
		{
			"from": [7, 5, 18.5],
			"to": [9, 7, 18.5],
			"rotation": {"angle": 0, "axis": "y", "origin": [4, 3, 15]},
			"faces": {
				"north": {"uv": [10.008, 10.508, 10.492, 10.992], "texture": "#0"},
				"east": {"uv": [0.008, 0.008, 0.008, 0.492], "texture": "#0"},
				"south": {"uv": [10.508, 10.258, 10.992, 10.742], "texture": "#0"},
				"west": {"uv": [0.008, 0.008, 0.008, 0.492], "texture": "#0"},
				"up": {"uv": [0.492, 0.008, 0.008, 0.008], "texture": "#0"},
				"down": {"uv": [0.492, 0.008, 0.008, 0.008], "texture": "#0"}
			}
		},
		{
			"from": [3, 3, 10],
			"to": [13, 14, 15],
			"rotation": {"angle": 0, "axis": "y", "origin": [4, 9, 10]},
			"faces": {
				"north": {"uv": [0.008, 0.008, 2.492, 2.742], "texture": "#0"},
				"east": {"uv": [5.008, 0.008, 6.242, 2.742], "texture": "#0"},
				"south": {"uv": [2.508, 0.008, 4.992, 2.742], "texture": "#0"},
				"west": {"uv": [0.008, 5.258, 1.242, 7.992], "texture": "#0"},
				"up": {"uv": [3.742, 6.492, 1.258, 5.258], "texture": "#0"},
				"down": {"uv": [6.242, 5.258, 3.758, 6.492], "texture": "#0"}
			}
		},
		{
			"from": [7, 9, 15.5],
			"to": [9, 11, 15.5],
			"rotation": {"angle": 0, "axis": "y", "origin": [4, 9, 10]},
			"faces": {
				"north": {"uv": [10.758, 8.508, 11.242, 8.992], "texture": "#0"},
				"east": {"uv": [0.008, 0.008, 0.008, 0.492], "texture": "#0"},
				"south": {"uv": [9.508, 10.758, 9.992, 11.242], "texture": "#0"},
				"west": {"uv": [0.008, 0.008, 0.008, 0.492], "texture": "#0"},
				"up": {"uv": [0.492, 0.008, 0.008, 0.008], "texture": "#0"},
				"down": {"uv": [0.492, 0.008, 0.008, 0.008], "texture": "#0"}
			}
		},
		{
			"from": [0.85, 5.85, 11.85],
			"to": [3.15, 7.15, 14.15],
			"rotation": {"angle": -22.5, "axis": "x", "origin": [1.375, 5.75, 13]},
			"faces": {
				"north": {"uv": [11.008, 0.008, 11.492, 0.242], "texture": "#0"},
				"east": {"uv": [11.008, 0.258, 11.492, 0.492], "texture": "#0"},
				"south": {"uv": [11.008, 0.508, 11.492, 0.742], "texture": "#0"},
				"west": {"uv": [11.008, 2.508, 11.492, 2.742], "texture": "#0"},
				"up": {"uv": [5.492, 11.242, 5.008, 10.758], "texture": "#0"},
				"down": {"uv": [5.992, 10.758, 5.508, 11.242], "texture": "#0"}
			}
		},
		{
			"from": [1.15, 4.15, 12.15],
			"to": [2.85, 6.85, 13.85],
			"rotation": {"angle": -22.5, "axis": "x", "origin": [1.375, 5.75, 13]},
			"faces": {
				"north": {"uv": [8.008, 10.258, 8.492, 10.992], "texture": "#0"},
				"east": {"uv": [10.258, 8.508, 10.742, 9.242], "texture": "#0"},
				"south": {"uv": [10.508, 0.008, 10.992, 0.742], "texture": "#0"},
				"west": {"uv": [2.008, 10.508, 2.492, 11.242], "texture": "#0"},
				"up": {"uv": [11.242, 6.242, 10.758, 5.758], "texture": "#0"},
				"down": {"uv": [6.492, 10.758, 6.008, 11.242], "texture": "#0"}
			}
		},
		{
			"from": [1, 1, 11],
			"to": [3, 5, 15],
			"rotation": {"angle": -22.5, "axis": "x", "origin": [1.375, 5.75, 13]},
			"faces": {
				"north": {"uv": [9.258, 6.758, 9.742, 7.742], "texture": "#0"},
				"east": {"uv": [9.008, 2.008, 9.992, 2.992], "texture": "#0"},
				"south": {"uv": [9.508, 5.008, 9.992, 5.992], "texture": "#0"},
				"west": {"uv": [0.008, 9.258, 0.992, 10.242], "texture": "#0"},
				"up": {"uv": [10.242, 7.742, 9.758, 6.758], "texture": "#0"},
				"down": {"uv": [10.242, 8.508, 9.758, 9.492], "texture": "#0"}
			}
		},
		{
			"from": [0.85, 2.45, 10.85],
			"to": [3.15, 3.55, 15.15],
			"rotation": {"angle": -22.5, "axis": "x", "origin": [1.375, 5.75, 13]},
			"faces": {
				"north": {"uv": [11.008, 2.758, 11.492, 2.992], "texture": "#0"},
				"east": {"uv": [6.508, 5.008, 7.492, 5.242], "texture": "#0"},
				"south": {"uv": [3.008, 11.008, 3.492, 11.242], "texture": "#0"},
				"west": {"uv": [10.508, 8.258, 11.492, 8.492], "texture": "#0"},
				"up": {"uv": [10.492, 0.992, 10.008, 0.008], "texture": "#0"},
				"down": {"uv": [10.492, 2.008, 10.008, 2.992], "texture": "#0"}
			}
		},
		{
			"from": [0.75, 2, 12],
			"to": [0.75, 4, 14],
			"rotation": {"angle": -22.5, "axis": "x", "origin": [1.375, 5.75, 13]},
			"faces": {
				"north": {"uv": [0.008, 0.008, 0.008, 0.492], "texture": "#0"},
				"east": {"uv": [10.758, 6.258, 11.242, 6.742], "texture": "#0"},
				"south": {"uv": [0.008, 0.008, 0.008, 0.492], "texture": "#0"},
				"west": {"uv": [10.758, 6.758, 11.242, 7.242], "texture": "#0"},
				"up": {"uv": [0.008, 0.492, 0.008, 0.008], "texture": "#0"},
				"down": {"uv": [0.008, 0.008, 0.008, 0.492], "texture": "#0"}
			}
		},
		{
			"from": [2.75, 9.75, 9.75],
			"to": [13.25, 14.25, 15.25],
			"rotation": {"angle": 0, "axis": "y", "origin": [4, 9, 10]},
			"faces": {
				"north": {"uv": [6.508, 2.508, 8.992, 3.492], "texture": "#0"},
				"east": {"uv": [8.508, 8.508, 9.742, 9.492], "texture": "#0"},
				"south": {"uv": [3.258, 6.508, 5.742, 7.492], "texture": "#0"},
				"west": {"uv": [8.758, 0.008, 9.992, 0.992], "texture": "#0"},
				"up": {"uv": [8.742, 1.242, 6.258, 0.008], "texture": "#0"},
				"down": {"uv": [8.742, 1.258, 6.258, 2.492], "texture": "#0"}
			}
		},
		{
			"from": [1.75, 14.25, 11.25],
			"to": [14.25, 18.75, 15.75],
			"rotation": {"angle": 0, "axis": "y", "origin": [5, 14, 10]},
			"faces": {
				"north": {"uv": [0.008, 2.758, 3.242, 3.992], "texture": "#0", "tintindex": 0},
				"east": {"uv": [7.258, 7.758, 8.492, 8.992], "texture": "#0", "tintindex": 0},
				"south": {"uv": [3.258, 2.758, 6.492, 3.992], "texture": "#0", "tintindex": 0},
				"west": {"uv": [0.008, 8.008, 1.242, 9.242], "texture": "#0", "tintindex": 0},
				"up": {"uv": [3.242, 5.242, 0.008, 4.008], "texture": "#0", "tintindex": 0},
				"down": {"uv": [6.492, 4.008, 3.258, 5.242], "texture": "#0", "tintindex": 0}
			}
		},
		{
			"from": [10, 14, 11],
			"to": [12, 19, 16],
			"rotation": {"angle": 0, "axis": "y", "origin": [5, 14, 10]},
			"faces": {
				"north": {"uv": [8.008, 9.008, 8.492, 10.242], "texture": "#0"},
				"east": {"uv": [1.258, 8.008, 2.492, 9.242], "texture": "#0"},
				"south": {"uv": [2.008, 9.258, 2.492, 10.492], "texture": "#0"},
				"west": {"uv": [8.008, 3.508, 9.242, 4.742], "texture": "#0"},
				"up": {"uv": [9.992, 4.992, 9.508, 3.758], "texture": "#0"},
				"down": {"uv": [5.492, 9.508, 5.008, 10.742], "texture": "#0"}
			}
		},
		{
			"from": [4, 14, 11],
			"to": [6, 19, 16],
			"rotation": {"angle": 0, "axis": "y", "origin": [-1, 14, 10]},
			"faces": {
				"north": {"uv": [9.508, 9.508, 9.992, 10.742], "texture": "#0"},
				"east": {"uv": [8.258, 4.758, 9.492, 5.992], "texture": "#0"},
				"south": {"uv": [1.008, 10.008, 1.492, 11.242], "texture": "#0"},
				"west": {"uv": [5.258, 8.258, 6.492, 9.492], "texture": "#0"},
				"up": {"uv": [1.992, 11.242, 1.508, 10.008], "texture": "#0"},
				"down": {"uv": [2.992, 10.008, 2.508, 11.242], "texture": "#0"}
			}
		},
		{
			"from": [4, 12.18992, 16.95578],
			"to": [6, 16.18992, 16.95578],
			"rotation": {"angle": -22.5, "axis": "x", "origin": [8, 13.68992, 16.95578]},
			"faces": {
				"north": {"uv": [3.008, 10.008, 3.492, 10.992], "texture": "#0"},
				"east": {"uv": [0.008, 0.008, 0.008, 0.992], "texture": "#0"},
				"south": {"uv": [3.508, 10.008, 3.992, 10.992], "texture": "#0"},
				"west": {"uv": [0.008, 0.008, 0.008, 0.992], "texture": "#0"},
				"up": {"uv": [0.492, 0.008, 0.008, 0.008], "texture": "#0"},
				"down": {"uv": [0.492, 0.008, 0.008, 0.008], "texture": "#0"}
			}
		},
		{
			"from": [10, 12.18992, 16.95578],
			"to": [12, 16.18992, 16.95578],
			"rotation": {"angle": -22.5, "axis": "x", "origin": [14, 13.68992, 16.95578]},
			"faces": {
				"north": {"uv": [10.008, 3.758, 10.492, 4.742], "texture": "#0"},
				"east": {"uv": [0.008, 0.008, 0.008, 0.992], "texture": "#0"},
				"south": {"uv": [4.008, 10.008, 4.492, 10.992], "texture": "#0"},
				"west": {"uv": [0.008, 0.008, 0.008, 0.992], "texture": "#0"},
				"up": {"uv": [0.492, 0.008, 0.008, 0.008], "texture": "#0"},
				"down": {"uv": [0.492, 0.008, 0.008, 0.008], "texture": "#0"}
			}
		},
		{
			"from": [4, 9, 16],
			"to": [6, 14, 16],
			"rotation": {"angle": 0, "axis": "y", "origin": [5, 14, 10]},
			"faces": {
				"north": {"uv": [5.508, 9.508, 5.992, 10.742], "texture": "#0"},
				"east": {"uv": [0.008, 0.008, 0.008, 1.242], "texture": "#0"},
				"south": {"uv": [6.008, 9.508, 6.492, 10.742], "texture": "#0"},
				"west": {"uv": [0.008, 0.008, 0.008, 1.242], "texture": "#0"},
				"up": {"uv": [0.492, 0.008, 0.008, 0.008], "texture": "#0"},
				"down": {"uv": [0.492, 0.008, 0.008, 0.008], "texture": "#0"}
			}
		},
		{
			"from": [10, 9, 16],
			"to": [12, 14, 16],
			"rotation": {"angle": 0, "axis": "y", "origin": [5, 14, 10]},
			"faces": {
				"north": {"uv": [8.508, 9.508, 8.992, 10.742], "texture": "#0"},
				"east": {"uv": [0.008, 0.008, 0.008, 1.242], "texture": "#0"},
				"south": {"uv": [9.008, 9.508, 9.492, 10.742], "texture": "#0"},
				"west": {"uv": [0.008, 0.008, 0.008, 1.242], "texture": "#0"},
				"up": {"uv": [0.492, 0.008, 0.008, 0.008], "texture": "#0"},
				"down": {"uv": [0.492, 0.008, 0.008, 0.008], "texture": "#0"}
			}
		}
	],
	"display": {
		"gui": {
			"rotation": [30, 45, 0],
			"translation": [-2.5, 0, 0],
			"scale": [0.73, 0.73, 0.73]
		}
	}
}