{
	"providers": [
		{
			"type": "space",
			"advances": {
				" ": 4,
				"\u200c": 0
			}
		},
		{
			"type": "bitmap",
			"file": "hideaway:unicode/chars/multi_line_ascii_ascent.png",
			"ascent": -14,
			"height": 48,
			"chars": [
				"\u0030\u0031\u0032\u0033\u0034\u0035\u0036\u0037\u0038\u0039\u0041\u0042\u0043\u0044\u0045\u0046",
				"\u0047\u0048\u0049\u004a\u004b\u004c\u004d\u004e\u004f\u0050\u0051\u0052\u0053\u0054\u0055\u0056",
				"\u0057\u0058\u0059\u005a\u0061\u0062\u0063\u0064\u0065\u0066\u0067\u0068\u0069\u006a\u006b\u006c",
				"\u006d\u006e\u006f\u0070\u0071\u0072\u0073\u0074\u0075\u0076\u0077\u0078\u0079\u007a\u007e\u0021",
				"\u0040\u0023\u0024\u0025\u0026\u0027\u0028\u0029\u002a\u002b\u002c\u002d\u002e\u002f\u0022\u0060",
				"\u003a\u003b\u003c\u003d\u003e\u003f\u005b\u005c\u005d\u005e\u005f\u007b\u007c\u007d\u0000\u0000"
			]
		},
		{
			"type": "bitmap",
			"file": "hideaway:unicode/chars/multi_line_ascii_special_ascent.png",
			"ascent": -13,
			"height": 49,
			"chars": [
				"\u00E9\u0000\u0000\u0000\u0000\u0000\u0000\u0000\u0000\u0000\u0000\u0000\u0000\u0000\u0000\u0000"
			]
		},
		{
			"type": "bitmap",
			"file": "hideaway:unicode/chars/emoji_ascent.png",
			"ascent": -13,
			"height": 48,
			"chars": [
				"\uE690\uE691\uE692\uE693\uE694\uE695\uE696\uE697\uE698\uE699\uE69A\uE69B\uE69C\uE69D\uE69E\uE69F",
				"\uE6A0\uE6A1\uE6A2\uE6A3\uE6A4\uE6A5\uE6A6\uE6A7\uE6A8\uE6A9\uE6AA\uE6AB\uE6AC\uE6AD\uE6AE\uE6AF",
				"\uE6B0\uE6B1\uE6B2\uE6B3\uE6B4\uE6B5\uE6B6\uE6B7\uE6B8\uE6B9\uE6BA\uE6BB\uE6BC\uE6BD\uE6BE\uE6BF",
				"\uE6C0\uE6C1\uE6C2\uE6C3\uE6C4\uE6C5\uE6C6\uE6C7\uE6C8\uE6C9\uE6CA\uE6CB\uE6CC\uE6CD\uE6CE\uE6CF",
				"\uE6D0\uE6D1\uE6D2\uE6D3\uE6D4\uE6D5\uE6D6\uE6D7\uE6D8\uE6D9\u0000\u0000\u0000\u0000\u0000\u0000"
			]
		},
		{
			"type": "bitmap",
			"file": "hideaway:unicode/chars/emoji_wide_ascent.png",
			"ascent": -13,
			"height": 48,
			"chars": [
				"\uE6DA\uE6DB\uE6DC\uE6DD\uE6DE\u0000\u0000\u0000\u0000\u0000"
			]
		}
	]
}