{
	"providers": [
		{
			"type": "space",
			"advances": {
				" ": 4,
				"\u200c": 0
			}
		},
		{
			"type": "bitmap",
			"file": "hideaway:unicode/gather_quest/halloween/bar_segment.png",
			"ascent": -28,
			"height": 4,
			"chars": [
				"\uE02F\uE030"
			]
		},
		{
			"type": "bitmap",
			"file": "hideaway:unicode/gather_quest/halloween/challenge_claim.png",
			"ascent": -5,
			"height": 35,
			"chars": [
				"\uE031"
			]
		},
		{
			"type": "bitmap",
			"file": "hideaway:unicode/gather_quest/halloween/multiplier.png",
			"ascent": -16,
			"height": 9,
			"chars": [
				"\uE036"
			]
		},
		{
			"type": "bitmap",
			"file": "hideaway:unicode/gather_quest/halloween/challenge_claimed.png",
			"ascent": -5,
			"height": 35,
			"chars": [
				"\uE03F"
			]
		},
		{
			"type": "bitmap",
			"file": "hideaway:unicode/gather_quest/mushroom/bar_segment.png",
			"ascent": -28,
			"height": 4,
			"chars": [
				"\uE042\uE043"
			]
		},
		{
			"type": "bitmap",
			"file": "hideaway:unicode/gather_quest/mushroom/challenge_claim.png",
			"ascent": -5,
			"height": 35,
			"chars": [
				"\uE044"
			]
		},
		{
			"type": "bitmap",
			"file": "hideaway:unicode/gather_quest/mushroom/multiplier.png",
			"ascent": -16,
			"height": 9,
			"chars": [
				"\uE049"
			]
		},
		{
			"type": "bitmap",
			"file": "hideaway:unicode/gather_quest/mushroom/challenge_claimed.png",
			"ascent": -5,
			"height": 35,
			"chars": [
				"\uE04C"
			]
		},
		{
			"type": "bitmap",
			"file": "hideaway:unicode/gather_quest/snow_spirit/bar_segment.png",
			"ascent": -28,
			"height": 4,
			"chars": [
				"\uE04F\uE050"
			]
		},
		{
			"type": "bitmap",
			"file": "hideaway:unicode/gather_quest/snow_spirit/challenge_claim.png",
			"ascent": -5,
			"height": 35,
			"chars": [
				"\uE051"
			]
		},
		{
			"type": "bitmap",
			"file": "hideaway:unicode/gather_quest/snow_spirit/multiplier.png",
			"ascent": -16,
			"height": 9,
			"chars": [
				"\uE056"
			]
		},
		{
			"type": "bitmap",
			"file": "hideaway:unicode/gather_quest/snow_spirit/challenge_claimed.png",
			"ascent": -5,
			"height": 35,
			"chars": [
				"\uE059"
			]
		},
		{
			"type": "bitmap",
			"file": "hideaway:unicode/gather_quest/creepy_candy/bar_segment.png",
			"ascent": -28,
			"height": 4,
			"chars": [
				"\uE7E4\uE7E5"
			]
		},
		{
			"type": "bitmap",
			"file": "hideaway:unicode/gather_quest/creepy_candy/challenge_claim.png",
			"ascent": -5,
			"height": 35,
			"chars": [
				"\uE7E6"
			]
		},
		{
			"type": "bitmap",
			"file": "hideaway:unicode/gather_quest/creepy_candy/multiplier.png",
			"ascent": -16,
			"height": 9,
			"chars": [
				"\uE7EB"
			]
		},
		{
			"type": "bitmap",
			"file": "hideaway:unicode/gather_quest/creepy_candy/challenge_claimed.png",
			"ascent": -5,
			"height": 35,
			"chars": [
				"\uE7EE"
			]
		},
		{
			"type": "bitmap",
			"file": "hideaway:unicode/gather_quest/lunar/bar_segment.png",
			"ascent": -28,
			"height": 4,
			"chars": [
				"\uE7FC\uE7FD"
			]
		},
		{
			"type": "bitmap",
			"file": "hideaway:unicode/gather_quest/lunar/challenge_claim.png",
			"ascent": -5,
			"height": 35,
			"chars": [
				"\uE7FE"
			]
		},
		{
			"type": "bitmap",
			"file": "hideaway:unicode/gather_quest/lunar/multiplier.png",
			"ascent": -16,
			"height": 9,
			"chars": [
				"\uE803"
			]
		},
		{
			"type": "bitmap",
			"file": "hideaway:unicode/gather_quest/lunar/challenge_claimed.png",
			"ascent": -5,
			"height": 35,
			"chars": [
				"\uE806"
			]
		}
	]
}