{
	"providers": [
		{
			"type": "space",
			"advances": {
				" ": 4,
				"\u200c": 0
			}
		},
		{
			"type": "bitmap",
			"file": "hideaway:unicode/progression_journal/badge.png",
			"ascent": -5,
			"height": 32,
			"chars": [
				"\uE6E3\uE6E4\uE6E5\uE6E6\uE6E7\uE6E8\uE6E9\uE6EA\uE6EB\uE6EC",
				"\uE6ED\uE6EE\uE6EF\uE6F0\uE6F1\uE6F2\uE6F3\uE6F4\uE6F5\uE6F6",
				"\uE6F7\uE6F8\uE6F9\uE6FA\uE6FB\uE6FC\uE6FD\uE6FE\uE6FF\uE700",
				"\uE701\uE702\uE703\uE704\uE705\uE706\uE707\uE708\uE709\uE70A",
				"\uE70B\uE70C\uE70D\uE70E\uE70F\uE710\uE711\uE712\uE713\uE714",
				"\uE715\uE716\uE717\uE718\uE719\uE71A\uE71B\uE71C\uE71D\uE71E",
				"\uE71F\uE720\uE721\uE722\uE723\uE724\uE725\uE726\uE727\uE728",
				"\uE729\uE72A\uE72B\uE72C\uE72D\uE72E\uE72F\uE730\uE731\uE732",
				"\uE733\uE734\uE735\uE736\uE737\uE738\uE739\uE73A\uE73B\uE73C",
				"\uE73D\uE73E\uE73F\uE740\uE741\uE742\uE743\uE744\uE745\uE746"
			]
		}
	]
}